eg_nummer;titel;text_angabe;melodie_angabe;melodie_aufgeloest;melodie_beleg;text_in_app;text_status;text_begruendung;melodie_status;melodie_begruendung;kategorie;wikipedia_artikel;wikipedia_revid;wikipedia_score_bloecke;beste_notenquelle;fundstelle;format;umfang;lizenz;nutzbarkeit;uebereinstimmung;empfehlung
1;Macht hoch die Tür;Georg Weissel (1623);Johann Anastasius Freylinghausen , Halle (1704);Johann Anastasius Freylinghausen , Halle (1704);Angabe in eg_lieder.json;ja;gemeinfrei;Georg Weissel (1590–1635, Wikidata Q711157);gemeinfrei;"Johann Anastasius Freylinghausen (1670–1739, Wikidata Q73193); Halle (Werkjahr 1704)";1;Macht hoch die Tür;270515756;1;Wikimedia Commons (MIDI, Peter Gerloff);https://commons.wikimedia.org/wiki/File%3AMacht_hoch_die_T%C3%BCr%2C_die_Tor_macht_weit.mid;MIDI;"mehrstimmiger Satz; Melodie in der Oberstimme";Public domain;frei integrierbar;"laut Dateibeschreibung zum EG-Lied; Fassung am Gesangbuch gegenlesen";Melodie aus der MIDI-Oberstimme als ABC setzen, an EG-Fassung gegenlesen.
2;Er ist die rechte Freudensonn (Kanon);Georg Weissel (1623);Paul Ernst Ruppel (1955);Paul Ernst Ruppel (1955);Angabe in eg_lieder.json;ja;gemeinfrei;Georg Weissel (1590–1635, Wikidata Q711157);geschuetzt;Paul Ernst Ruppel (1913–2006, Wikidata Q2059450);2;Er ist die rechte Freudensonn;271189543;1;Wikipedia (LilyPond im Artikeltext);https://de.wikipedia.org/w/index.php?oldid=271189543;LilyPond (<score>);je Artikel verschieden (Melodie oder Satz);CC BY-SA 4.0;nicht ohne Lizenz (Melodie geschützt);nicht geprüft;"Keine Noten übernehmen; Rechteinhaber/Verlag anfragen oder verzichten."
3;Gott, heilger Schöpfer aller Stern;Thomas Müntzer (1523);Kempten (1000) , AÖL (1971);Kempten (1000) , AÖL (1971);Angabe in eg_lieder.json;ja;gemeinfrei;Thomas Müntzer (1489–1525, Wikidata Q153981);ungeklaert;"Kempten (Werkjahr 1000); AÖL (1971, Urheber nicht ermittelt)";4;Gott, heilger Schöpfer aller Stern;270145183;0;Wikimedia Commons (MIDI, Peter Gerloff);https://commons.wikimedia.org/wiki/File%3AGott%2C_heilger_Sch%C3%B6pfer_aller_Stern.mid;MIDI;"mehrstimmiger Satz; Melodie in der Oberstimme";CC0;ungeklärt;"laut Dateibeschreibung zum EG-Lied; Fassung am Gesangbuch gegenlesen";Urheber und Sterbejahr der Melodie klären, erst dann Quelle prüfen.
4;Nun komm, der Heiden Heiland;Martin Luther (1524);Martin Luther (1524);Martin Luther (1524);Angabe in eg_lieder.json;ja;gemeinfrei;Martin Luther (1483–1546, Wikidata Q9554);gemeinfrei;Martin Luther (1483–1546, Wikidata Q9554);1;Nun komm, der Heiden Heiland;269920291;1;Wikimedia Commons (MIDI, Peter Gerloff);https://commons.wikimedia.org/wiki/File%3ANun_komm%2C_der_Heiden_Heiland.mid;MIDI;"mehrstimmiger Satz; Melodie in der Oberstimme";CC BY-SA 3.0;unter Bedingungen nutzbar (Namensnennung, ggf. Weitergabe unter gleichen Bedingungen);"laut Dateibeschreibung zum EG-Lied; Fassung am Gesangbuch gegenlesen";"Als Vorlage für eigenen Notensatz nutzen; bei Übernahme der Datei Lizenzhinweis führen."
5;Gottes Sohn ist kommen;Böhmische Brüder (1544);Hohenfurt (1410) , Böhmische Brüder (1501);Hohenfurt (1410) , Böhmische Brüder (1501);Angabe in eg_lieder.json;ja;gemeinfrei;Böhmische Brüder (Werkjahr 1544);gemeinfrei;"Hohenfurt (Werkjahr 1410); Böhmische Brüder (Werkjahr 1501)";1;Gottes Sohn ist kommen;261884132;0;Wikimedia Commons (MIDI, Peter Gerloff);https://commons.wikimedia.org/wiki/File%3AGottes_Sohn_ist_kommen.mid;MIDI;"mehrstimmiger Satz; Melodie in der Oberstimme";CC0;frei integrierbar;"laut Dateibeschreibung zum EG-Lied; Fassung am Gesangbuch gegenlesen";Melodie aus der MIDI-Oberstimme als ABC setzen, an EG-Fassung gegenlesen.
6;Ihr lieben Christen, freut euch nun;Erasmus Alber (1546);Steht auf, ihr lieben Kinderlein;Nikolaus Herman (1560);Verweis auf EG 442;ja;gemeinfrei;Erasmus Alber (1500–1553, Wikidata Q68091);gemeinfrei;Nikolaus Herman (1500–1561, Wikidata Q71706);1;Ihr lieben Christen, freut euch nun;261802644;0;Wikimedia Commons (MIDI, Peter Gerloff);https://commons.wikimedia.org/wiki/File%3ASteht_auf%2C_ihr_lieben_Kinderlein.mid;MIDI;"mehrstimmiger Satz; Melodie in der Oberstimme";CC0;frei integrierbar;"laut Dateibeschreibung zum EG-Lied; Fassung am Gesangbuch gegenlesen";Melodie aus der MIDI-Oberstimme als ABC setzen, an EG-Fassung gegenlesen.
7;O Heiland, reiß die Himmel auf;Friedrich Spee von Langenfeld (1622) , David Gregor Corner (1631);Köln (1638) , Augsburg (1666);Köln (1638) , Augsburg (1666);Angabe in eg_lieder.json;ja;gemeinfrei;"Friedrich Spee von Langenfeld (1591–1635, Wikidata Q77283); David Gregor Corner (1587–1648, Wikidata Q91467)";gemeinfrei;"Köln (Werkjahr 1638); Augsburg (Werkjahr 1666)";1;O Heiland, reiß die Himmel auf;262883906;1;Wikimedia Commons (MIDI, Peter Gerloff);https://commons.wikimedia.org/wiki/File%3AO_Heiland%2C_rei%C3%9F_die_Himmel_auf.mid;MIDI;"mehrstimmiger Satz; Melodie in der Oberstimme";CC0;frei integrierbar;"laut Dateibeschreibung zum EG-Lied; Fassung am Gesangbuch gegenlesen";Melodie aus der MIDI-Oberstimme als ABC setzen, an EG-Fassung gegenlesen.
8;Es kommt ein Schiff, geladen;Straßburg (1450) , Daniel Sudermann (1626);Köln (1608);Köln (1608);Angabe in eg_lieder.json;ja;gemeinfrei;"Straßburg (Werkjahr 1450); Daniel Sudermann (1550–1631, Wikidata Q110882)";gemeinfrei;Köln (Werkjahr 1608);1;Es kommt ein Schiff, geladen;266130537;1;Wikimedia Commons (MIDI, Peter Gerloff);https://commons.wikimedia.org/wiki/File%3AEs_kommt_ein_Schiff%2C_geladen.mid;MIDI;"mehrstimmiger Satz; Melodie in der Oberstimme";CC0;frei integrierbar;"laut Dateibeschreibung zum EG-Lied; Fassung am Gesangbuch gegenlesen";Melodie aus der MIDI-Oberstimme als ABC setzen, an EG-Fassung gegenlesen.
9;Nun jauchzet, all ihr Frommen;Michael Schirmer (1640);Eisleben (1598) , Johann Crüger (1640) , Bartholomäus Helder (1648);Eisleben (1598) , Johann Crüger (1640) , Bartholomäus Helder (1648);Angabe in eg_lieder.json;ja;gemeinfrei;Michael Schirmer (1606–1673, Wikidata Q77479);gemeinfrei;"Eisleben (Werkjahr 1598); Johann Crüger (1598–1662, Wikidata Q158097); Bartholomäus Helder (1585–1635, Wikidata Q28525785)";1;Nun jauchzet, all ihr Frommen;262821398;0;Wikimedia Commons (MIDI, Peter Gerloff);https://commons.wikimedia.org/wiki/File%3AAus_meines_Herzens_Grunde.mid;MIDI;"mehrstimmiger Satz; Melodie in der Oberstimme";CC0;frei integrierbar;"laut Dateibeschreibung zum EG-Lied; Fassung am Gesangbuch gegenlesen";Melodie aus der MIDI-Oberstimme als ABC setzen, an EG-Fassung gegenlesen.
10;Mit Ernst, o Menschenkinder;Valentin Thilo jun. (1642) , Lüneburg (1657);Von Gott will ich nicht lassen;Lyon (1557) , Erfurt (1563);Verweis auf EG 365;ja;gemeinfrei;"Valentin Thilo jun. (1579–1620, Wikidata Q100203 oder 1607–1662, Wikidata Q84975); Lüneburg (Werkjahr 1657)";gemeinfrei;"Lyon (Werkjahr 1557); Erfurt (Werkjahr 1563)";1;Mit Ernst, o Menschenkinder;269915439;1;Wikimedia Commons (MIDI, Peter Gerloff);https://commons.wikimedia.org/wiki/File%3AVon_Gott_will_ich_nicht_lassen.mid;MIDI;"mehrstimmiger Satz; Melodie in der Oberstimme";CC0;frei integrierbar;"laut Dateibeschreibung zum EG-Lied; Fassung am Gesangbuch gegenlesen";Melodie aus der MIDI-Oberstimme als ABC setzen, an EG-Fassung gegenlesen.
11;Wie soll ich dich empfangen;Paul Gerhardt (1653);Melchior Teschner (1614) , Johann Crüger (1653);Melchior Teschner (1614) , Johann Crüger (1653);Angabe in eg_lieder.json;ja;gemeinfrei;Paul Gerhardt (1607–1676, Wikidata Q76331);gemeinfrei;"Melchior Teschner (1584–1635, Wikidata Q92388); Johann Crüger (1598–1662, Wikidata Q158097)";1;Wie soll ich dich empfangen;269923575;1;Wikimedia Commons (MIDI, Peter Gerloff);https://commons.wikimedia.org/wiki/File%3AWie_soll_ich_dich_empfangen.mid;MIDI;"mehrstimmiger Satz; Melodie in der Oberstimme";CC0;frei integrierbar;"laut Dateibeschreibung zum EG-Lied; Fassung am Gesangbuch gegenlesen";Melodie aus der MIDI-Oberstimme als ABC setzen, an EG-Fassung gegenlesen.
12;Gott sei Dank durch alle Welt;Heinrich Held (1658);Frankfurt (1659) , Halle (1704) , Johann Georg Stötzel (1744);Frankfurt (1659) , Halle (1704) , Johann Georg Stötzel (1744);Angabe in eg_lieder.json;ja;gemeinfrei;Heinrich Held (1620–1659, Wikidata Q1597567);gemeinfrei;"Frankfurt (Werkjahr 1659); Halle (Werkjahr 1704); Johann Georg Stötzel (Werkjahr 1744)";1;Gott sei Dank durch alle Welt;261884163;0;Wikimedia Commons (MIDI, Peter Gerloff);https://commons.wikimedia.org/wiki/File%3AGott_sei_Dank_durch_alle_Welt.mid;MIDI;"mehrstimmiger Satz; Melodie in der Oberstimme";CC0;frei integrierbar;"laut Dateibeschreibung zum EG-Lied; Fassung am Gesangbuch gegenlesen";Melodie aus der MIDI-Oberstimme als ABC setzen, an EG-Fassung gegenlesen.
13;Tochter Zion, freue dich;Friedrich Heinrich Ranke (1820);Georg Friedrich Händel (1747);Georg Friedrich Händel (1747);Angabe in eg_lieder.json;ja;gemeinfrei;Friedrich Heinrich Ranke (1798–1876, Wikidata Q1459614);gemeinfrei;Georg Friedrich Händel (1685–1759, Wikidata Q7302);1;Tochter Zion, freue dich;270118385;1;Wikimedia Commons (MIDI, Peter Gerloff);https://commons.wikimedia.org/wiki/File%3ATochter_Zion%2C_freue_dich.mid;MIDI;"mehrstimmiger Satz; Melodie in der Oberstimme";Public domain;frei integrierbar;nicht geprüft;Melodie aus der MIDI-Oberstimme als ABC setzen, an EG-Fassung gegenlesen.
14;Dein König kommt in niedern Hüllen;Friedrich Rückert (1834);Johannes Zahn (1853) , Eduard Hille (1884);Johannes Zahn (1853) , Eduard Hille (1884);Angabe in eg_lieder.json;ja;gemeinfrei;Friedrich Rückert (1788–1866, Wikidata Q60644);gemeinfrei;"Johannes Zahn (1817–1895, Wikidata Q78273 oder 1828–1905, Wikidata Q1698668); Eduard Hille (1822–1891, Wikidata Q94860374)";1;Dein König kommt in niedern Hüllen;265183429;0;Wikimedia Commons (MIDI, Peter Gerloff);https://commons.wikimedia.org/wiki/File%3ADein_K%C3%B6nig_kommt.mid;MIDI;"mehrstimmiger Satz; Melodie in der Oberstimme";CC0;frei integrierbar;"laut Dateibeschreibung zum EG-Lied; Fassung am Gesangbuch gegenlesen";Melodie aus der MIDI-Oberstimme als ABC setzen, an EG-Fassung gegenlesen.
15;Tröstet, tröstet, spricht der Herr;Aus der Bibel , Waldemar Rode (1937);Hans Friedrich Micheelsen (1938);Hans Friedrich Micheelsen (1938);Angabe in eg_lieder.json;ja;geschuetzt;"Aus der Bibel (ohne Jahr, Urheber nicht ermittelt); Waldemar Rode (1903–1960, Wikidata Q1529569)";geschuetzt;Hans Friedrich Micheelsen (1902–1973, Wikidata Q1579600);6;„Tröstet, tröstet“, spricht der Herr;261884178;0;;;;;;nicht ohne Lizenz (Melodie geschützt);;"Keine Noten übernehmen; Rechteinhaber/Verlag anfragen oder verzichten."
16;Die Nacht ist vorgedrungen;Jochen Klepper (1938);Johannes Petzold (1939);Johannes Petzold (1939);Angabe in eg_lieder.json;ja;gemeinfrei;Jochen Klepper (1903–1942, Wikidata Q76329);geschuetzt;Johannes Petzold (1912–1985, Wikidata Q1698147);2;Die Nacht ist vorgedrungen;265962482;0;;;;;;nicht ohne Lizenz (Melodie geschützt);;"Keine Noten übernehmen; Rechteinhaber/Verlag anfragen oder verzichten."
17;Wir sagen euch an den lieben Advent;Maria Ferschl (1954);Heinrich Rohr (1954);Heinrich Rohr (1954);Angabe in eg_lieder.json;nein;geschuetzt;Maria Ferschl (1895–1982, Wikidata Q1895860);geschuetzt;Heinrich Rohr (1902–1997, Wikidata Q113583 oder 1888–1969, Wikidata Q1598674);6;Wir sagen euch an den lieben Advent;258908570;0;;;;;;nicht ohne Lizenz (Melodie geschützt);;"Keine Noten übernehmen; Rechteinhaber/Verlag anfragen oder verzichten."
18;Seht, die gute Zeit ist nah (Kanon);Friedrich Walz (1972);Tschechien;Tschechien;Angabe in eg_lieder.json;nein;geschuetzt;Friedrich Walz (1932–1984, Wikidata Q51331629);ungeklaert;Tschechien (ohne Jahr, Urheber nicht ermittelt);5;Seht, die gute Zeit ist nah;198711981;0;Wikimedia Commons (MIDI, Peter Gerloff);https://commons.wikimedia.org/wiki/File%3ASeht%2C_die_gute_Zeit_ist_nah.mid;MIDI;"mehrstimmiger Satz; Melodie in der Oberstimme";CC0;ungeklärt;"laut Dateibeschreibung zum EG-Lied; Fassung am Gesangbuch gegenlesen";Urheber und Sterbejahr der Melodie klären, erst dann Quelle prüfen.
19;O komm, o komm, du Morgenstern;Otmar Schulz (1975);Thomas Helmore (1856);Thomas Helmore (1856);Angabe in eg_lieder.json;nein;geschuetzt;Otmar Schulz (1938–2023, Wikidata Q1249177);gemeinfrei;Thomas Helmore (1811–1890, Wikidata Q246073);3;Veni, veni, Emmanuel;263119569;0;Wikimedia Commons (MIDI, Peter Gerloff);https://commons.wikimedia.org/wiki/File%3AVeni%2C_veni%2C_Emmanuel.mid;MIDI;"mehrstimmiger Satz; Melodie in der Oberstimme";CC0;frei integrierbar;nicht geprüft;Melodie aus der MIDI-Oberstimme als ABC setzen, an EG-Fassung gegenlesen.
20;Das Volk, das noch im Finstern wandelt;Jürgen Henkys (1981);Frits Mehrtens (1959) , Maria Lohuus (1989);Frits Mehrtens (1959) , Maria Lohuus (1989);Angabe in eg_lieder.json;nein;geschuetzt;Jürgen Henkys (1929–2015, Wikidata Q110422);geschuetzt;"Frits Mehrtens (1922–1975, Wikidata Q2460520); Maria Lohuus (Werkjahr 1989)";6;Das Volk, das noch im Finstern wandelt;262430682;0;;;;;;nicht ohne Lizenz (Melodie geschützt);;"Keine Noten übernehmen; Rechteinhaber/Verlag anfragen oder verzichten."
21;Seht auf und erhebt eure Häupter;Aus der Bibel;Volker Ochs (1980);Volker Ochs (1980);Angabe in eg_lieder.json;ja;ungeklaert;Aus der Bibel (ohne Jahr, Urheber nicht ermittelt);geschuetzt;Volker Ochs (1929–2018, Wikidata Q1282223);5;Seht auf und erhebt eure Häupter;267320735;0;;;;;;nicht ohne Lizenz (Melodie geschützt);;"Keine Noten übernehmen; Rechteinhaber/Verlag anfragen oder verzichten."
22;Nun sei uns willkommen, Herre Christ;Aachen (1400);Walter Rein (1934);Walter Rein (1934);Angabe in eg_lieder.json;ja;gemeinfrei;Aachen (Werkjahr 1400);gemeinfrei;Walter Rein (1893–1955, Wikidata Q2470719);1;Sei uns willkommen, Herre Christ;261818500;2;Wikipedia (LilyPond im Artikeltext);https://de.wikipedia.org/w/index.php?oldid=261818500;LilyPond (<score>);je Artikel verschieden (Melodie oder Satz);CC BY-SA 4.0;unter Bedingungen nutzbar (Namensnennung, ggf. Weitergabe unter gleichen Bedingungen);nicht geprüft;"Als Vorlage für eigenen Notensatz nutzen; bei Übernahme der Datei Lizenzhinweis führen."
23;Gelobet seist du, Jesu Christ;Medingen (1380) , Martin Luther (1524);Medingen (1460) , Wittenberg (1524);Medingen (1460) , Wittenberg (1524);Angabe in eg_lieder.json;ja;gemeinfrei;"Medingen (Werkjahr 1380); Martin Luther (1483–1546, Wikidata Q9554)";gemeinfrei;"Medingen (Werkjahr 1460); Wittenberg (Werkjahr 1524)";1;Gelobet seist du, Jesu Christ;270877253;1;Wikimedia Commons (MIDI, Peter Gerloff);https://commons.wikimedia.org/wiki/File%3AGelobet_seist_du%2C_Jesu_Christ.mid;MIDI;"mehrstimmiger Satz; Melodie in der Oberstimme";CC BY-SA 3.0;unter Bedingungen nutzbar (Namensnennung, ggf. Weitergabe unter gleichen Bedingungen);"laut Dateibeschreibung zum EG-Lied; Fassung am Gesangbuch gegenlesen";"Als Vorlage für eigenen Notensatz nutzen; bei Übernahme der Datei Lizenzhinweis führen."
24;Vom Himmel hoch, da komm ich her;Martin Luther (1535);Martin Luther (1539);Martin Luther (1539);Angabe in eg_lieder.json;ja;gemeinfrei;Martin Luther (1483–1546, Wikidata Q9554);gemeinfrei;Martin Luther (1483–1546, Wikidata Q9554);1;Vom Himmel hoch, da komm ich her;266531795;0;Wikimedia Commons (MIDI, Peter Gerloff);https://commons.wikimedia.org/wiki/File%3AVom_Himmel_hoch%2C_da_komm_ich_her_%28EG%29.mid;MIDI;"mehrstimmiger Satz; Melodie in der Oberstimme";CC0;frei integrierbar;"laut Dateibeschreibung zum EG-Lied; Fassung am Gesangbuch gegenlesen";Melodie aus der MIDI-Oberstimme als ABC setzen, an EG-Fassung gegenlesen.
25;Vom Himmel kam der Engel Schar;Martin Luther (1543);Vom Himmel hoch, da komm ich her;Martin Luther (1539);Verweis auf EG 24;ja;gemeinfrei;Martin Luther (1483–1546, Wikidata Q9554);gemeinfrei;Martin Luther (1483–1546, Wikidata Q9554);1;Vom Himmel kam der Engel Schar;250948403;0;Wikimedia Commons (MIDI, Peter Gerloff);https://commons.wikimedia.org/wiki/File%3AVom_Himmel_hoch%2C_da_komm_ich_her_%28EG%29.mid;MIDI;"mehrstimmiger Satz; Melodie in der Oberstimme";CC0;frei integrierbar;"gleiche Melodie laut Melodieverweis; Textverteilung prüfen";Melodie aus der MIDI-Oberstimme als ABC setzen, an EG-Fassung gegenlesen.
26;Ehre sei Gott in der Höhe (Kanon);Aus der Bibel;Ludwig Ernst Gebhardi (1830) , Hermann Rauhe (1990);Ludwig Ernst Gebhardi (1830) , Hermann Rauhe (1990);Angabe in eg_lieder.json;ja;ungeklaert;Aus der Bibel (ohne Jahr, Urheber nicht ermittelt);geschuetzt;"Ludwig Ernst Gebhardi (1787–1862, Wikidata Q18628840); Hermann Rauhe (1930–, Wikidata Q1612419)";4;Ehre sei Gott in der Höhe (Gebhardi);235281319;0;Wikimedia Commons (MIDI, Peter Gerloff);https://commons.wikimedia.org/wiki/File%3AEhre_sei_Gott_in_der_H%C3%B6he_%28Kanon%2C_Gebhardi%29.mid;MIDI;"mehrstimmiger Satz; Melodie in der Oberstimme";CC0;nicht ohne Lizenz (Melodie geschützt);nicht geprüft;"Keine Noten übernehmen; Rechteinhaber/Verlag anfragen oder verzichten."
27;Lobt Gott, ihr Christen alle gleich (allzugleich);Nikolaus Herman (1550);Nikolaus Herman (1554);Nikolaus Herman (1554);Angabe in eg_lieder.json;ja;gemeinfrei;Nikolaus Herman (1500–1561, Wikidata Q71706);gemeinfrei;Nikolaus Herman (1500–1561, Wikidata Q71706);1;Lobt Gott, ihr Christen alle gleich;262201616;1;Wikimedia Commons (MIDI, Peter Gerloff);https://commons.wikimedia.org/wiki/File%3ALobt_Gott%2C_ihr_Christen_alle_gleich.mid;MIDI;"mehrstimmiger Satz; Melodie in der Oberstimme";CC0;frei integrierbar;"laut Dateibeschreibung zum EG-Lied; Fassung am Gesangbuch gegenlesen";Melodie aus der MIDI-Oberstimme als ABC setzen, an EG-Fassung gegenlesen.
28;Also hat Gott die Welt geliebt;Aus der Bibel;Volker Ochs (1980);Volker Ochs (1980);Angabe in eg_lieder.json;ja;ungeklaert;Aus der Bibel (ohne Jahr, Urheber nicht ermittelt);geschuetzt;Volker Ochs (1929–2018, Wikidata Q1282223);5;Also hat Gott die Welt geliebt (Liedruf);237476022;0;;;;;;nicht ohne Lizenz (Melodie geschützt);;"Keine Noten übernehmen; Rechteinhaber/Verlag anfragen oder verzichten."
29;Den die Hirten lobeten sehre (Quem pastores laudavere);Nikolaus Herman (1560) , Matthäus Ludecus (1589);Hohenfurt (1450) , Prag (1541) , Valentin Triller (1555);Hohenfurt (1450) , Prag (1541) , Valentin Triller (1555);Angabe in eg_lieder.json;ja;gemeinfrei;"Nikolaus Herman (1500–1561, Wikidata Q71706); Matthäus Ludecus (1517–1606, Wikidata Q1910537)";gemeinfrei;"Hohenfurt (Werkjahr 1450); Prag (Werkjahr 1541); Valentin Triller (1493–1579, Wikidata Q100378)";1;Quem pastores laudavere;262922252;1;Wikimedia Commons (MIDI, Peter Gerloff);https://commons.wikimedia.org/wiki/File%3ADen_die_Hirten_lobeten_sehre.mid;MIDI;"mehrstimmiger Satz; Melodie in der Oberstimme";CC0;frei integrierbar;"laut Dateibeschreibung zum EG-Lied; Fassung am Gesangbuch gegenlesen";Melodie aus der MIDI-Oberstimme als ABC setzen, an EG-Fassung gegenlesen.
30;Es ist ein Ros entsprungen;Mainz (1585) , Trier (1587) , Friedrich Layritz (1844);Köln (1599);Köln (1599);Angabe in eg_lieder.json;ja;gemeinfrei;"Mainz (Werkjahr 1585); Trier (Werkjahr 1587); Friedrich Layritz (1808–1859, Wikidata Q1460697)";gemeinfrei;Köln (Werkjahr 1599);1;Es ist ein Ros entsprungen;270412355;1;Wikimedia Commons (MIDI, Peter Gerloff);https://commons.wikimedia.org/wiki/File%3AEs_ist_ein_Ros_entsprungen_%28Kanon_von_Melchior_Vulpius%29.mid | https://commons.wikimedia.org/wiki/File%3AEs_ist_ein_Ros_entsprungen.mid;MIDI;"mehrstimmiger Satz; Melodie in der Oberstimme";CC0;frei integrierbar;"laut Dateibeschreibung zum EG-Lied; Fassung am Gesangbuch gegenlesen";Melodie aus der MIDI-Oberstimme als ABC setzen, an EG-Fassung gegenlesen.
31;Es ist ein Ros entsprungen (Kanon);Mainz (1587) , Fritz Jöde (1926);Melchior Vulpius;Melchior Vulpius;Angabe in eg_lieder.json;ja;geschuetzt;"Mainz (Werkjahr 1587); Fritz Jöde (1887–1970, Wikidata Q896478)";gemeinfrei;Melchior Vulpius (1570–1615, Wikidata Q702277);3;;;0;Wikimedia Commons (MIDI, Peter Gerloff);https://commons.wikimedia.org/wiki/File%3AEs_ist_ein_Ros_entsprungen_%28Kanon_von_Melchior_Vulpius%29.mid | https://commons.wikimedia.org/wiki/File%3AEs_ist_ein_Ros_entsprungen.mid;MIDI;"mehrstimmiger Satz; Melodie in der Oberstimme";CC0;frei integrierbar;nicht geprüft;Melodie aus der MIDI-Oberstimme als ABC setzen, an EG-Fassung gegenlesen.
32;Zu Bethlehem geboren ist uns ein Kindelein;Friedrich Spee von Langenfeld (1637);Paris (1599) , Köln (1638);Paris (1599) , Köln (1638);Angabe in eg_lieder.json;ja;gemeinfrei;Friedrich Spee von Langenfeld (1591–1635, Wikidata Q77283);gemeinfrei;"Paris (Werkjahr 1599); Köln (Werkjahr 1638)";1;Zu Bethlehem geboren;252973153;1;Wikimedia Commons (MIDI, Peter Gerloff);https://commons.wikimedia.org/wiki/File%3AZu_Betlehem_geboren.mid;MIDI;"mehrstimmiger Satz; Melodie in der Oberstimme";CC0;frei integrierbar;"laut Dateibeschreibung zum EG-Lied; Fassung am Gesangbuch gegenlesen";Melodie aus der MIDI-Oberstimme als ABC setzen, an EG-Fassung gegenlesen.
33;Brich an, du schönes Morgenlicht;Johann Rist (1641);Johann Schop (1641) , Wolfgang Carl Briegel (1687);Johann Schop (1641) , Wolfgang Carl Briegel (1687);Angabe in eg_lieder.json;ja;gemeinfrei;Johann Rist (1607–1667, Wikidata Q66615);gemeinfrei;"Johann Schop (1590–1667, Wikidata Q657445); Wolfgang Carl Briegel (1626–1712, Wikidata Q1523127)";1;;;0;Wikimedia Commons (MIDI, Peter Gerloff);https://commons.wikimedia.org/wiki/File%3ABrich_an%2C_du_sch%C3%B6nes_Morgenlicht.mid;MIDI;"mehrstimmiger Satz; Melodie in der Oberstimme";CC0;frei integrierbar;"laut Dateibeschreibung zum EG-Lied; Fassung am Gesangbuch gegenlesen";Melodie aus der MIDI-Oberstimme als ABC setzen, an EG-Fassung gegenlesen.
34;Freuet euch, ihr Christen alle;Christian Keimann (1645);Andreas Hammerschmidt (1646);Andreas Hammerschmidt (1646);Angabe in eg_lieder.json;ja;gemeinfrei;Christian Keimann (1607–1662, Wikidata Q105294);gemeinfrei;Andreas Hammerschmidt (1611–1675, Wikidata Q497864);1;;;0;;;;;;Melodie gemeinfrei, Notenquelle fehlt;;Melodie aus gemeinfreiem Gesangbuchdruck (z. B. Zahn) selbst setzen.
35;Nun singet und seid froh;Hannover (1646);Wittenberg (1529);Wittenberg (1529);Angabe in eg_lieder.json;ja;gemeinfrei;Hannover (Werkjahr 1646);gemeinfrei;Wittenberg (Werkjahr 1529);1;In dulci jubilo;252321459;0;Wikimedia Commons (MIDI, Peter Gerloff);https://commons.wikimedia.org/wiki/File%3ANun_singet_und_seid_froh.mid;MIDI;"mehrstimmiger Satz; Melodie in der Oberstimme";CC0;frei integrierbar;"laut Dateibeschreibung zum EG-Lied; Fassung am Gesangbuch gegenlesen";Melodie aus der MIDI-Oberstimme als ABC setzen, an EG-Fassung gegenlesen.
36;Fröhlich soll mein Herze springen;Paul Gerhardt (1653);Johann Crüger (1653);Johann Crüger (1653);Angabe in eg_lieder.json;ja;gemeinfrei;Paul Gerhardt (1607–1676, Wikidata Q76331);gemeinfrei;Johann Crüger (1598–1662, Wikidata Q158097);1;Fröhlich soll mein Herze springen;269264355;0;Wikimedia Commons (MIDI, Peter Gerloff);https://commons.wikimedia.org/wiki/File%3AFr%C3%B6hlich_soll_mein_Herze_springen.mid;MIDI;"mehrstimmiger Satz; Melodie in der Oberstimme";CC0;frei integrierbar;"laut Dateibeschreibung zum EG-Lied; Fassung am Gesangbuch gegenlesen";Melodie aus der MIDI-Oberstimme als ABC setzen, an EG-Fassung gegenlesen.
37;Ich steh an deiner Krippen hier;Paul Gerhardt (1653);Johann Sebastian Bach (1736);Johann Sebastian Bach (1736);Angabe in eg_lieder.json;ja;gemeinfrei;Paul Gerhardt (1607–1676, Wikidata Q76331);gemeinfrei;Johann Sebastian Bach (1685–1750, Wikidata Q1339);1;Ich steh an deiner Krippen hier;262965566;1;Wikimedia Commons (MIDI, Peter Gerloff);https://commons.wikimedia.org/wiki/File%3AIch_steh_an_deiner_Krippe_hier%2C_o_Jesu.mid;MIDI;"mehrstimmiger Satz; Melodie in der Oberstimme";Public domain;frei integrierbar;nicht geprüft;Melodie aus der MIDI-Oberstimme als ABC setzen, an EG-Fassung gegenlesen.
38;Wunderbarer Gnadenthron, Gottes und Marien Sohn;Johannes Olearius (1665);Da Christus geboren war;Böhmische Brüder (1544);manuell (manual_overrides.json);ja;gemeinfrei;Johannes Olearius (1546–1623, Wikidata Q1250101 oder 1611–1684, Wikidata Q87418 oder 1639–1713, Wikidata Q1698108);gemeinfrei;Böhmische Brüder (Werkjahr 1544);1;;;0;Wikimedia Commons (MIDI, Peter Gerloff);https://commons.wikimedia.org/wiki/File%3AWunderbarer_Gnadenthron.mid;MIDI;"mehrstimmiger Satz; Melodie in der Oberstimme";CC0;frei integrierbar;"laut Dateibeschreibung zum EG-Lied; Fassung am Gesangbuch gegenlesen";Melodie aus der MIDI-Oberstimme als ABC setzen, an EG-Fassung gegenlesen.
39;Kommt und lasst uns Christus ehren;Paul Gerhardt (1667);Den die Hirten lobeten sehre (Quem pastores laudavere);Hohenfurt (1450) , Prag (1541) , Valentin Triller (1555);Verweis auf EG 29;ja;gemeinfrei;Paul Gerhardt (1607–1676, Wikidata Q76331);gemeinfrei;"Hohenfurt (Werkjahr 1450); Prag (Werkjahr 1541); Valentin Triller (1493–1579, Wikidata Q100378)";1;Kommt und lasst uns Christum ehren;259289448;0;Wikimedia Commons (MIDI, Peter Gerloff);https://commons.wikimedia.org/wiki/File%3ADen_die_Hirten_lobeten_sehre.mid | https://commons.wikimedia.org/wiki/File%3AH%C3%B6rt%2C_es_singt_und_klingt_mit_Schalle.mid;MIDI;"mehrstimmiger Satz; Melodie in der Oberstimme";CC0;frei integrierbar;"laut Dateibeschreibung zum EG-Lied; Fassung am Gesangbuch gegenlesen";Melodie aus der MIDI-Oberstimme als ABC setzen, an EG-Fassung gegenlesen.
40;Dies ist die Nacht, da mir erschienen;Kaspar Friedrich Nachtenhöfer (1684);Georg Joseph (1657) , Johann Balthasar Reimann (1747) , Johann Gottfried Schicht (1823) , Theodor Werner (1922);Georg Joseph (1657) , Johann Balthasar Reimann (1747) , Johann Gottfried Schicht (1823) , Theodor Werner (1922);Angabe in eg_lieder.json;ja;gemeinfrei;Kaspar Friedrich Nachtenhöfer (1624–1685, Wikidata Q1228845);geschuetzt;"Georg Joseph (1620–1700, Wikidata Q17352855); Johann Balthasar Reimann (1702–1749, Wikidata Q11928208); Johann Gottfried Schicht (1753–1823, Wikidata Q289660); Theodor Werner (1874–1957, Wikidata Q1305135 oder 1892–1973, Wikidata Q16857482)";4;;;0;;;;;;nicht ohne Lizenz (Melodie geschützt);;"Keine Noten übernehmen; Rechteinhaber/Verlag anfragen oder verzichten."
41;Jauchzet, ihr Himmel, frohlocket, ihr Engel in Chören;Gerhard Tersteegen (1731);Lobe den Herren, den mächtigen König der Ehren;Stralsund (1665) , Halle (1741);Verweis auf EG 316;ja;gemeinfrei;Gerhard Tersteegen (1697–1769, Wikidata Q67283);gemeinfrei;"Stralsund (Werkjahr 1665); Halle (Werkjahr 1741)";1;Jauchzet, ihr Himmel;258926625;0;Wikimedia Commons (MIDI, Peter Gerloff);https://commons.wikimedia.org/wiki/File%3ALobe_den_Herren%2C_den_m%C3%A4chtigen_K%C3%B6nig_der_Ehren.mid;MIDI;"mehrstimmiger Satz; Melodie in der Oberstimme";CC BY-SA 3.0;unter Bedingungen nutzbar (Namensnennung, ggf. Weitergabe unter gleichen Bedingungen);"laut Dateibeschreibung zum EG-Lied; Fassung am Gesangbuch gegenlesen";"Als Vorlage für eigenen Notensatz nutzen; bei Übernahme der Datei Lizenzhinweis führen."
42;Dies ist der Tag, den Gott gemacht;Christian Fürchtegott Gellert (1757);Vom Himmel hoch, da komm ich her;Martin Luther (1539);Verweis auf EG 24;ja;gemeinfrei;Christian Fürchtegott Gellert (1715–1769, Wikidata Q60584);gemeinfrei;Martin Luther (1483–1546, Wikidata Q9554);1;Dies ist der Tag, den Gott gemacht;220416322;0;Wikimedia Commons (MIDI, Peter Gerloff);https://commons.wikimedia.org/wiki/File%3AVom_Himmel_hoch%2C_da_komm_ich_her_%28EG%29.mid;MIDI;"mehrstimmiger Satz; Melodie in der Oberstimme";CC0;frei integrierbar;"laut Dateibeschreibung zum EG-Lied; Fassung am Gesangbuch gegenlesen";Melodie aus der MIDI-Oberstimme als ABC setzen, an EG-Fassung gegenlesen.
43;Ihr Kinderlein, kommet;Christoph von Schmid (1811);Johann Abraham Peter Schulz (1794) , Gütersloh (1832);Johann Abraham Peter Schulz (1794) , Gütersloh (1832);Angabe in eg_lieder.json;ja;gemeinfrei;Christoph von Schmid (1768–1854, Wikidata Q68202);gemeinfrei;"Johann Abraham Peter Schulz (1747–1800, Wikidata Q706221); Gütersloh (Werkjahr 1832)";1;Ihr Kinderlein, kommet;259822920;1;Wikipedia (LilyPond im Artikeltext);https://de.wikipedia.org/w/index.php?oldid=259822920;LilyPond (<score>);je Artikel verschieden (Melodie oder Satz);CC BY-SA 4.0;unter Bedingungen nutzbar (Namensnennung, ggf. Weitergabe unter gleichen Bedingungen);nicht geprüft;"Als Vorlage für eigenen Notensatz nutzen; bei Übernahme der Datei Lizenzhinweis führen."
44;O du fröhliche, o du selige;Johannes Daniel Falk (1816) , Heinrich Holzschuher (1829);Johann Gottfried Herder (1807);Johann Gottfried Herder (1807);Angabe in eg_lieder.json;ja;gemeinfrei;"Johannes Daniel Falk (1768–1826, Wikidata Q84344); Heinrich Holzschuher (1798–1847, Wikidata Q1385498)";gemeinfrei;Johann Gottfried Herder (1744–1803, Wikidata Q155547);1;O du fröhliche;267766473;1;Wikimedia Commons (MIDI, Peter Gerloff);https://commons.wikimedia.org/wiki/File%3AO_du_fr%C3%B6hliche.mid;MIDI;"mehrstimmiger Satz; Melodie in der Oberstimme";CC0;frei integrierbar;nicht geprüft;Melodie aus der MIDI-Oberstimme als ABC setzen, an EG-Fassung gegenlesen.
45;Herbei, o ihr Gläubigen (Adeste fideles);Friedrich Heinrich Ranke (1823);John Francis Wade (1751) , John Reading (1782);John Francis Wade (1751) , John Reading (1782);Angabe in eg_lieder.json;ja;gemeinfrei;Friedrich Heinrich Ranke (1798–1876, Wikidata Q1459614);gemeinfrei;"John Francis Wade (Werkjahr 1751); John Reading (1685–1764, Wikidata Q664195)";1;Adeste fideles;269562979;0;Wikimedia Commons (MIDI, Peter Gerloff);https://commons.wikimedia.org/wiki/File%3AHerbei%2C_o_ihr_Gl%C3%A4ub%27gen.mid;MIDI;"mehrstimmiger Satz; Melodie in der Oberstimme";CC0;frei integrierbar;"laut Dateibeschreibung zum EG-Lied; Fassung am Gesangbuch gegenlesen";Melodie aus der MIDI-Oberstimme als ABC setzen, an EG-Fassung gegenlesen.
46;Stille Nacht, heilige Nacht;Joseph Mohr (1816);Franz Xaver Gruber (1818);Franz Xaver Gruber (1818);Angabe in eg_lieder.json;ja;gemeinfrei;Joseph Mohr (1792–1848, Wikidata Q698084);gemeinfrei;Franz Xaver Gruber (1787–1863, Wikidata Q513185);1;Stille Nacht, heilige Nacht;270747009;1;Wikimedia Commons (MIDI, Peter Gerloff);https://commons.wikimedia.org/wiki/File%3AStille_Nacht%2C_heilige_Nacht.mid;MIDI;"mehrstimmiger Satz; Melodie in der Oberstimme";CC0;frei integrierbar;"laut Dateibeschreibung zum EG-Lied; Fassung am Gesangbuch gegenlesen";Melodie aus der MIDI-Oberstimme als ABC setzen, an EG-Fassung gegenlesen.
47;Freu dich, Erd und Sternenzelt;Leitmeritz (1844) , Johannes Pröger (1950);Böhmen , Leitmeritz (1844);Böhmen , Leitmeritz (1844);Angabe in eg_lieder.json;ja;geschuetzt;"Leitmeritz (Werkjahr 1844); Johannes Pröger (1917–1992, Wikidata Q55677317)";ungeklaert;"Böhmen (ohne Jahr, Urheber nicht ermittelt); Leitmeritz (Werkjahr 1844)";5;Freu dich, Erd und Sternenzelt;253337366;1;Wikimedia Commons (MIDI, Peter Gerloff);https://commons.wikimedia.org/wiki/File%3AFreu_dich%2C_Erd_und_Sternenzelt.mid;MIDI;"mehrstimmiger Satz; Melodie in der Oberstimme";CC0;ungeklärt;"laut Dateibeschreibung zum EG-Lied; Fassung am Gesangbuch gegenlesen";Urheber und Sterbejahr der Melodie klären, erst dann Quelle prüfen.
48;Kommet, ihr Hirten, ihr Männer und Fraun;Carl Riedel (1870);Olmütz (1847) , Leipzig (1870);Olmütz (1847) , Leipzig (1870);Angabe in eg_lieder.json;ja;gemeinfrei;Carl Riedel (1827–1888, Wikidata Q882883);ungeklaert;"Olmütz (Werkjahr 1847); Leipzig (1870, Urheber nicht ermittelt)";4;Kommet, ihr Hirten;267478475;1;Wikimedia Commons (MIDI, Peter Gerloff);https://commons.wikimedia.org/wiki/File%3AKommet%2C_ihr_Hirten.mid;MIDI;"mehrstimmiger Satz; Melodie in der Oberstimme";CC0;ungeklärt;"laut Dateibeschreibung zum EG-Lied; Fassung am Gesangbuch gegenlesen";Urheber und Sterbejahr der Melodie klären, erst dann Quelle prüfen.
49;Der Heiland ist geboren (Freut euch von Herzen);Grafschaft Glatz;Innsbruck (1881);Innsbruck (1881);Angabe in eg_lieder.json;ja;ungeklaert;Grafschaft Glatz (ohne Jahr, Urheber nicht ermittelt);ungeklaert;Innsbruck (1881, Urheber nicht ermittelt);5;Der Heiland ist geboren;263019560;1;Wikimedia Commons (MIDI, Peter Gerloff);https://commons.wikimedia.org/wiki/File%3ADer_Heiland_ist_geboren.mid;MIDI;"mehrstimmiger Satz; Melodie in der Oberstimme";CC0;ungeklärt;nicht geprüft;Urheber und Sterbejahr der Melodie klären, erst dann Quelle prüfen.
50;Du Kind, zu dieser heilgen Zeit;Jochen Klepper (1938);Gerhard Schwarz (1939) , Samuel Rothenberg (1961) , Volker Gwinner (1970) , Peter Strauch (1984);Gerhard Schwarz (1939) , Samuel Rothenberg (1961) , Volker Gwinner (1970) , Peter Strauch (1984);Angabe in eg_lieder.json;ja;gemeinfrei;Jochen Klepper (1903–1942, Wikidata Q76329);geschuetzt;"Gerhard Schwarz (1902–1995, Wikidata Q1512539); Samuel Rothenberg (1910–1997, Wikidata Q2218805); Volker Gwinner (1912–2004, Wikidata Q1691509); Peter Strauch (1943–, Wikidata Q1382116)";2;;;0;;;;;;nicht ohne Lizenz (Melodie geschützt);;"Keine Noten übernehmen; Rechteinhaber/Verlag anfragen oder verzichten."
51;Also liebt Gott die arge Welt;Kurt Müller-Osten (1939);Gerhard Schwarz (1939);Gerhard Schwarz (1939);Angabe in eg_lieder.json;nein;geschuetzt;Kurt Müller-Osten (1905–1980, Wikidata Q1793894);geschuetzt;Gerhard Schwarz (1902–1995, Wikidata Q1512539);6;;;0;;;;;;nicht ohne Lizenz (Melodie geschützt);;"Keine Noten übernehmen; Rechteinhaber/Verlag anfragen oder verzichten."
52;Wisst ihr noch, wie es geschehen?;Hermann Claudius (1939);Christian Lahusen (1939);Christian Lahusen (1939);Angabe in eg_lieder.json;nein;geschuetzt;Hermann Claudius (1878–1980, Wikidata Q111214);geschuetzt;Christian Lahusen (1886–1975, Wikidata Q15428001);6;;;0;;;;;;nicht ohne Lizenz (Melodie geschützt);;"Keine Noten übernehmen; Rechteinhaber/Verlag anfragen oder verzichten."
53;Als die Welt verloren, Christus ward geboren;Gustav Kucz (1954);Polen (1853);Polen (1853);Angabe in eg_lieder.json;nein;ungeklaert;Gustav Kucz (Sterbejahr nicht ermittelt);ungeklaert;Polen (1853, Urheber nicht ermittelt);5;Als die Welt verloren;258908594;0;Wikimedia Commons (MIDI, Peter Gerloff);https://commons.wikimedia.org/wiki/File%3AAls_die_Welt_verloren.mid;MIDI;"mehrstimmiger Satz; Melodie in der Oberstimme";CC0;ungeklärt;nicht geprüft;Urheber und Sterbejahr der Melodie klären, erst dann Quelle prüfen.
54;Hört, der Engel helle Lieder;Otto Abel (1954);Frankreich;Frankreich;Angabe in eg_lieder.json;ja;geschuetzt;Otto Abel (1905–1977, Wikidata Q105151);ungeklaert;Frankreich (ohne Jahr, Urheber nicht ermittelt);5;Les Anges dans nos campagnes;265166003;1;Wikimedia Commons (MIDI, Peter Gerloff);https://commons.wikimedia.org/wiki/File%3ALes_anges_dans_nos_campagnes.mid;MIDI;"mehrstimmiger Satz; Melodie in der Oberstimme";CC BY 3.0;ungeklärt;"laut Dateibeschreibung zum EG-Lied; Fassung am Gesangbuch gegenlesen";Urheber und Sterbejahr der Melodie klären, erst dann Quelle prüfen.
55;O Bethlehem, du kleine Stadt;Helmut Barbe (1954);O Little Town Of Bethlehem;O Little Town Of Bethlehem;Angabe in eg_lieder.json;ja;geschuetzt;Helmut Barbe (1927–2021, Wikidata Q1603365);ungeklaert;O Little Town Of Bethlehem (ohne Jahr, Urheber nicht ermittelt);5;O Little Town of Bethlehem;262591881;0;Wikimedia Commons (MIDI, Peter Gerloff);https://commons.wikimedia.org/wiki/File%3AO_Bethlehem%2C_du_kleine_Stadt.mid;MIDI;"mehrstimmiger Satz; Melodie in der Oberstimme";CC0;ungeklärt;"laut Dateibeschreibung zum EG-Lied; Fassung am Gesangbuch gegenlesen";Urheber und Sterbejahr der Melodie klären, erst dann Quelle prüfen.
56;Weil Gott in tiefster Nacht erschienen;Dieter Trautwein (1963);Dieter Trautwein (1963);Dieter Trautwein (1963);Angabe in eg_lieder.json;nein;geschuetzt;Dieter Trautwein (1928–2002, Wikidata Q95896);geschuetzt;Dieter Trautwein (1928–2002, Wikidata Q95896);6;Weil Gott in tiefster Nacht erschienen;228167824;0;;;;;;nicht ohne Lizenz (Melodie geschützt);;"Keine Noten übernehmen; Rechteinhaber/Verlag anfragen oder verzichten."
57;Uns wird erzählt von Jesus Christ;Kurt Rommel (1967);Kurt Rommel (1967);Kurt Rommel (1967);Angabe in eg_lieder.json;nein;geschuetzt;Kurt Rommel (1926–2011, Wikidata Q77859);geschuetzt;Kurt Rommel (1926–2011, Wikidata Q77859);6;;;0;;;;;;nicht ohne Lizenz (Melodie geschützt);;"Keine Noten übernehmen; Rechteinhaber/Verlag anfragen oder verzichten."
58;Nun lasst uns gehn und treten;Paul Gerhardt (1653);Nun lasst uns Gott dem Herren Dank sagen;Nikolaus Selnecker (1587) , Johann Crüger (1649);Verweis auf EG 320;ja;gemeinfrei;Paul Gerhardt (1607–1676, Wikidata Q76331);gemeinfrei;"Nikolaus Selnecker (1530–1592, Wikidata Q64014); Johann Crüger (1598–1662, Wikidata Q158097)";1;Nun lasst uns gehn und treten;218605807;0;Wikimedia Commons (MIDI, Peter Gerloff);https://commons.wikimedia.org/wiki/File%3ANun_lasst_uns_Gott_dem_Herren.mid;MIDI;"mehrstimmiger Satz; Melodie in der Oberstimme";CC0;frei integrierbar;"laut Dateibeschreibung zum EG-Lied; Fassung am Gesangbuch gegenlesen";Melodie aus der MIDI-Oberstimme als ABC setzen, an EG-Fassung gegenlesen.
59;Das alte Jahr vergangen ist;Erfurt (1568) , Johann Steuerlein (1588) , Heinrich Bone (1847);Melchior Vulpius (1609) , Wolfgang Carl Briegel (1687);Melchior Vulpius (1609) , Wolfgang Carl Briegel (1687);Angabe in eg_lieder.json;ja;gemeinfrei;"Erfurt (Werkjahr 1568); Johann Steuerlein (Werkjahr 1588); Heinrich Bone (1813–1893, Wikidata Q1521965)";gemeinfrei;"Melchior Vulpius (1570–1615, Wikidata Q702277); Wolfgang Carl Briegel (1626–1712, Wikidata Q1523127)";1;;;0;;;;;;Melodie gemeinfrei, Notenquelle fehlt;;Melodie aus gemeinfreiem Gesangbuchdruck (z. B. Zahn) selbst setzen.
60;Freut euch, ihr lieben Christen all;Prag (1612);Bartholomäus Gesius (1605);Bartholomäus Gesius (1605);Angabe in eg_lieder.json;ja;gemeinfrei;Prag (Werkjahr 1612);gemeinfrei;Bartholomäus Gesius (1562–1613, Wikidata Q809352);1;;;0;;;;;;Melodie gemeinfrei, Notenquelle fehlt;;Melodie aus gemeinfreiem Gesangbuchdruck (z. B. Zahn) selbst setzen.
61;Hilf, Herr Jesu, lass gelingen;Johann Rist (1642);Joachim Neander , Johann Schop (1642);Joachim Neander , Johann Schop (1642);Angabe in eg_lieder.json;ja;gemeinfrei;Johann Rist (1607–1667, Wikidata Q66615);gemeinfrei;"Joachim Neander (1650–1680, Wikidata Q445967 oder 1614–1666, Wikidata Q94781497); Johann Schop (1590–1667, Wikidata Q657445)";1;;;0;Wikimedia Commons (MIDI, Peter Gerloff);https://commons.wikimedia.org/wiki/File%3AHilf%2C_Herr_Jesu%2C_lass_gelingen.mid;MIDI;"mehrstimmiger Satz; Melodie in der Oberstimme";CC0;frei integrierbar;"laut Dateibeschreibung zum EG-Lied; Fassung am Gesangbuch gegenlesen";Melodie aus der MIDI-Oberstimme als ABC setzen, an EG-Fassung gegenlesen.
62;Jesus soll die Losung sein;Benjamin Schmolck (1725);Jesus, meine Zuversicht;Johann Crüger (1653);Verweis auf EG 526;ja;gemeinfrei;Benjamin Schmolck (Werkjahr 1725);gemeinfrei;Johann Crüger (1598–1662, Wikidata Q158097);1;Jesus soll die Losung sein;255357669;0;Wikimedia Commons (MIDI, Peter Gerloff);https://commons.wikimedia.org/wiki/File%3AJesus%2C_meine_Zuversicht_%281653%29.mid | https://commons.wikimedia.org/wiki/File%3AJesus%2C_meine_Zuversicht.mid;MIDI;"mehrstimmiger Satz; Melodie in der Oberstimme";CC0;frei integrierbar;"gleiche Melodie laut Melodieverweis; Textverteilung prüfen";Melodie aus der MIDI-Oberstimme als ABC setzen, an EG-Fassung gegenlesen.
63;Das Jahr geht still zu Ende;Eleonore zu Stolberg-Wernigerode (1867);Befiehl du deine Wege;Bartholomäus Gesius (1603) , Georg Philipp Telemann (1730);Verweis auf EG 361;ja;gemeinfrei;Eleonore zu Stolberg-Wernigerode (1835–1903, Wikidata Q1328135);gemeinfrei;"Bartholomäus Gesius (1562–1613, Wikidata Q809352); Georg Philipp Telemann (1681–1767, Wikidata Q75854)";1;;;0;Wikimedia Commons (MIDI, Peter Gerloff);https://commons.wikimedia.org/wiki/File%3ABefiehl_du_deine_Wege.mid;MIDI;"mehrstimmiger Satz; Melodie in der Oberstimme";CC0;frei integrierbar;"gleiche Melodie laut Melodieverweis; Textverteilung prüfen";Melodie aus der MIDI-Oberstimme als ABC setzen, an EG-Fassung gegenlesen.
64;Der du die Zeit in Händen hast;Jochen Klepper (1937);Siegfried Reda (1960) , Rudolf Zöbeley (1969) , Gerhard Schnitter (2002);Siegfried Reda (1960) , Rudolf Zöbeley (1969) , Gerhard Schnitter (2002);Angabe in eg_lieder.json;ja;gemeinfrei;Jochen Klepper (1903–1942, Wikidata Q76329);geschuetzt;"Siegfried Reda (1916–1968, Wikidata Q92073); Rudolf Zöbeley (1901–1991, Wikidata Q2174194); Gerhard Schnitter (1939–, Wikidata Q1427836)";2;;;0;;;;;;nicht ohne Lizenz (Melodie geschützt);;"Keine Noten übernehmen; Rechteinhaber/Verlag anfragen oder verzichten."
65;Von guten Mächten wunderbar geborgen;Dietrich Bonhoeffer (1944);Manfred Schlenker , Otto Abel (1959) , Siegfried Fietz (1970) , Joseph Gelineau (1971);Manfred Schlenker , Otto Abel (1959) , Siegfried Fietz (1970) , Joseph Gelineau (1971);Angabe in eg_lieder.json;ja;gemeinfrei;Dietrich Bonhoeffer (1906–1945, Wikidata Q76326);geschuetzt;"Manfred Schlenker (1926–2023, Wikidata Q1145886); Otto Abel (1905–1977, Wikidata Q105151); Siegfried Fietz (1946–, Wikidata Q1767688); Joseph Gelineau (1920–2008, Wikidata Q320533)";2;Von guten Mächten treu und still umgeben;269347910;0;;;;;;nicht ohne Lizenz (Melodie geschützt);;"Keine Noten übernehmen; Rechteinhaber/Verlag anfragen oder verzichten."
66;Jesus ist kommen, Grund ewiger Freude;Johann Ludwig Konrad Allendorf (1736);Jesu, hilf siegen, du Fürste des Lebens;Darmstadt (1698) , Johann Georg Stötzel (1744) , Wernigerode (1766);Verweis auf EG 373;ja;gemeinfrei;Johann Ludwig Konrad Allendorf (1693–1773, Wikidata Q97419);gemeinfrei;"Darmstadt (Werkjahr 1698); Johann Georg Stötzel (Werkjahr 1744); Wernigerode (Werkjahr 1766)";1;;;0;Wikimedia Commons (MIDI, Peter Gerloff);https://commons.wikimedia.org/wiki/File%3AJesus_ist_kommen%2C_Grund_ewiger_Freude.mid;MIDI;"mehrstimmiger Satz; Melodie in der Oberstimme";CC0;frei integrierbar;"laut Dateibeschreibung zum EG-Lied; Fassung am Gesangbuch gegenlesen";Melodie aus der MIDI-Oberstimme als ABC setzen, an EG-Fassung gegenlesen.
67;Herr Christ, der einig Gotts Sohn;Elisabeth Cruciger (1524);Erfurt (1524);Erfurt (1524);Angabe in eg_lieder.json;ja;gemeinfrei;Elisabeth Cruciger (1500–1535, Wikidata Q273289);gemeinfrei;Erfurt (Werkjahr 1524);1;Herr Christ, der einig Gotts Sohn;260716740;0;Wikimedia Commons (MIDI, Peter Gerloff);https://commons.wikimedia.org/wiki/File%3AHerr_Christ%2C_der_einig_Gotts_Sohn.mid;MIDI;"mehrstimmiger Satz; Melodie in der Oberstimme";CC0;frei integrierbar;"laut Dateibeschreibung zum EG-Lied; Fassung am Gesangbuch gegenlesen";Melodie aus der MIDI-Oberstimme als ABC setzen, an EG-Fassung gegenlesen.
68;O lieber Herre Jesu Christ;Michael Weiße (1531);Böhmische Brüder (1501);Böhmische Brüder (1501);Angabe in eg_lieder.json;ja;gemeinfrei;Michael Weiße (1488–1534, Wikidata Q74773);gemeinfrei;Böhmische Brüder (Werkjahr 1501);1;;;0;;;;;;Melodie gemeinfrei, Notenquelle fehlt;;Melodie aus gemeinfreiem Gesangbuchdruck (z. B. Zahn) selbst setzen.
69;Der Morgenstern ist aufgedrungen;Daniel Rumpius (1587) , Otto Riethmüller (1932);Michael Praetorius (1607);Michael Praetorius (1607);Angabe in eg_lieder.json;ja;gemeinfrei;"Daniel Rumpius (1549–1600, Wikidata Q1162406); Otto Riethmüller (1889–1938, Wikidata Q2040313)";gemeinfrei;Michael Praetorius (1571–1621, Wikidata Q108278 oder 1515–1583, Wikidata Q30245835);1;Der Morgenstern ist aufgedrungen;243042901;0;Wikimedia Commons (MIDI, Peter Gerloff);https://commons.wikimedia.org/wiki/File%3ADer_Morgenstern_ist_aufgedrungen.mid;MIDI;"mehrstimmiger Satz; Melodie in der Oberstimme";CC0;frei integrierbar;nicht geprüft;Melodie aus der MIDI-Oberstimme als ABC setzen, an EG-Fassung gegenlesen.
70;Wie schön leuchtet der Morgenstern;Philipp Nicolai (1597) , Johann Adolf Schlegel (1813) , Albert Knapp (1832);Straßburg (1538) , Philipp Nicolai (1597);Straßburg (1538) , Philipp Nicolai (1597);Angabe in eg_lieder.json;ja;gemeinfrei;"Philipp Nicolai (1556–1608, Wikidata Q706203); Johann Adolf Schlegel (1721–1793, Wikidata Q70415); Albert Knapp (1798–1864, Wikidata Q70265)";gemeinfrei;"Straßburg (Werkjahr 1538); Philipp Nicolai (1556–1608, Wikidata Q706203)";1;Wie schön leuchtet der Morgenstern;265962431;0;Wikimedia Commons (MIDI, Peter Gerloff);https://commons.wikimedia.org/wiki/File%3AWie_sch%C3%B6n_leuchtet_der_Morgenstern.mid;MIDI;"mehrstimmiger Satz; Melodie in der Oberstimme";CC0;frei integrierbar;"laut Dateibeschreibung zum EG-Lied; Fassung am Gesangbuch gegenlesen";Melodie aus der MIDI-Oberstimme als ABC setzen, an EG-Fassung gegenlesen.
71;O König aller Ehren;Martin Behm (1606);Ich freu mich in dem Herren aus meines Herzens Grund;Bartholomäus Helder (1630);Verweis auf EG 349;ja;gemeinfrei;Martin Behm (1557–1622, Wikidata Q106112);gemeinfrei;Bartholomäus Helder (1585–1635, Wikidata Q28525785);1;;;0;Wikimedia Commons (MIDI, Peter Gerloff);https://commons.wikimedia.org/wiki/File%3AIch_freu_mich_in_dem_Herren.mid;MIDI;"mehrstimmiger Satz; Melodie in der Oberstimme";CC0;frei integrierbar;"gleiche Melodie laut Melodieverweis; Textverteilung prüfen";Melodie aus der MIDI-Oberstimme als ABC setzen, an EG-Fassung gegenlesen.
72;O Jesu Christe, wahres Licht;Johann Heermann (1630);Nürnberg (1676);Nürnberg (1676);Angabe in eg_lieder.json;ja;gemeinfrei;Johann Heermann (1585–1647, Wikidata Q65603);gemeinfrei;Nürnberg (Werkjahr 1676);1;;;0;Wikimedia Commons (MIDI, Peter Gerloff);https://commons.wikimedia.org/wiki/File%3AO_Jesu_Christe%2C_wahres_Licht.mid;MIDI;"mehrstimmiger Satz; Melodie in der Oberstimme";CC BY-SA 3.0;unter Bedingungen nutzbar (Namensnennung, ggf. Weitergabe unter gleichen Bedingungen);"laut Dateibeschreibung zum EG-Lied; Fassung am Gesangbuch gegenlesen";"Als Vorlage für eigenen Notensatz nutzen; bei Übernahme der Datei Lizenzhinweis führen."
73;Auf, Seele, auf und säume nicht;Michael Müller (1700);Lobt Gott, ihr Christen alle gleich (allzugleich);Nikolaus Herman (1554);Verweis auf EG 27;ja;gemeinfrei;Michael Müller (Werkjahr 1700);gemeinfrei;Nikolaus Herman (1500–1561, Wikidata Q71706);1;;;0;Wikimedia Commons (MIDI, Peter Gerloff);https://commons.wikimedia.org/wiki/File%3ALobt_Gott%2C_ihr_Christen_alle_gleich.mid;MIDI;"mehrstimmiger Satz; Melodie in der Oberstimme";CC0;frei integrierbar;"gleiche Melodie laut Melodieverweis; Textverteilung prüfen";Melodie aus der MIDI-Oberstimme als ABC setzen, an EG-Fassung gegenlesen.
74;Du Morgenstern, du Licht vom Licht;Johann Gottfried Herder (1795) , Richard Adelbert Lipsius (1878);Steht auf, ihr lieben Kinderlein;Nikolaus Herman (1560);Verweis auf EG 442;ja;gemeinfrei;"Johann Gottfried Herder (1744–1803, Wikidata Q155547); Richard Adelbert Lipsius (1830–1892, Wikidata Q70373)";gemeinfrei;Nikolaus Herman (1500–1561, Wikidata Q71706);1;;;0;Wikimedia Commons (MIDI, Peter Gerloff);https://commons.wikimedia.org/wiki/File%3ASteht_auf%2C_ihr_lieben_Kinderlein.mid;MIDI;"mehrstimmiger Satz; Melodie in der Oberstimme";CC0;frei integrierbar;"laut Dateibeschreibung zum EG-Lied; Fassung am Gesangbuch gegenlesen";Melodie aus der MIDI-Oberstimme als ABC setzen, an EG-Fassung gegenlesen.
75;Ehre sei dir, Christe;Salzburg (1350) , Hermann Bonnus (1542) , Nordhausen (1560);Heinrich Schütz , Lucas Lossius (1553);Heinrich Schütz , Lucas Lossius (1553);Angabe in eg_lieder.json;ja;gemeinfrei;"Salzburg (Werkjahr 1350); Hermann Bonnus (1504–1548, Wikidata Q914447); Nordhausen (Werkjahr 1560)";gemeinfrei;"Heinrich Schütz (1585–1672, Wikidata Q153643); Lucas Lossius (1508–1582, Wikidata Q121102)";1;Laus tibi, Christe;261113037;0;Wikimedia Commons (MIDI, Peter Gerloff);https://commons.wikimedia.org/wiki/File%3AEhre_sei_dir%2C_Christe.mid;MIDI;"mehrstimmiger Satz; Melodie in der Oberstimme";CC0;frei integrierbar;"laut Dateibeschreibung zum EG-Lied; Fassung am Gesangbuch gegenlesen";Melodie aus der MIDI-Oberstimme als ABC setzen, an EG-Fassung gegenlesen.
76;O Mensch, bewein dein Sünde groß;Sebald Heyden (1530);Es sind doch selig alle, die;Matthäus Greiter (1525);manuell (manual_overrides.json);ja;gemeinfrei;Sebald Heyden (1499–1561, Wikidata Q71067);gemeinfrei;Matthäus Greiter (1495–1550, Wikidata Q316096);1;O Mensch, bewein dein Sünde groß;269932747;0;Wikimedia Commons (MIDI, Peter Gerloff);https://commons.wikimedia.org/wiki/File%3AO_Mensch%2C_bewein_dein_S%C3%BCnde_gro%C3%9F_%28EG%29.mid;MIDI;"mehrstimmiger Satz; Melodie in der Oberstimme";CC0;frei integrierbar;"laut Dateibeschreibung zum EG-Lied; Fassung am Gesangbuch gegenlesen";Melodie aus der MIDI-Oberstimme als ABC setzen, an EG-Fassung gegenlesen.
77;Christus, der uns selig macht;Michael Weiße (1531);Böhmische Brüder (1501);Böhmische Brüder (1501);Angabe in eg_lieder.json;ja;gemeinfrei;Michael Weiße (1488–1534, Wikidata Q74773);gemeinfrei;Böhmische Brüder (Werkjahr 1501);1;;;0;Wikimedia Commons (MIDI, Peter Gerloff);https://commons.wikimedia.org/wiki/File%3AChristus%2C_der_uns_selig_macht.mid;MIDI;"mehrstimmiger Satz; Melodie in der Oberstimme";CC0;frei integrierbar;"laut Dateibeschreibung zum EG-Lied; Fassung am Gesangbuch gegenlesen";Melodie aus der MIDI-Oberstimme als ABC setzen, an EG-Fassung gegenlesen.
78;Jesu Kreuz, Leiden und Pein;Petrus Herbert (1566);Christus, der uns selig macht;Böhmische Brüder (1501);Verweis auf EG 77;ja;gemeinfrei;Petrus Herbert (1533–1571, Wikidata Q1793268);gemeinfrei;Böhmische Brüder (Werkjahr 1501);1;Jesu Kreuz, Leiden und Pein;258926269;0;Wikimedia Commons (MIDI, Peter Gerloff);https://commons.wikimedia.org/wiki/File%3AChristus%2C_der_uns_selig_macht.mid | https://commons.wikimedia.org/wiki/File%3AJesu_Kreuz%2C_Leiden_und_Pein.mid;MIDI;"mehrstimmiger Satz; Melodie in der Oberstimme";CC0;frei integrierbar;"laut Dateibeschreibung zum EG-Lied; Fassung am Gesangbuch gegenlesen";Melodie aus der MIDI-Oberstimme als ABC setzen, an EG-Fassung gegenlesen.
79;Wir danken dir, Herr Jesu Christ, dass du für uns gestorben bist;Christoph Fischer (1568);Nikolaus Herman (1551) , Königsberg (1559) , Leipzig (1625);Nikolaus Herman (1551) , Königsberg (1559) , Leipzig (1625);Angabe in eg_lieder.json;ja;gemeinfrei;Christoph Fischer (1518–1598, Wikidata Q111382);gemeinfrei;"Nikolaus Herman (1500–1561, Wikidata Q71706); Königsberg (Werkjahr 1559); Leipzig (Werkjahr 1625)";1;;;0;Wikimedia Commons (MIDI, Peter Gerloff);https://commons.wikimedia.org/wiki/File%3AWir_danken_dir%2C_Herr_Jesu_Christ%2C_dass_du_f%C3%BCr_uns_gestorben_bist.mid;MIDI;"mehrstimmiger Satz; Melodie in der Oberstimme";CC0;frei integrierbar;"laut Dateibeschreibung zum EG-Lied; Fassung am Gesangbuch gegenlesen";Melodie aus der MIDI-Oberstimme als ABC setzen, an EG-Fassung gegenlesen.
80;O Traurigkeit, o Herzeleid;Friedrich Spee von Langenfeld (1628) , Johann Rist (1641);Würzburg (1628);Würzburg (1628);Angabe in eg_lieder.json;ja;gemeinfrei;"Friedrich Spee von Langenfeld (1591–1635, Wikidata Q77283); Johann Rist (1607–1667, Wikidata Q66615)";gemeinfrei;Würzburg (Werkjahr 1628);1;;;0;Wikimedia Commons (MIDI, Peter Gerloff);https://commons.wikimedia.org/wiki/File%3AO_Traurigkeit%2C_o_Herzeleid_%28EG%29.mid;MIDI;"mehrstimmiger Satz; Melodie in der Oberstimme";CC0;frei integrierbar;"laut Dateibeschreibung zum EG-Lied; Fassung am Gesangbuch gegenlesen";Melodie aus der MIDI-Oberstimme als ABC setzen, an EG-Fassung gegenlesen.
81;Herzliebster Jesu, was hast du verbrochen;Johann Heermann (1630);Guillaume Franc (1543) , Johann Crüger (1640);Guillaume Franc (1543) , Johann Crüger (1640);Angabe in eg_lieder.json;ja;gemeinfrei;Johann Heermann (1585–1647, Wikidata Q65603);gemeinfrei;"Guillaume Franc (1515–1570, Wikidata Q1423270); Johann Crüger (1598–1662, Wikidata Q158097)";1;Herzliebster Jesu, was hast du verbrochen;253785412;0;Wikimedia Commons (MIDI, Peter Gerloff);https://commons.wikimedia.org/wiki/File%3AHerzliebster_Jesu.mid;MIDI;"mehrstimmiger Satz; Melodie in der Oberstimme";CC0;frei integrierbar;"laut Dateibeschreibung zum EG-Lied; Fassung am Gesangbuch gegenlesen";Melodie aus der MIDI-Oberstimme als ABC setzen, an EG-Fassung gegenlesen.
82;Wenn meine Sünd' mich kränken;Justus Gesenius (1646);Leipzig (1545) , Michael Praetorius (1609);Leipzig (1545) , Michael Praetorius (1609);Angabe in eg_lieder.json;ja;gemeinfrei;Justus Gesenius (1601–1673, Wikidata Q75974);gemeinfrei;"Leipzig (Werkjahr 1545); Michael Praetorius (1571–1621, Wikidata Q108278 oder 1515–1583, Wikidata Q30245835)";1;;;0;Wikimedia Commons (MIDI, Peter Gerloff);https://commons.wikimedia.org/wiki/File%3AWenn_meine_S%C3%BCnd%27_mich_kr%C3%A4nken.mid;MIDI;"mehrstimmiger Satz; Melodie in der Oberstimme";CC0;frei integrierbar;"laut Dateibeschreibung zum EG-Lied; Fassung am Gesangbuch gegenlesen";Melodie aus der MIDI-Oberstimme als ABC setzen, an EG-Fassung gegenlesen.
83;Ein Lämmlein geht und trägt die Schuld;Paul Gerhardt (1647);Wolfgang Dachstein (1525);Wolfgang Dachstein (1525);Angabe in eg_lieder.json;ja;gemeinfrei;Paul Gerhardt (1607–1676, Wikidata Q76331);gemeinfrei;Wolfgang Dachstein (1487–1553, Wikidata Q2589406);1;;;0;Wikimedia Commons (MIDI, Peter Gerloff);https://commons.wikimedia.org/wiki/File%3AEin_L%C3%A4mmlein_geht_und_tr%C3%A4gt_die_Schuld_%28An_Wasserfl%C3%BCssen_Babylon%29.mid;MIDI;"mehrstimmiger Satz; Melodie in der Oberstimme";CC0;frei integrierbar;"laut Dateibeschreibung zum EG-Lied; Fassung am Gesangbuch gegenlesen";Melodie aus der MIDI-Oberstimme als ABC setzen, an EG-Fassung gegenlesen.
84;O Welt, sieh hier dein Leben;Paul Gerhardt (1647);O Welt, ich muss dich lassen;Heinrich Isaak (1490);Verweis auf EG 521;ja;gemeinfrei;Paul Gerhardt (1607–1676, Wikidata Q76331);gemeinfrei;Heinrich Isaak (1450–1517, Wikidata Q316668);1;;;0;Wikimedia Commons (MIDI, Peter Gerloff);https://commons.wikimedia.org/wiki/File%3AO_Welt%2C_ich_muss_dich_lassen.mid;MIDI;"mehrstimmiger Satz; Melodie in der Oberstimme";CC0;frei integrierbar;"gleiche Melodie laut Melodieverweis; Textverteilung prüfen";Melodie aus der MIDI-Oberstimme als ABC setzen, an EG-Fassung gegenlesen.
85;O Haupt voll Blut und Wunden;Paul Gerhardt (1656);Hans Leo Haßler (1601) , Görlitz (1613);Hans Leo Haßler (1601) , Görlitz (1613);Angabe in eg_lieder.json;ja;gemeinfrei;Paul Gerhardt (1607–1676, Wikidata Q76331);gemeinfrei;"Hans Leo Haßler (1564–1612, Wikidata Q164882); Görlitz (Werkjahr 1613)";1;O Haupt voll Blut und Wunden;265953712;0;Wikimedia Commons (MIDI, Peter Gerloff);https://commons.wikimedia.org/wiki/File%3AO_Haupt_voll_Blut_und_Wunden_%28EG-GL_2013%29.mid;MIDI;"mehrstimmiger Satz; Melodie in der Oberstimme";CC0;frei integrierbar;"laut Dateibeschreibung zum EG-Lied; Fassung am Gesangbuch gegenlesen";Melodie aus der MIDI-Oberstimme als ABC setzen, an EG-Fassung gegenlesen.
86;Jesu, meines Lebens Leben;Ernst Christoph Homburg (1659);Wolfgang Weßnitzer (1661);Wolfgang Weßnitzer (1661);Angabe in eg_lieder.json;ja;gemeinfrei;Ernst Christoph Homburg (1607–1681, Wikidata Q92458);gemeinfrei;Wolfgang Weßnitzer (1629–1697, Wikidata Q6339366);1;;;0;;;;;;Melodie gemeinfrei, Notenquelle fehlt;;Melodie aus gemeinfreiem Gesangbuchdruck (z. B. Zahn) selbst setzen.
87;Du großer Schmerzensmann;Adam Thebesius (1652);Martin Jan (1652);Martin Jan (1652);Angabe in eg_lieder.json;ja;gemeinfrei;Adam Thebesius (1596–1652, Wikidata Q122168);gemeinfrei;Martin Jan (1620–1682, Wikidata Q1904139);1;;;0;;;;;;Melodie gemeinfrei, Notenquelle fehlt;;Melodie aus gemeinfreiem Gesangbuchdruck (z. B. Zahn) selbst setzen.
88;Jesu, deine Passion;Paul Stockmann (1633) , Heinrich Held (1658) , Sigmund von Birken (1663);Lobt Gott den Herrn, ihr Heiden all;Melchior Vulpius (1609);Verweis auf EG 293;ja;gemeinfrei;"Paul Stockmann (1603–1636, Wikidata Q1662060); Heinrich Held (1620–1659, Wikidata Q1597567); Sigmund von Birken (1626–1681, Wikidata Q65501)";gemeinfrei;Melchior Vulpius (1570–1615, Wikidata Q702277);1;;;0;Wikimedia Commons (MIDI, Peter Gerloff);https://commons.wikimedia.org/wiki/File%3ALobt_Gott_den_Herrn%2C_ihr_Heiden_all.mid;MIDI;"mehrstimmiger Satz; Melodie in der Oberstimme";CC0;frei integrierbar;"gleiche Melodie laut Melodieverweis; Textverteilung prüfen";Melodie aus der MIDI-Oberstimme als ABC setzen, an EG-Fassung gegenlesen.
89;Herr Jesu, deine Angst und Pein;Tobias Clausnitzer (1662);Aus tiefer Not lasst uns zu Gott;Aus tiefer Not schrei ich zu dir;Verweis auf EG 144;ja;gemeinfrei;Tobias Clausnitzer (1619–1684, Wikidata Q92451);ungeklaert;Aus tiefer Not schrei ich zu dir (ohne Jahr, Urheber nicht ermittelt);2;;;0;;;;;;ungeklärt;;Urheber und Sterbejahr der Melodie klären, erst dann Quelle prüfen.
90;Ich grüße Dich am Kreuzesstamm;Valentin Ernst Löscher (1722);Es sind doch selig alle, die;Matthäus Greiter (1525);manuell (manual_overrides.json);ja;gemeinfrei;Valentin Ernst Löscher (1673–1749, Wikidata Q75717);gemeinfrei;Matthäus Greiter (1495–1550, Wikidata Q316096);1;;;0;Wikimedia Commons (MIDI, Peter Gerloff);https://commons.wikimedia.org/wiki/File%3AO_Mensch%2C_bewein_dein_S%C3%BCnde_gro%C3%9F_%28EG%29.mid;MIDI;"mehrstimmiger Satz; Melodie in der Oberstimme";CC0;frei integrierbar;"laut Dateibeschreibung zum EG-Lied; Fassung am Gesangbuch gegenlesen";Melodie aus der MIDI-Oberstimme als ABC setzen, an EG-Fassung gegenlesen.
91;Herr, stärke mich, dein Leiden zu bedenken;Christian Fürchtegott Gellert (1757);Herzliebster Jesu, was hast du verbrochen;Guillaume Franc (1543) , Johann Crüger (1640);Verweis auf EG 81;ja;gemeinfrei;Christian Fürchtegott Gellert (1715–1769, Wikidata Q60584);gemeinfrei;"Guillaume Franc (1515–1570, Wikidata Q1423270); Johann Crüger (1598–1662, Wikidata Q158097)";1;;;0;Wikimedia Commons (MIDI, Peter Gerloff);https://commons.wikimedia.org/wiki/File%3AHerzliebster_Jesu.mid;MIDI;"mehrstimmiger Satz; Melodie in der Oberstimme";CC0;frei integrierbar;"gleiche Melodie laut Melodieverweis; Textverteilung prüfen";Melodie aus der MIDI-Oberstimme als ABC setzen, an EG-Fassung gegenlesen.
92;Christe, du Schöpfer aller Welt;Theodor Kliefoth (1875);Königsberg (1527) , Johann Hermann Schein (1627);Königsberg (1527) , Johann Hermann Schein (1627);Angabe in eg_lieder.json;ja;gemeinfrei;Theodor Kliefoth (1810–1895, Wikidata Q68307);gemeinfrei;"Königsberg (Werkjahr 1527); Johann Hermann Schein (Werkjahr 1627)";1;;;0;;;;;;Melodie gemeinfrei, Notenquelle fehlt;;Melodie aus gemeinfreiem Gesangbuchdruck (z. B. Zahn) selbst setzen.
93;Nun gehören unsre Herzen;Friedrich von Bodelschwingh (1938);Richard Lörcher (1949);Richard Lörcher (1949);Angabe in eg_lieder.json;ja;ungeklaert;Friedrich von Bodelschwingh (Sterbejahr nicht ermittelt);geschuetzt;Richard Lörcher (1907–1970, Wikidata Q54947857);5;;;0;;;;;;nicht ohne Lizenz (Melodie geschützt);;"Keine Noten übernehmen; Rechteinhaber/Verlag anfragen oder verzichten."
94;Das Kreuz ist aufgerichtet;Kurt Ihlenfeld (1967);Siegfried Großmann (1974) , Manfred Schlenker (1977);Siegfried Großmann (1974) , Manfred Schlenker (1977);Angabe in eg_lieder.json;nein;geschuetzt;Kurt Ihlenfeld (1901–1972, Wikidata Q106317);geschuetzt;"Siegfried Großmann (1938–2022, Wikidata Q16937684); Manfred Schlenker (1926–2023, Wikidata Q1145886)";6;;;0;;;;;;nicht ohne Lizenz (Melodie geschützt);;"Keine Noten übernehmen; Rechteinhaber/Verlag anfragen oder verzichten."
95;Seht hin, er ist allein im Garten;Friedrich Walz (1971);Genf (1543) , Götz Wiese (1986);Genf (1543) , Götz Wiese (1986);Angabe in eg_lieder.json;nein;geschuetzt;Friedrich Walz (1932–1984, Wikidata Q51331629);geschuetzt;"Genf (Werkjahr 1543); Götz Wiese (1928–2012, Wikidata Q1559921)";4;Seht hin, er ist allein im Garten;266307896;0;;;;;;nicht ohne Lizenz (Melodie geschützt);;"Keine Noten übernehmen; Rechteinhaber/Verlag anfragen oder verzichten."
96;Du schöner Lebensbaum des Paradieses;Vilmos Gyöngyösi (1974) , Dieter Trautwein (1974);Ungarn (1744);Ungarn (1744);Angabe in eg_lieder.json;nein;geschuetzt;"Vilmos Gyöngyösi (Werkjahr 1974); Dieter Trautwein (1928–2002, Wikidata Q95896)";gemeinfrei;Ungarn (Werkjahr 1744);3;;;0;;;;;;Melodie gemeinfrei, Notenquelle fehlt;;Melodie aus gemeinfreiem Gesangbuchdruck (z. B. Zahn) selbst setzen.
97;Holz auf Jesu Schulter;Jürgen Henkys (1977);Ignace de Sutter (1964);Ignace de Sutter (1964);Angabe in eg_lieder.json;nein;geschuetzt;Jürgen Henkys (1929–2015, Wikidata Q110422);geschuetzt;Ignace de Sutter (1911–1988, Wikidata Q3240571);6;;;0;;;;;;nicht ohne Lizenz (Melodie geschützt);;"Keine Noten übernehmen; Rechteinhaber/Verlag anfragen oder verzichten."
98;Korn, das in die Erde, in den Tod versinkt;Jürgen Henkys (1978);Now the green blade rises;Now the green blade rises;Angabe in eg_lieder.json;nein;geschuetzt;Jürgen Henkys (1929–2015, Wikidata Q110422);ungeklaert;Now the green blade rises (ohne Jahr, Urheber nicht ermittelt);5;Korn, das in die Erde;265245653;0;Wikimedia Commons (MIDI, Peter Gerloff);https://commons.wikimedia.org/wiki/File%3ANo%C3%ABl_Nouvelet.mid;MIDI;"mehrstimmiger Satz; Melodie in der Oberstimme";CC0;ungeklärt;nicht geprüft;Urheber und Sterbejahr der Melodie klären, erst dann Quelle prüfen.
99;Christ ist erstanden von der Marter alle;Österreich;Passau (1090) , Salzburg (1160) , Wittenberg (1530);Passau (1090) , Salzburg (1160) , Wittenberg (1530);Angabe in eg_lieder.json;ja;ungeklaert;Österreich (ohne Jahr, Urheber nicht ermittelt);gemeinfrei;"Passau (Werkjahr 1090); Salzburg (Werkjahr 1160); Wittenberg (Werkjahr 1530)";3;Christ ist erstanden;269749617;0;Wikimedia Commons (MIDI, Peter Gerloff);https://commons.wikimedia.org/wiki/File%3AChrist_ist_erstanden_%28EG%29.mid;MIDI;"mehrstimmiger Satz; Melodie in der Oberstimme";CC0;frei integrierbar;"laut Dateibeschreibung zum EG-Lied; Fassung am Gesangbuch gegenlesen";Melodie aus der MIDI-Oberstimme als ABC setzen, an EG-Fassung gegenlesen.
100;Wir wollen alle fröhlich sein in dieser österlichen Zeit;Medingen (1380) , Cyriakus Spangenberg (1568);Hohenfurt (1410) , Böhmische Brüder (1544) , Wittenberg (1573);Hohenfurt (1410) , Böhmische Brüder (1544) , Wittenberg (1573);Angabe in eg_lieder.json;ja;gemeinfrei;"Medingen (Werkjahr 1380); Cyriakus Spangenberg (1528–1604, Wikidata Q96686)";gemeinfrei;"Hohenfurt (Werkjahr 1410); Böhmische Brüder (Werkjahr 1544); Wittenberg (Werkjahr 1573)";1;Wir wollen alle fröhlich sein;258908546;0;Wikimedia Commons (MIDI, Peter Gerloff);https://commons.wikimedia.org/wiki/File%3AWir_wollen_alle_fr%C3%B6hlich_sein.mid;MIDI;"mehrstimmiger Satz; Melodie in der Oberstimme";CC0;frei integrierbar;"laut Dateibeschreibung zum EG-Lied; Fassung am Gesangbuch gegenlesen";Melodie aus der MIDI-Oberstimme als ABC setzen, an EG-Fassung gegenlesen.
101;Christ lag in Todesbanden;Martin Luther (1524);Martin Luther (1524) , Michael Praetorius (1609);Martin Luther (1524) , Michael Praetorius (1609);Angabe in eg_lieder.json;ja;gemeinfrei;Martin Luther (1483–1546, Wikidata Q9554);gemeinfrei;"Martin Luther (1483–1546, Wikidata Q9554); Michael Praetorius (1571–1621, Wikidata Q108278 oder 1515–1583, Wikidata Q30245835)";1;Christ lag in Todesbanden;269749618;0;Wikimedia Commons (MIDI, Peter Gerloff);https://commons.wikimedia.org/wiki/File%3AChrist_lag_in_Todesbanden.mid;MIDI;"mehrstimmiger Satz; Melodie in der Oberstimme";CC0;frei integrierbar;"laut Dateibeschreibung zum EG-Lied; Fassung am Gesangbuch gegenlesen";Melodie aus der MIDI-Oberstimme als ABC setzen, an EG-Fassung gegenlesen.
102;Jesus Christus, unser Heiland, der den Tod überwand;Martin Luther (1524);Martin Luther (1529) , Leipzig (1545);Martin Luther (1529) , Leipzig (1545);Angabe in eg_lieder.json;ja;gemeinfrei;Martin Luther (1483–1546, Wikidata Q9554);gemeinfrei;"Martin Luther (1483–1546, Wikidata Q9554); Leipzig (Werkjahr 1545)";1;Jesus Christus, unser Heiland, der den Tod überwand;255644434;0;Wikimedia Commons (MIDI, Peter Gerloff);https://commons.wikimedia.org/wiki/File%3AJesus_Christus%2C_unser_Heiland%2C_der_den_Tod_%C3%BCberwand.mid;MIDI;"mehrstimmiger Satz; Melodie in der Oberstimme";CC0;frei integrierbar;"laut Dateibeschreibung zum EG-Lied; Fassung am Gesangbuch gegenlesen";Melodie aus der MIDI-Oberstimme als ABC setzen, an EG-Fassung gegenlesen.
103;Gelobt sei Gott im höchsten Thron;Michael Weiße (1531) , Sigisbert Kraft (1983);Melchior Vulpius (1609);Melchior Vulpius (1609);Angabe in eg_lieder.json;ja;geschuetzt;"Michael Weiße (1488–1534, Wikidata Q74773); Sigisbert Kraft (1927–2006, Wikidata Q100272)";gemeinfrei;Melchior Vulpius (1570–1615, Wikidata Q702277);3;Gelobt sei Gott im höchsten Thron;242400724;0;Wikimedia Commons (MIDI, Peter Gerloff);https://commons.wikimedia.org/wiki/File%3AGelobt_sei_Gott_im_h%C3%B6chsten_Thron.mid;MIDI;"mehrstimmiger Satz; Melodie in der Oberstimme";CC0;frei integrierbar;"laut Dateibeschreibung zum EG-Lied; Fassung am Gesangbuch gegenlesen";Melodie aus der MIDI-Oberstimme als ABC setzen, an EG-Fassung gegenlesen.
104;Singen wir heut mit einem Mund;Michael Weiße (1531);Böhmische Brüder (1531);Böhmische Brüder (1531);Angabe in eg_lieder.json;ja;gemeinfrei;Michael Weiße (1488–1534, Wikidata Q74773);gemeinfrei;Böhmische Brüder (Werkjahr 1531);1;;;0;;;;;;Melodie gemeinfrei, Notenquelle fehlt;;Melodie aus gemeinfreiem Gesangbuchdruck (z. B. Zahn) selbst setzen.
105;Erstanden ist der heilig Christ;Böhmische Brüder (1544);Böhmische Brüder (1501);Böhmische Brüder (1501);Angabe in eg_lieder.json;ja;gemeinfrei;Böhmische Brüder (Werkjahr 1544);gemeinfrei;Böhmische Brüder (Werkjahr 1501);1;;;0;Wikimedia Commons (MIDI, Peter Gerloff);https://commons.wikimedia.org/wiki/File%3AErstanden_ist_der_heilig_Christ.mid;MIDI;"mehrstimmiger Satz; Melodie in der Oberstimme";CC0;frei integrierbar;"laut Dateibeschreibung zum EG-Lied; Fassung am Gesangbuch gegenlesen";Melodie aus der MIDI-Oberstimme als ABC setzen, an EG-Fassung gegenlesen.
106;Erschienen ist der herrlich Tag;Nikolaus Herman (1560);Nikolaus Herman (1560);Nikolaus Herman (1560);Angabe in eg_lieder.json;ja;gemeinfrei;Nikolaus Herman (1500–1561, Wikidata Q71706);gemeinfrei;Nikolaus Herman (1500–1561, Wikidata Q71706);1;;;0;Wikimedia Commons (MIDI, Peter Gerloff);https://commons.wikimedia.org/wiki/File%3AErschienen_ist_der_herrlich_Tag.mid;MIDI;"mehrstimmiger Satz; Melodie in der Oberstimme";CC0;frei integrierbar;"laut Dateibeschreibung zum EG-Lied; Fassung am Gesangbuch gegenlesen";Melodie aus der MIDI-Oberstimme als ABC setzen, an EG-Fassung gegenlesen.
107;Wir danken dir, Herr Jesu Christ, dass du vom Tod erstanden bist;Nikolaus Herman (1560) , Thomas Hartmann (1604);Erschienen ist der herrlich Tag;Nikolaus Herman (1560);Verweis auf EG 106;ja;gemeinfrei;"Nikolaus Herman (1500–1561, Wikidata Q71706); Thomas Hartmann (Werkjahr 1604)";gemeinfrei;Nikolaus Herman (1500–1561, Wikidata Q71706);1;;;0;Wikimedia Commons (MIDI, Peter Gerloff);https://commons.wikimedia.org/wiki/File%3AErschienen_ist_der_herrlich_Tag.mid;MIDI;"mehrstimmiger Satz; Melodie in der Oberstimme";CC0;frei integrierbar;"gleiche Melodie laut Melodieverweis; Textverteilung prüfen";Melodie aus der MIDI-Oberstimme als ABC setzen, an EG-Fassung gegenlesen.
108;Mit Freuden zart zu dieser Fahrt;Georg Vetter (1566);Paris (1519) , Guillaume Franc (1543) , Böhmische Brüder (1566);Paris (1519) , Guillaume Franc (1543) , Böhmische Brüder (1566);Angabe in eg_lieder.json;ja;gemeinfrei;Georg Vetter (1536–1599, Wikidata Q1506268);gemeinfrei;"Paris (Werkjahr 1519); Guillaume Franc (1515–1570, Wikidata Q1423270); Böhmische Brüder (Werkjahr 1566)";1;Mit Freuden zart zu dieser Fahrt;255434795;0;Wikimedia Commons (MIDI, Peter Gerloff);https://commons.wikimedia.org/wiki/File%3AMit_Freuden_zart_zu_dieser_Fahrt.mid;MIDI;"mehrstimmiger Satz; Melodie in der Oberstimme";CC0;frei integrierbar;"laut Dateibeschreibung zum EG-Lied; Fassung am Gesangbuch gegenlesen";Melodie aus der MIDI-Oberstimme als ABC setzen, an EG-Fassung gegenlesen.
109;Heut triumphieret Gottes Sohn;Kaspar Stolzhagen (1591);Bartholomäus Gesius (1601);Bartholomäus Gesius (1601);Angabe in eg_lieder.json;ja;gemeinfrei;Kaspar Stolzhagen (Werkjahr 1591);gemeinfrei;Bartholomäus Gesius (1562–1613, Wikidata Q809352);1;;;0;Wikimedia Commons (MIDI, Peter Gerloff);https://commons.wikimedia.org/wiki/File%3AHeut_triumphieret_Gottes_Sohn.mid;MIDI;"mehrstimmiger Satz; Melodie in der Oberstimme";CC0;frei integrierbar;"laut Dateibeschreibung zum EG-Lied; Fassung am Gesangbuch gegenlesen";Melodie aus der MIDI-Oberstimme als ABC setzen, an EG-Fassung gegenlesen.
110;Die ganze Welt, Herr Jesu Christ;Friedrich Spee von Langenfeld (1623);Köln (1623);Köln (1623);Angabe in eg_lieder.json;ja;gemeinfrei;Friedrich Spee von Langenfeld (1591–1635, Wikidata Q77283);gemeinfrei;Köln (Werkjahr 1623);1;Die ganze Welt, Herr Jesu Christ;266200970;0;Wikimedia Commons (MIDI, Peter Gerloff);https://commons.wikimedia.org/wiki/File%3ADie_ganze_Welt%2C_Herr_Jesu_Christ.mid;MIDI;"mehrstimmiger Satz; Melodie in der Oberstimme";CC0;frei integrierbar;"laut Dateibeschreibung zum EG-Lied; Fassung am Gesangbuch gegenlesen";Melodie aus der MIDI-Oberstimme als ABC setzen, an EG-Fassung gegenlesen.
111;Frühmorgens, da die Sonn aufgeht;Johann Heermann (1630);Nikolaus Herman (1560) , Friedrich August Ihme (1882);Nikolaus Herman (1560) , Friedrich August Ihme (1882);Angabe in eg_lieder.json;ja;gemeinfrei;Johann Heermann (1585–1647, Wikidata Q65603);gemeinfrei;"Nikolaus Herman (1500–1561, Wikidata Q71706); Friedrich August Ihme (1834–1915, Wikidata Q23060757)";1;;;0;;;;;;Melodie gemeinfrei, Notenquelle fehlt;;Melodie aus gemeinfreiem Gesangbuchdruck (z. B. Zahn) selbst setzen.
112;Auf, auf, mein Herz, mit Freuden;Paul Gerhardt (1647);Johann Crüger (1647);Johann Crüger (1647);Angabe in eg_lieder.json;ja;gemeinfrei;Paul Gerhardt (1607–1676, Wikidata Q76331);gemeinfrei;Johann Crüger (1598–1662, Wikidata Q158097);1;;;0;Wikimedia Commons (MIDI, Peter Gerloff);https://commons.wikimedia.org/wiki/File%3AAuf%2C_auf%2C_mein_Herz%2C_mit_Freuden.mid;MIDI;"mehrstimmiger Satz; Melodie in der Oberstimme";Public domain;frei integrierbar;nicht geprüft;Melodie aus der MIDI-Oberstimme als ABC setzen, an EG-Fassung gegenlesen.
113;O Tod, wo ist dein Stachel nun?;Georg Weissel (1644);Es ist das Heil uns kommen her;Nun freue dich, du Christenheit;Verweis auf EG 342;ja;gemeinfrei;Georg Weissel (1590–1635, Wikidata Q711157);ungeklaert;Nun freue dich, du Christenheit (ohne Jahr, Urheber nicht ermittelt);2;;;0;Wikimedia Commons (MIDI, Peter Gerloff);https://commons.wikimedia.org/wiki/File%3AEs_ist_das_Heil_uns_kommen_her.mid;MIDI;"mehrstimmiger Satz; Melodie in der Oberstimme";CC0;ungeklärt;"gleiche Melodie laut Melodieverweis; Textverteilung prüfen";Urheber und Sterbejahr der Melodie klären, erst dann Quelle prüfen.
114;Wach auf, mein Herz, die Nacht ist hin;Laurentius Laurenti (1700);Sei Lob und Ehr dem höchsten Gut;Mainz (1390) , Nürnberg (1523) , Wittenberg (1535) , Guillaume Franc (1543) , Loys Bourgeois (1551) , Johann Crüger (1653);Verweis auf EG 326;ja;gemeinfrei;Laurentius Laurenti (Werkjahr 1700);gemeinfrei;"Mainz (Werkjahr 1390); Nürnberg (Werkjahr 1523); Wittenberg (Werkjahr 1535); Guillaume Franc (1515–1570, Wikidata Q1423270); Loys Bourgeois (1510–1560, Wikidata Q493014); Johann Crüger (1598–1662, Wikidata Q158097)";1;Wach auf, mein Herz, die Nacht ist hin;258926409;0;Wikimedia Commons (MIDI, Peter Gerloff);https://commons.wikimedia.org/wiki/File%3ASei_Lob_und_Ehr_dem_h%C3%B6chsten_Gut.mid;MIDI;"mehrstimmiger Satz; Melodie in der Oberstimme";CC0;frei integrierbar;"laut Dateibeschreibung zum EG-Lied; Fassung am Gesangbuch gegenlesen";Melodie aus der MIDI-Oberstimme als ABC setzen, an EG-Fassung gegenlesen.
115;Jesus lebt, mit ihm auch ich;Christian Fürchtegott Gellert (1757);Berlin (1653) , Halle (1704) , Albert Höfer (1859);Berlin (1653) , Halle (1704) , Albert Höfer (1859);Angabe in eg_lieder.json;ja;gemeinfrei;Christian Fürchtegott Gellert (1715–1769, Wikidata Q60584);gemeinfrei;"Berlin (Werkjahr 1653); Halle (Werkjahr 1704); Albert Höfer (1802–1857, Wikidata Q15940652)";1;Jesus lebt, mit ihm auch ich;245241756;0;Wikimedia Commons (MIDI, Peter Gerloff);https://commons.wikimedia.org/wiki/File%3AJesus%2C_meine_Zuversicht_%281653%29.mid | https://commons.wikimedia.org/wiki/File%3AJesus%2C_meine_Zuversicht.mid;MIDI;"mehrstimmiger Satz; Melodie in der Oberstimme";CC0;frei integrierbar;"laut Dateibeschreibung zum EG-Lied; Fassung am Gesangbuch gegenlesen";Melodie aus der MIDI-Oberstimme als ABC setzen, an EG-Fassung gegenlesen.
116;Er ist erstanden, Halleluja;Ulrich S. Leupold (1969);Tansania;Tansania;Angabe in eg_lieder.json;nein;geschuetzt;Ulrich S. Leupold (1909–1970, Wikidata Q15450255);ungeklaert;Tansania (ohne Jahr, Urheber nicht ermittelt);5;;;0;;;;;;ungeklärt;;Urheber und Sterbejahr der Melodie klären, erst dann Quelle prüfen.
117;Der schöne Ostertag;Jürgen Henkys (1983);Dirk Raphaelszoon Camphuysien (1624);Dirk Raphaelszoon Camphuysien (1624);Angabe in eg_lieder.json;nein;geschuetzt;Jürgen Henkys (1929–2015, Wikidata Q110422);gemeinfrei;Dirk Raphaelszoon Camphuysien (Werkjahr 1624);3;Der schöne Ostertag;265953784;0;Wikimedia Commons (MIDI, Peter Gerloff);https://commons.wikimedia.org/wiki/File%3ADer_sch%C3%B6ne_Ostertag_%28Hoe_groot_de_vrugten_zijn%29.mid;MIDI;"mehrstimmiger Satz; Melodie in der Oberstimme";CC0;frei integrierbar;nicht geprüft;Melodie aus der MIDI-Oberstimme als ABC setzen, an EG-Fassung gegenlesen.
118;Der Herr ist auferstanden (Kanon);Aus der Bibel;Karl Marx (1947) , Paul Ernst Ruppel (1955);Karl Marx (1947) , Paul Ernst Ruppel (1955);Angabe in eg_lieder.json;ja;ungeklaert;Aus der Bibel (ohne Jahr, Urheber nicht ermittelt);geschuetzt;"Karl Marx (1897–1985, Wikidata Q882538); Paul Ernst Ruppel (1913–2006, Wikidata Q2059450)";5;;;0;;;;;;nicht ohne Lizenz (Melodie geschützt);;"Keine Noten übernehmen; Rechteinhaber/Verlag anfragen oder verzichten."
119;Gen Himmel aufgefahren ist;Bartholomäus Gesius (1601);Melchior Franck (1627);Melchior Franck (1627);Angabe in eg_lieder.json;ja;gemeinfrei;Bartholomäus Gesius (1562–1613, Wikidata Q809352);gemeinfrei;Melchior Franck (1579–1639, Wikidata Q702197);1;;;0;Wikimedia Commons (MIDI, Peter Gerloff);https://commons.wikimedia.org/wiki/File%3AGen_Himmel_aufgefahren_ist.mid;MIDI;"mehrstimmiger Satz; Melodie in der Oberstimme";CC0;frei integrierbar;"laut Dateibeschreibung zum EG-Lied; Fassung am Gesangbuch gegenlesen";Melodie aus der MIDI-Oberstimme als ABC setzen, an EG-Fassung gegenlesen.
120;Christ fuhr gen Himmel;Crailsheim (1480) , Johann Leisentrit (1567);Christ ist erstanden von der Marter alle;Passau (1090) , Salzburg (1160) , Wittenberg (1530);Verweis auf EG 99;ja;gemeinfrei;"Crailsheim (Werkjahr 1480); Johann Leisentrit (Werkjahr 1567)";gemeinfrei;"Passau (Werkjahr 1090); Salzburg (Werkjahr 1160); Wittenberg (Werkjahr 1530)";1;;;0;Wikimedia Commons (MIDI, Peter Gerloff);https://commons.wikimedia.org/wiki/File%3AChrist_fuhr_gen_Himmel_%28EG%29.mid | https://commons.wikimedia.org/wiki/File%3AChrist_ist_erstanden_%28EG%29.mid;MIDI;"mehrstimmiger Satz; Melodie in der Oberstimme";CC0;frei integrierbar;"laut Dateibeschreibung zum EG-Lied; Fassung am Gesangbuch gegenlesen";Melodie aus der MIDI-Oberstimme als ABC setzen, an EG-Fassung gegenlesen.
121;Wir danken dir, Herr Jesu Christ, dass du gen Himmel g'fahren bist;Michael Praetorius (1607);Heut triumphieret Gottes Sohn;Bartholomäus Gesius (1601);Verweis auf EG 109;ja;gemeinfrei;Michael Praetorius (1571–1621, Wikidata Q108278 oder 1515–1583, Wikidata Q30245835);gemeinfrei;Bartholomäus Gesius (1562–1613, Wikidata Q809352);1;;;0;Wikimedia Commons (MIDI, Peter Gerloff);https://commons.wikimedia.org/wiki/File%3AHeut_triumphieret_Gottes_Sohn.mid;MIDI;"mehrstimmiger Satz; Melodie in der Oberstimme";CC0;frei integrierbar;"gleiche Melodie laut Melodieverweis; Textverteilung prüfen";Melodie aus der MIDI-Oberstimme als ABC setzen, an EG-Fassung gegenlesen.
122;Auf Christi Himmelfahrt allein;Josua Wegelin (1636) , Ernst Sonnemann (1661);Es ist gewisslich an der Zeit;Martin Luther (1529);Verweis auf EG 149;ja;gemeinfrei;"Josua Wegelin (1604–1640, Wikidata Q30819217); Ernst Sonnemann (1630–1670, Wikidata Q100892)";gemeinfrei;Martin Luther (1483–1546, Wikidata Q9554);1;Auf Christi Himmelfahrt allein;269226564;0;Wikimedia Commons (MIDI, Peter Gerloff);https://commons.wikimedia.org/wiki/File%3AEs_ist_gewisslich_an_der_Zeit.mid;MIDI;"mehrstimmiger Satz; Melodie in der Oberstimme";CC0;frei integrierbar;"laut Dateibeschreibung zum EG-Lied; Fassung am Gesangbuch gegenlesen";Melodie aus der MIDI-Oberstimme als ABC setzen, an EG-Fassung gegenlesen.
123;Jesus Christus herrscht als König;Philipp Friedrich Hiller (1755);Alles ist an Gottes Segen;Johann Löhner (1691) , Adam Hiller (1793);Verweis auf EG 352;ja;gemeinfrei;Philipp Friedrich Hiller (1699–1769, Wikidata Q95384);gemeinfrei;"Johann Löhner (1645–1705, Wikidata Q1631048); Adam Hiller (Werkjahr 1793)";1;Jesus Christus herrscht als König;258739211;0;Wikimedia Commons (MIDI, Peter Gerloff);https://commons.wikimedia.org/wiki/File%3AAlles_ist_an_Gottes_Segen.mid;MIDI;"mehrstimmiger Satz; Melodie in der Oberstimme";CC0;frei integrierbar;nicht geprüft;Melodie aus der MIDI-Oberstimme als ABC setzen, an EG-Fassung gegenlesen.
124;Nun bitten wir den Heiligen Geist;Martin Luther (1524);Böhmen (1420) , Wittenberg (1524);Böhmen (1420) , Wittenberg (1524);Angabe in eg_lieder.json;ja;gemeinfrei;Martin Luther (1483–1546, Wikidata Q9554);gemeinfrei;"Böhmen (Werkjahr 1420); Wittenberg (Werkjahr 1524)";1;Nun bitten wir den Heiligen Geist;269979920;1;Wikimedia Commons (MIDI, Peter Gerloff);https://commons.wikimedia.org/wiki/File%3ANun_bitten_wir_den_Heiligen_Geist_%28EG%29.mid;MIDI;"mehrstimmiger Satz; Melodie in der Oberstimme";CC0;frei integrierbar;"laut Dateibeschreibung zum EG-Lied; Fassung am Gesangbuch gegenlesen";Melodie aus der MIDI-Oberstimme als ABC setzen, an EG-Fassung gegenlesen.
125;Komm, Heiliger Geist, Herre Gott;Ebersberg (1480) , Martin Luther (1524);Ebersberg (1480) , Erfurt (1524);Ebersberg (1480) , Erfurt (1524);Angabe in eg_lieder.json;ja;gemeinfrei;"Ebersberg (Werkjahr 1480); Martin Luther (1483–1546, Wikidata Q9554)";gemeinfrei;"Ebersberg (Werkjahr 1480); Erfurt (Werkjahr 1524)";1;Komm, Heiliger Geist, Herre Gott;270877115;0;Wikimedia Commons (MIDI, Peter Gerloff);https://commons.wikimedia.org/wiki/File%3AKomm%2C_Heiliger_Geist%2C_Herre_Gott.mid;MIDI;"mehrstimmiger Satz; Melodie in der Oberstimme";CC0;frei integrierbar;"laut Dateibeschreibung zum EG-Lied; Fassung am Gesangbuch gegenlesen";Melodie aus der MIDI-Oberstimme als ABC setzen, an EG-Fassung gegenlesen.
126;Komm, Gott Schöpfer, Heiliger Geist;Martin Luther (1524);Kempten (1000) , Erfurt (1524) , Martin Luther (1529);Kempten (1000) , Erfurt (1524) , Martin Luther (1529);Angabe in eg_lieder.json;ja;gemeinfrei;Martin Luther (1483–1546, Wikidata Q9554);gemeinfrei;"Kempten (Werkjahr 1000); Erfurt (Werkjahr 1524); Martin Luther (1483–1546, Wikidata Q9554)";1;;;0;Wikimedia Commons (MIDI, Peter Gerloff);https://commons.wikimedia.org/wiki/File%3AKomm%2C_Gott_Sch%C3%B6pfer%2C_Heiliger_Geist.mid;MIDI;"mehrstimmiger Satz; Melodie in der Oberstimme";CC0;frei integrierbar;"laut Dateibeschreibung zum EG-Lied; Fassung am Gesangbuch gegenlesen";Melodie aus der MIDI-Oberstimme als ABC setzen, an EG-Fassung gegenlesen.
127;Jauchz, Erd, und Himmel, juble hell;Ambrosius Blarer (1533) , Friedrich Spitta (1911) , Günter Balders (1977);Es sind doch selig alle, die;Matthäus Greiter (1525);manuell (manual_overrides.json);ja;geschuetzt;"Ambrosius Blarer (1492–1564, Wikidata Q77820); Friedrich Spitta (1852–1924, Wikidata Q86882); Günter Balders (1942–, Wikidata Q1560299)";gemeinfrei;Matthäus Greiter (1495–1550, Wikidata Q316096);3;;;0;Wikimedia Commons (MIDI, Peter Gerloff);https://commons.wikimedia.org/wiki/File%3AO_Mensch%2C_bewein_dein_S%C3%BCnde_gro%C3%9F_%28EG%29.mid;MIDI;"mehrstimmiger Satz; Melodie in der Oberstimme";CC0;frei integrierbar;"laut Dateibeschreibung zum EG-Lied; Fassung am Gesangbuch gegenlesen";Melodie aus der MIDI-Oberstimme als ABC setzen, an EG-Fassung gegenlesen.
128;Heilger Geist, du Tröster mein;Martin Moller (1584);Bremen (1200);Bremen (1200);Angabe in eg_lieder.json;ja;gemeinfrei;Martin Moller (1547–1606, Wikidata Q96656);gemeinfrei;Bremen (Werkjahr 1200);1;;;0;Wikimedia Commons (MIDI, Peter Gerloff);https://commons.wikimedia.org/wiki/File%3AHeilger_Geist%2C_du_Tr%C3%B6ster_mein.mid;MIDI;"mehrstimmiger Satz; Melodie in der Oberstimme";CC0;frei integrierbar;"laut Dateibeschreibung zum EG-Lied; Fassung am Gesangbuch gegenlesen";Melodie aus der MIDI-Oberstimme als ABC setzen, an EG-Fassung gegenlesen.
129;Freut euch, ihr Christen alle, Gott schenkt uns seinen Sohn;Georg Werner (1639);Zieh ein zu deinen Toren;Johann Crüger (1653);Verweis auf EG 133;ja;gemeinfrei;Georg Werner (1589–1643, Wikidata Q6236549);gemeinfrei;Johann Crüger (1598–1662, Wikidata Q158097);1;;;0;Wikimedia Commons (MIDI, Peter Gerloff);https://commons.wikimedia.org/wiki/File%3AZieh_ein_zu_deinen_Toren.mid;MIDI;"mehrstimmiger Satz; Melodie in der Oberstimme";CC0;frei integrierbar;"gleiche Melodie laut Melodieverweis; Textverteilung prüfen";Melodie aus der MIDI-Oberstimme als ABC setzen, an EG-Fassung gegenlesen.
130;O Heilger Geist, kehr bei uns ein;Michael Schirmer (1640);Wie schön leuchtet der Morgenstern;Straßburg (1538) , Philipp Nicolai (1597);Verweis auf EG 70;ja;gemeinfrei;Michael Schirmer (1606–1673, Wikidata Q77479);gemeinfrei;"Straßburg (Werkjahr 1538); Philipp Nicolai (1556–1608, Wikidata Q706203)";1;;;0;Wikimedia Commons (MIDI, Peter Gerloff);https://commons.wikimedia.org/wiki/File%3AWie_sch%C3%B6n_leuchtet_der_Morgenstern.mid;MIDI;"mehrstimmiger Satz; Melodie in der Oberstimme";CC0;frei integrierbar;"gleiche Melodie laut Melodieverweis; Textverteilung prüfen";Melodie aus der MIDI-Oberstimme als ABC setzen, an EG-Fassung gegenlesen.
131;O Heiliger Geist, o heiliger Gott;Johannes Niedling (1651);Köln (1623) , Samuel Scheidt (1650);Köln (1623) , Samuel Scheidt (1650);Angabe in eg_lieder.json;ja;gemeinfrei;Johannes Niedling (1602–1668, Wikidata Q114304);gemeinfrei;"Köln (Werkjahr 1623); Samuel Scheidt (1587–1654, Wikidata Q169291)";1;;;0;Wikimedia Commons (MIDI, Peter Gerloff);https://commons.wikimedia.org/wiki/File%3AO_Heiliger_Geist%2C_o_heiliger_Gott_-_O_Jesulein_s%C3%BC%C3%9F%2C_o_Jesulein_mild.mid;MIDI;"mehrstimmiger Satz; Melodie in der Oberstimme";CC0;frei integrierbar;"laut Dateibeschreibung zum EG-Lied; Fassung am Gesangbuch gegenlesen";Melodie aus der MIDI-Oberstimme als ABC setzen, an EG-Fassung gegenlesen.
132;Ihr werdet die Kraft des Heiligen Geistes;Aus der Bibel;Paul Ernst Ruppel (1963);Paul Ernst Ruppel (1963);Angabe in eg_lieder.json;ja;ungeklaert;Aus der Bibel (ohne Jahr, Urheber nicht ermittelt);geschuetzt;Paul Ernst Ruppel (1913–2006, Wikidata Q2059450);5;;;0;;;;;;nicht ohne Lizenz (Melodie geschützt);;"Keine Noten übernehmen; Rechteinhaber/Verlag anfragen oder verzichten."
133;Zieh ein zu deinen Toren;Paul Gerhardt (1653);Johann Crüger (1653);Johann Crüger (1653);Angabe in eg_lieder.json;ja;gemeinfrei;Paul Gerhardt (1607–1676, Wikidata Q76331);gemeinfrei;Johann Crüger (1598–1662, Wikidata Q158097);1;;;0;Wikimedia Commons (MIDI, Peter Gerloff);https://commons.wikimedia.org/wiki/File%3AZieh_ein_zu_deinen_Toren.mid;MIDI;"mehrstimmiger Satz; Melodie in der Oberstimme";CC0;frei integrierbar;"laut Dateibeschreibung zum EG-Lied; Fassung am Gesangbuch gegenlesen";Melodie aus der MIDI-Oberstimme als ABC setzen, an EG-Fassung gegenlesen.
134;Komm, o komm, du Geist des Lebens;Heinrich Held (1658);Liebe, die du mich zum Bilde;Johann Gottlieb Naumann , Meiningen (1693) , Darmstadt (1698);Verweis auf EG 401;ja;gemeinfrei;Heinrich Held (1620–1659, Wikidata Q1597567);gemeinfrei;"Johann Gottlieb Naumann (1741–1801, Wikidata Q213927); Meiningen (Werkjahr 1693); Darmstadt (Werkjahr 1698)";1;;;0;Wikimedia Commons (MIDI, Peter Gerloff);https://commons.wikimedia.org/wiki/File%3AKomm%2C_o_komm%2C_du_Geist_des_Lebens.mid;MIDI;"mehrstimmiger Satz; Melodie in der Oberstimme";CC0;frei integrierbar;"laut Dateibeschreibung zum EG-Lied; Fassung am Gesangbuch gegenlesen";Melodie aus der MIDI-Oberstimme als ABC setzen, an EG-Fassung gegenlesen.
135;Schmückt das Fest mit Maien;Benjamin Schmolck (1715);Christian Friedrich Witt (1715) , Arnold Mendelssohn (1905) , Paul Kretzschmar (1947);Christian Friedrich Witt (1715) , Arnold Mendelssohn (1905) , Paul Kretzschmar (1947);Angabe in eg_lieder.json;ja;gemeinfrei;Benjamin Schmolck (Werkjahr 1715);ungeklaert;"Christian Friedrich Witt (1660–1717, Wikidata Q92064); Arnold Mendelssohn (1855–1933, Wikidata Q537538); Paul Kretzschmar (Sterbejahr nicht ermittelt)";4;;;0;Wikimedia Commons (MIDI, Peter Gerloff);https://commons.wikimedia.org/wiki/File%3ASchm%C3%BCckt_das_Fest_mit_Maien.mid;MIDI;"mehrstimmiger Satz; Melodie in der Oberstimme";CC0;ungeklärt;"laut Dateibeschreibung zum EG-Lied; Fassung am Gesangbuch gegenlesen";Urheber und Sterbejahr der Melodie klären, erst dann Quelle prüfen.
136;O komm, du Geist der Wahrheit;Philipp Spitta (1827);Lob Gott getrost mit Singen;Böhmische Brüder (1544) , Johann Crüger (1662);Verweis auf EG 243;ja;gemeinfrei;Philipp Spitta (1801–1859, Wikidata Q456355);gemeinfrei;"Böhmische Brüder (Werkjahr 1544); Johann Crüger (1598–1662, Wikidata Q158097)";1;O komm, du Geist der Wahrheit;263503508;0;Wikimedia Commons (MIDI, Peter Gerloff);https://commons.wikimedia.org/wiki/File%3ALob_Gott_getrost_mit_Singen.mid;MIDI;"mehrstimmiger Satz; Melodie in der Oberstimme";CC0;frei integrierbar;"laut Dateibeschreibung zum EG-Lied; Fassung am Gesangbuch gegenlesen";Melodie aus der MIDI-Oberstimme als ABC setzen, an EG-Fassung gegenlesen.
137;Geist des Glaubens, Geist der Stärke;Philipp Spitta (1833);O Durchbrecher aller Bande;Halle (1704);Verweis auf EG 388;ja;gemeinfrei;Philipp Spitta (1801–1859, Wikidata Q456355);gemeinfrei;Halle (Werkjahr 1704);1;;;0;Wikimedia Commons (MIDI, Peter Gerloff);https://commons.wikimedia.org/wiki/File%3AO_Durchbrecher_aller_Bande.mid;MIDI;"mehrstimmiger Satz; Melodie in der Oberstimme";CC0;frei integrierbar;"gleiche Melodie laut Melodieverweis; Textverteilung prüfen";Melodie aus der MIDI-Oberstimme als ABC setzen, an EG-Fassung gegenlesen.
138;Gott der Vater steh uns bei (Gott der Vater wohn uns bei);Martin Luther (1524);Halberstadt (1500) , Wittenberg (1524);Halberstadt (1500) , Wittenberg (1524);Angabe in eg_lieder.json;ja;gemeinfrei;Martin Luther (1483–1546, Wikidata Q9554);gemeinfrei;"Halberstadt (Werkjahr 1500); Wittenberg (Werkjahr 1524)";1;Gott der Vater steh uns bei;271042471;0;Wikimedia Commons (MIDI, Peter Gerloff);https://commons.wikimedia.org/wiki/File%3AGott_der_Vater_steh_uns_bei_%28EG_138%29.mid;MIDI;"mehrstimmiger Satz; Melodie in der Oberstimme";CC0;frei integrierbar;"laut Dateibeschreibung zum EG-Lied; Fassung am Gesangbuch gegenlesen";Melodie aus der MIDI-Oberstimme als ABC setzen, an EG-Fassung gegenlesen.
139;Gelobet sei der Herr, mein Gott, mein Licht, mein Leben;Johannes Olearius (1665);Nun danket alle Gott;Leipzig (1636) , Johann Crüger (1647);Verweis auf EG 321;ja;gemeinfrei;Johannes Olearius (1546–1623, Wikidata Q1250101 oder 1611–1684, Wikidata Q87418 oder 1639–1713, Wikidata Q1698108);gemeinfrei;"Leipzig (Werkjahr 1636); Johann Crüger (1598–1662, Wikidata Q158097)";1;;;0;Wikimedia Commons (MIDI, Peter Gerloff);https://commons.wikimedia.org/wiki/File%3ANun_danket_alle_Gott_%28EG%2C_sp%C3%A4tere_Form%29.mid | https://commons.wikimedia.org/wiki/File%3ANun_danket_alle_Gott_%28%C3%96-Version%29.mid;MIDI;"mehrstimmiger Satz; Melodie in der Oberstimme";CC BY-SA 3.0, CC0;unter Bedingungen nutzbar (Namensnennung, ggf. Weitergabe unter gleichen Bedingungen);"gleiche Melodie laut Melodieverweis; Textverteilung prüfen";"Als Vorlage für eigenen Notensatz nutzen; bei Übernahme der Datei Lizenzhinweis führen."
140;Brunn alles Heils, dich ehren wir;Gerhard Tersteegen (1745);Herr Gott, dich loben alle wir;Genf (1551);manuell (manual_overrides.json);ja;gemeinfrei;Gerhard Tersteegen (1697–1769, Wikidata Q67283);gemeinfrei;Genf (Werkjahr 1551);1;;;0;Wikimedia Commons (MIDI, Peter Gerloff);https://commons.wikimedia.org/wiki/File%3ALobt_Gott%2C_den_Herrn_der_Herrlichkeit.mid;MIDI;"mehrstimmiger Satz; Melodie in der Oberstimme";CC0;frei integrierbar;"laut Dateibeschreibung zum EG-Lied; Fassung am Gesangbuch gegenlesen";Melodie aus der MIDI-Oberstimme als ABC setzen, an EG-Fassung gegenlesen.
141;Wir wollen singn ein Lobgesang;Nikolaus Herman (1560);Bartholomäus Gesius (1603);Bartholomäus Gesius (1603);Angabe in eg_lieder.json;ja;gemeinfrei;Nikolaus Herman (1500–1561, Wikidata Q71706);gemeinfrei;Bartholomäus Gesius (1562–1613, Wikidata Q809352);1;;;0;;;;;;Melodie gemeinfrei, Notenquelle fehlt;;Melodie aus gemeinfreiem Gesangbuchdruck (z. B. Zahn) selbst setzen.
142;Gott, aller Schöpfung heilger Herr;Ernst Hofmann (1971);Herr Gott, dich loben alle wir;Genf (1551);manuell (manual_overrides.json);nein;geschuetzt;Ernst Hofmann (Werkjahr 1971);gemeinfrei;Genf (Werkjahr 1551);3;;;0;Wikimedia Commons (MIDI, Peter Gerloff);https://commons.wikimedia.org/wiki/File%3ALobt_Gott%2C_den_Herrn_der_Herrlichkeit.mid;MIDI;"mehrstimmiger Satz; Melodie in der Oberstimme";CC0;frei integrierbar;"laut Dateibeschreibung zum EG-Lied; Fassung am Gesangbuch gegenlesen";Melodie aus der MIDI-Oberstimme als ABC setzen, an EG-Fassung gegenlesen.
143;Heut singt die liebe Christenheit;Nikolaus Herman (1560) , Detlev Block (1985);Nürnberg (1555);Nürnberg (1555);Angabe in eg_lieder.json;ja;geschuetzt;"Nikolaus Herman (1500–1561, Wikidata Q71706); Detlev Block (1934–2022, Wikidata Q1201410)";gemeinfrei;Nürnberg (Werkjahr 1555);3;;;0;;;;;;Melodie gemeinfrei, Notenquelle fehlt;;Melodie aus gemeinfreiem Gesangbuchdruck (z. B. Zahn) selbst setzen.
144;Aus tiefer Not lasst uns zu Gott;Michael Weiße (1531);Aus tiefer Not schrei ich zu dir;Wolfgang Dachstein (1524) , Martin Luther (1524) , Hans Leo Haßler (1601);Verweis auf EG 299;ja;gemeinfrei;Michael Weiße (1488–1534, Wikidata Q74773);gemeinfrei;"Wolfgang Dachstein (1487–1553, Wikidata Q2589406); Martin Luther (1483–1546, Wikidata Q9554); Hans Leo Haßler (1564–1612, Wikidata Q164882)";1;;;0;Wikimedia Commons (MIDI, Peter Gerloff);https://commons.wikimedia.org/wiki/File%3AAus_tiefer_Not_schrei_ich_zu_dir_%28Dachstein%29.mid | https://commons.wikimedia.org/wiki/File%3AAus_tiefer_Not_schrei_ich_zu_dir_%28Luther%2C_EG%29.mid;MIDI;"mehrstimmiger Satz; Melodie in der Oberstimme";CC0;frei integrierbar;"gleiche Melodie laut Melodieverweis; Textverteilung prüfen";Melodie aus der MIDI-Oberstimme als ABC setzen, an EG-Fassung gegenlesen.
145;Wach auf, wach auf, du deutsches Land;Johann Walter (1561);Johann Walter (1561);Johann Walter (1561);Angabe in eg_lieder.json;ja;gemeinfrei;Johann Walter (1496–1570, Wikidata Q702924);gemeinfrei;Johann Walter (1496–1570, Wikidata Q702924);1;Wach auf, wach auf, du deutsches Land;255374122;0;Wikimedia Commons (MIDI, Peter Gerloff);https://commons.wikimedia.org/wiki/File%3AWach_auf%2C_wach_auf%2C_du_deutsches_Land.mid;MIDI;"mehrstimmiger Satz; Melodie in der Oberstimme";CC0;frei integrierbar;"laut Dateibeschreibung zum EG-Lied; Fassung am Gesangbuch gegenlesen";Melodie aus der MIDI-Oberstimme als ABC setzen, an EG-Fassung gegenlesen.
146;Nimm von uns, Herr, du treuer Gott;Martin Moller (1584);Vater unser im Himmelreich;Leipzig (1539) , Martin Luther (1539);Verweis auf EG 344;ja;gemeinfrei;Martin Moller (1547–1606, Wikidata Q96656);gemeinfrei;"Leipzig (Werkjahr 1539); Martin Luther (1483–1546, Wikidata Q9554)";1;Nimm von uns, Herr, du treuer Gott;257240846;0;Wikimedia Commons (MIDI, Peter Gerloff);https://commons.wikimedia.org/wiki/File%3AVater_unser_im_Himmelreich.mid;MIDI;"mehrstimmiger Satz; Melodie in der Oberstimme";CC0;frei integrierbar;"gleiche Melodie laut Melodieverweis; Textverteilung prüfen";Melodie aus der MIDI-Oberstimme als ABC setzen, an EG-Fassung gegenlesen.
147;Wachet auf, ruft uns die Stimme;Philipp Nicolai (1599);Hans Sachs (1513) , Philipp Nicolai (1599);Hans Sachs (1513) , Philipp Nicolai (1599);Angabe in eg_lieder.json;ja;gemeinfrei;Philipp Nicolai (1556–1608, Wikidata Q706203);gemeinfrei;"Hans Sachs (Werkjahr 1513); Philipp Nicolai (1556–1608, Wikidata Q706203)";1;Wachet auf, ruft uns die Stimme;260954506;1;Wikimedia Commons (MIDI, Peter Gerloff);https://commons.wikimedia.org/wiki/File%3AWachet_auf%2C_ruft_uns_die_Stimme.mid;MIDI;"mehrstimmiger Satz; Melodie in der Oberstimme";CC0;frei integrierbar;"laut Dateibeschreibung zum EG-Lied; Fassung am Gesangbuch gegenlesen";Melodie aus der MIDI-Oberstimme als ABC setzen, an EG-Fassung gegenlesen.
148;Herzlich tut mich erfreuen;Johann Walter (1552);Wittenberg (1545);Wittenberg (1545);Angabe in eg_lieder.json;ja;gemeinfrei;Johann Walter (1496–1570, Wikidata Q702924);gemeinfrei;Wittenberg (Werkjahr 1545);1;;;0;Wikimedia Commons (MIDI, Peter Gerloff);https://commons.wikimedia.org/wiki/File%3AHerzlich_tut_mich_erfreuen.mid;MIDI;"mehrstimmiger Satz; Melodie in der Oberstimme";CC0;frei integrierbar;"laut Dateibeschreibung zum EG-Lied; Fassung am Gesangbuch gegenlesen";Melodie aus der MIDI-Oberstimme als ABC setzen, an EG-Fassung gegenlesen.
149;Es ist gewisslich an der Zeit;Bartholomäus Ringwaldt (1582);Martin Luther (1529);Martin Luther (1529);Angabe in eg_lieder.json;ja;gemeinfrei;Bartholomäus Ringwaldt (1530–1599, Wikidata Q67820);gemeinfrei;Martin Luther (1483–1546, Wikidata Q9554);1;;;0;Wikimedia Commons (MIDI, Peter Gerloff);https://commons.wikimedia.org/wiki/File%3AEs_ist_gewisslich_an_der_Zeit.mid;MIDI;"mehrstimmiger Satz; Melodie in der Oberstimme";CC0;frei integrierbar;"laut Dateibeschreibung zum EG-Lied; Fassung am Gesangbuch gegenlesen";Melodie aus der MIDI-Oberstimme als ABC setzen, an EG-Fassung gegenlesen.
150;Jerusalem, du hochgebaute Stadt;Johann Matthäus Meyfart (1626);Melchior Franck (1663) , Darmstadt (1698);Melchior Franck (1663) , Darmstadt (1698);Angabe in eg_lieder.json;ja;gemeinfrei;Johann Matthäus Meyfart (1590–1642, Wikidata Q105199);gemeinfrei;"Melchior Franck (1579–1639, Wikidata Q702197); Darmstadt (Werkjahr 1698)";1;Jerusalem, du hochgebaute Stadt;258651916;0;Wikimedia Commons (MIDI, Peter Gerloff);https://commons.wikimedia.org/wiki/File%3AJerusalem%2C_du_hochgebaute_Stadt.mid;MIDI;"mehrstimmiger Satz; Melodie in der Oberstimme";CC0;frei integrierbar;"laut Dateibeschreibung zum EG-Lied; Fassung am Gesangbuch gegenlesen";Melodie aus der MIDI-Oberstimme als ABC setzen, an EG-Fassung gegenlesen.
151;Ermuntert euch, ihr Frommen;Laurentius Laurenti (1700);Wittenberg (1545) , Georg Friedrich Händel (1746);Wittenberg (1545) , Georg Friedrich Händel (1746);Angabe in eg_lieder.json;ja;gemeinfrei;Laurentius Laurenti (Werkjahr 1700);gemeinfrei;"Wittenberg (Werkjahr 1545); Georg Friedrich Händel (1685–1759, Wikidata Q7302)";1;;;0;;;;;;Melodie gemeinfrei, Notenquelle fehlt;;Melodie aus gemeinfreiem Gesangbuchdruck (z. B. Zahn) selbst setzen.
152;Wir warten dein, o Gottessohn;Philipp Friedrich Hiller (1767);Was Gott tut, das ist wohlgetan;Severus Gastorius (1679);Verweis auf EG 372;ja;gemeinfrei;Philipp Friedrich Hiller (1699–1769, Wikidata Q95384);gemeinfrei;Severus Gastorius (1647–1682, Wikidata Q5753027);1;;;0;Wikimedia Commons (MIDI, Peter Gerloff);https://commons.wikimedia.org/wiki/File%3AWas_Gott_tut%2C_das_ist_wohlgetan.mid;MIDI;"mehrstimmiger Satz; Melodie in der Oberstimme";CC0;frei integrierbar;"gleiche Melodie laut Melodieverweis; Textverteilung prüfen";Melodie aus der MIDI-Oberstimme als ABC setzen, an EG-Fassung gegenlesen.
153;Der Himmel, der ist, ist nicht der Himmel, der kommt;Kurt Marti (1971);Winfried Heurich (1980);Winfried Heurich (1980);Angabe in eg_lieder.json;nein;geschuetzt;Kurt Marti (1921–2017, Wikidata Q123494);geschuetzt;Winfried Heurich (1940–, Wikidata Q2584220);6;;;0;;;;;;nicht ohne Lizenz (Melodie geschützt);;"Keine Noten übernehmen; Rechteinhaber/Verlag anfragen oder verzichten."
154;Herr, mach uns stark im Mut, der dich bekennt;Anna Martina Gottschick (1972) , Jürgen Henkys (1988);Ralph Vaughan Williams (1906);Ralph Vaughan Williams (1906);Angabe in eg_lieder.json;nein;geschuetzt;"Anna Martina Gottschick (1914–1995, Wikidata Q562404); Jürgen Henkys (1929–2015, Wikidata Q110422)";geschuetzt;Ralph Vaughan Williams (1872–1958, Wikidata Q207947);6;;;0;Wikimedia Commons (MIDI, Peter Gerloff);https://commons.wikimedia.org/wiki/File%3AF%C3%BCr_alle_Heilgen.mid;MIDI;"mehrstimmiger Satz; Melodie in der Oberstimme";CC0;nicht ohne Lizenz (Melodie geschützt);"laut Dateibeschreibung zum EG-Lied; Fassung am Gesangbuch gegenlesen";"Keine Noten übernehmen; Rechteinhaber/Verlag anfragen oder verzichten."
155;Herr Jesu Christ, dich zu uns wend;Wilhelm II Herzog zu Sachsen-Weimar (1648) , Gotha (1651);Gochsheim (1628) , Görlitz (1648) , Gotha (1651);Gochsheim (1628) , Görlitz (1648) , Gotha (1651);Angabe in eg_lieder.json;ja;gemeinfrei;"Wilhelm II Herzog zu Sachsen-Weimar (Werkjahr 1648); Gotha (Werkjahr 1651)";gemeinfrei;"Gochsheim (Werkjahr 1628); Görlitz (Werkjahr 1648); Gotha (Werkjahr 1651)";1;Herr Jesu Christ, dich zu uns wend;268797596;0;Wikimedia Commons (MIDI, Peter Gerloff);https://commons.wikimedia.org/wiki/File%3AHerr_Jesu_Christ%2C_dich_zu_uns_wend.mid;MIDI;"mehrstimmiger Satz; Melodie in der Oberstimme";CC0;frei integrierbar;"laut Dateibeschreibung zum EG-Lied; Fassung am Gesangbuch gegenlesen";Melodie aus der MIDI-Oberstimme als ABC setzen, an EG-Fassung gegenlesen.
156;Komm, Heiliger Geist, erfüll die Herzen deiner Gläubigen;Nördlingen (1522);Erfurt (1525);Erfurt (1525);Angabe in eg_lieder.json;ja;gemeinfrei;Nördlingen (Werkjahr 1522);gemeinfrei;Erfurt (Werkjahr 1525);1;;;0;;;;;;Melodie gemeinfrei, Notenquelle fehlt;;Melodie aus gemeinfreiem Gesangbuchdruck (z. B. Zahn) selbst setzen.
157;Lass mich dein sein und bleiben;Nikolaus Selnecker (1572);Valet will ich dir geben;Melchior Teschner (1614);Verweis auf EG 523;ja;gemeinfrei;Nikolaus Selnecker (1530–1592, Wikidata Q64014);gemeinfrei;Melchior Teschner (1584–1635, Wikidata Q92388);1;;;0;Wikimedia Commons (MIDI, Peter Gerloff);https://commons.wikimedia.org/wiki/File%3AValet_will_ich_dir_geben_%28EG%29.mid;MIDI;"mehrstimmiger Satz; Melodie in der Oberstimme";Public domain;frei integrierbar;"laut Dateibeschreibung zum EG-Lied; Fassung am Gesangbuch gegenlesen";Melodie aus der MIDI-Oberstimme als ABC setzen, an EG-Fassung gegenlesen.
158;O Christe, Morgensterne;Leipzig (1579);Bartholomäus Gesius (1605);Bartholomäus Gesius (1605);Angabe in eg_lieder.json;ja;gemeinfrei;Leipzig (Werkjahr 1579);gemeinfrei;Bartholomäus Gesius (1562–1613, Wikidata Q809352);1;;;0;Wikimedia Commons (MIDI, Peter Gerloff);https://commons.wikimedia.org/wiki/File%3AO_Christe%2C_Morgensterne.mid;MIDI;"mehrstimmiger Satz; Melodie in der Oberstimme";CC0;frei integrierbar;"laut Dateibeschreibung zum EG-Lied; Fassung am Gesangbuch gegenlesen";Melodie aus der MIDI-Oberstimme als ABC setzen, an EG-Fassung gegenlesen.
159;Fröhlich wir nun all fangen an;Zachäus Faber (1601);Straßburg (1538);Straßburg (1538);Angabe in eg_lieder.json;ja;gemeinfrei;Zachäus Faber (1554–1628, Wikidata Q139804);gemeinfrei;Straßburg (Werkjahr 1538);1;;;0;Wikimedia Commons (MIDI, Peter Gerloff);https://commons.wikimedia.org/wiki/File%3AFr%C3%B6hlich_wir_nun_all_fangen_an.mid;MIDI;"mehrstimmiger Satz; Melodie in der Oberstimme";CC0;frei integrierbar;"laut Dateibeschreibung zum EG-Lied; Fassung am Gesangbuch gegenlesen";Melodie aus der MIDI-Oberstimme als ABC setzen, an EG-Fassung gegenlesen.
160;Gott Vater, dir sei Dank gesagt;David Denicke (1652);Guillaume Franc (1542) , Loys Bourgeois (1551);Guillaume Franc (1542) , Loys Bourgeois (1551);Angabe in eg_lieder.json;ja;gemeinfrei;David Denicke (1603–1680, Wikidata Q67273);gemeinfrei;"Guillaume Franc (1515–1570, Wikidata Q1423270); Loys Bourgeois (1510–1560, Wikidata Q493014)";1;;;0;;;;;;Melodie gemeinfrei, Notenquelle fehlt;;Melodie aus gemeinfreiem Gesangbuchdruck (z. B. Zahn) selbst setzen.
161;Liebster Jesu, wir sind hier;Tobias Clausnitzer (1663);Johann Rudolf Ahle (1664) , Wolfgang Carl Briegel (1687);Johann Rudolf Ahle (1664) , Wolfgang Carl Briegel (1687);Angabe in eg_lieder.json;ja;gemeinfrei;Tobias Clausnitzer (1619–1684, Wikidata Q92451);gemeinfrei;"Johann Rudolf Ahle (1625–1673, Wikidata Q69440); Wolfgang Carl Briegel (1626–1712, Wikidata Q1523127)";1;;;0;Wikimedia Commons (MIDI, Peter Gerloff);https://commons.wikimedia.org/wiki/File%3ALiebster_Jesu%2C_wir_sind_hier.mid;MIDI;"mehrstimmiger Satz; Melodie in der Oberstimme";CC0;frei integrierbar;"laut Dateibeschreibung zum EG-Lied; Fassung am Gesangbuch gegenlesen";Melodie aus der MIDI-Oberstimme als ABC setzen, an EG-Fassung gegenlesen.
162;Gott Lob, der Sonntag kommt herbei;Johannes Olearius (1671);Erschienen ist der herrlich Tag;Nikolaus Herman (1560);Verweis auf EG 106;ja;gemeinfrei;Johannes Olearius (1546–1623, Wikidata Q1250101 oder 1611–1684, Wikidata Q87418 oder 1639–1713, Wikidata Q1698108);gemeinfrei;Nikolaus Herman (1500–1561, Wikidata Q71706);1;;;0;Wikimedia Commons (MIDI, Peter Gerloff);https://commons.wikimedia.org/wiki/File%3AErschienen_ist_der_herrlich_Tag.mid;MIDI;"mehrstimmiger Satz; Melodie in der Oberstimme";CC0;frei integrierbar;"gleiche Melodie laut Melodieverweis; Textverteilung prüfen";Melodie aus der MIDI-Oberstimme als ABC setzen, an EG-Fassung gegenlesen.
163;Unsern Ausgang segne Gott;Hartmann Schenck (1674);Liebster Jesu, wir sind hier;Johann Rudolf Ahle (1664) , Wolfgang Carl Briegel (1687);Verweis auf EG 161;ja;gemeinfrei;Hartmann Schenck (Werkjahr 1674);gemeinfrei;"Johann Rudolf Ahle (1625–1673, Wikidata Q69440); Wolfgang Carl Briegel (1626–1712, Wikidata Q1523127)";1;;;0;Wikimedia Commons (MIDI, Peter Gerloff);https://commons.wikimedia.org/wiki/File%3ALiebster_Jesu%2C_wir_sind_hier.mid;MIDI;"mehrstimmiger Satz; Melodie in der Oberstimme";CC0;frei integrierbar;"gleiche Melodie laut Melodieverweis; Textverteilung prüfen";Melodie aus der MIDI-Oberstimme als ABC setzen, an EG-Fassung gegenlesen.
164;Jesu, stärke deine Kinder;Wilhelm Erasmus Arends (1714);Wachet auf, ruft uns die Stimme;Hans Sachs (1513) , Philipp Nicolai (1599);Verweis auf EG 147;ja;gemeinfrei;Wilhelm Erasmus Arends (1677–1721, Wikidata Q1725362);gemeinfrei;"Hans Sachs (Werkjahr 1513); Philipp Nicolai (1556–1608, Wikidata Q706203)";1;;;0;Wikimedia Commons (MIDI, Peter Gerloff);https://commons.wikimedia.org/wiki/File%3AWachet_auf%2C_ruft_uns_die_Stimme.mid;MIDI;"mehrstimmiger Satz; Melodie in der Oberstimme";CC0;frei integrierbar;"gleiche Melodie laut Melodieverweis; Textverteilung prüfen";Melodie aus der MIDI-Oberstimme als ABC setzen, an EG-Fassung gegenlesen.
165;Gott ist gegenwärtig;Gerhard Tersteegen (1729);Wunderbarer König;Joachim Neander (1680) , Johann Michael Müller (1719);Verweis auf EG 327;ja;gemeinfrei;Gerhard Tersteegen (1697–1769, Wikidata Q67283);gemeinfrei;"Joachim Neander (1650–1680, Wikidata Q445967 oder 1614–1666, Wikidata Q94781497); Johann Michael Müller (1683–1743, Wikidata Q15451837)";1;Gott ist gegenwärtig;242401004;0;Wikimedia Commons (MIDI, Peter Gerloff);https://commons.wikimedia.org/wiki/File%3AGott_ist_gegenw%C3%A4rtig.mid;MIDI;"mehrstimmiger Satz; Melodie in der Oberstimme";CC0;frei integrierbar;"laut Dateibeschreibung zum EG-Lied; Fassung am Gesangbuch gegenlesen";Melodie aus der MIDI-Oberstimme als ABC setzen, an EG-Fassung gegenlesen.
166;Tut mir auf die schöne Pforte;Benjamin Schmolck (1734);Joachim Neander (1680) , Darmstadt (1698);Joachim Neander (1680) , Darmstadt (1698);Angabe in eg_lieder.json;ja;gemeinfrei;Benjamin Schmolck (Werkjahr 1734);gemeinfrei;"Joachim Neander (1650–1680, Wikidata Q445967 oder 1614–1666, Wikidata Q94781497); Darmstadt (Werkjahr 1698)";1;;;0;Wikimedia Commons (MIDI, Peter Gerloff);https://commons.wikimedia.org/wiki/File%3ATut_mir_auf_die_sch%C3%B6ne_Pforte.mid;MIDI;"mehrstimmiger Satz; Melodie in der Oberstimme";CC0;frei integrierbar;"laut Dateibeschreibung zum EG-Lied; Fassung am Gesangbuch gegenlesen";Melodie aus der MIDI-Oberstimme als ABC setzen, an EG-Fassung gegenlesen.
167;Wir wollen fröhlich singen;Valentin Triller , Theo Schmid (1957);Erich Gruber (1953);Erich Gruber (1953);Angabe in eg_lieder.json;nein;geschuetzt;"Valentin Triller (1493–1579, Wikidata Q100378); Theo Schmid (Werkjahr 1957)";gemeinfrei;Erich Gruber (1884–1953, Wikidata Q15808356);3;;;0;;;;;;Melodie gemeinfrei, Notenquelle fehlt;;Melodie aus gemeinfreiem Gesangbuchdruck (z. B. Zahn) selbst setzen.
168;Du hast uns, Herr, gerufen;Kurt Rommel (1967);Kurt Rommel (1967);Kurt Rommel (1967);Angabe in eg_lieder.json;nein;geschuetzt;Kurt Rommel (1926–2011, Wikidata Q77859);geschuetzt;Kurt Rommel (1926–2011, Wikidata Q77859);6;;;0;;;;;;nicht ohne Lizenz (Melodie geschützt);;"Keine Noten übernehmen; Rechteinhaber/Verlag anfragen oder verzichten."
169;Der Gottesdienst soll fröhlich sein;Martin Gotthard Schneider (1975);Martin Gotthard Schneider (1975);Martin Gotthard Schneider (1975);Angabe in eg_lieder.json;nein;geschuetzt;Martin Gotthard Schneider (1930–2017, Wikidata Q1903872);geschuetzt;Martin Gotthard Schneider (1930–2017, Wikidata Q1903872);6;;;0;;;;;;nicht ohne Lizenz (Melodie geschützt);;"Keine Noten übernehmen; Rechteinhaber/Verlag anfragen oder verzichten."
170;Komm, Herr, segne uns;Dieter Trautwein (1978);Dieter Trautwein (1978);Dieter Trautwein (1978);Angabe in eg_lieder.json;nein;geschuetzt;Dieter Trautwein (1928–2002, Wikidata Q95896);geschuetzt;Dieter Trautwein (1928–2002, Wikidata Q95896);6;;;0;;;;;;nicht ohne Lizenz (Melodie geschützt);;"Keine Noten übernehmen; Rechteinhaber/Verlag anfragen oder verzichten."
171;Bewahre uns, Gott, behüte uns, Gott;Eugen Eckert (1985);Anders Ruuth (1964);Anders Ruuth (1964);Angabe in eg_lieder.json;ja;geschuetzt;Eugen Eckert (1954–, Wikidata Q1372464);geschuetzt;Anders Ruuth (1926–2011, Wikidata Q491253);6;;;0;;;;;;nicht ohne Lizenz (Melodie geschützt);;"Keine Noten übernehmen; Rechteinhaber/Verlag anfragen oder verzichten."
172;Sende dein Licht und deine Wahrheit (Kanon);Aus der Bibel;Johann Christian Friedrich Schneider (1827) , Otto Riethmüller (1932);Johann Christian Friedrich Schneider (1827) , Otto Riethmüller (1932);Angabe in eg_lieder.json;ja;ungeklaert;Aus der Bibel (ohne Jahr, Urheber nicht ermittelt);gemeinfrei;"Johann Christian Friedrich Schneider (1786–1853, Wikidata Q213906); Otto Riethmüller (1889–1938, Wikidata Q2040313)";3;;;0;;;;;;Melodie gemeinfrei, Notenquelle fehlt;;Melodie aus gemeinfreiem Gesangbuchdruck (z. B. Zahn) selbst setzen.
173;Der Herr behüte deinen Ausgang (Kanon);Aus der Bibel;Helmut Bornefeld (1947);Helmut Bornefeld (1947);Angabe in eg_lieder.json;ja;ungeklaert;Aus der Bibel (ohne Jahr, Urheber nicht ermittelt);geschuetzt;Helmut Bornefeld (1906–1990, Wikidata Q123824);5;;;0;;;;;;nicht ohne Lizenz (Melodie geschützt);;"Keine Noten übernehmen; Rechteinhaber/Verlag anfragen oder verzichten."
174;Es segne und behüte uns (Kanon);Liturgie;Hermann Stern (1943);Hermann Stern (1943);Angabe in eg_lieder.json;ja;ungeklaert;Liturgie (ohne Jahr, Urheber nicht ermittelt);geschuetzt;Hermann Stern (1912–1978, Wikidata Q1612834);5;;;0;;;;;;nicht ohne Lizenz (Melodie geschützt);;"Keine Noten übernehmen; Rechteinhaber/Verlag anfragen oder verzichten."
175;Ausgang und Eingang, Anfang und Ende (Kanon);Joachim Schwarz (1962);Joachim Schwarz (1962);Joachim Schwarz (1962);Angabe in eg_lieder.json;ja;geschuetzt;Joachim Schwarz (1930–1998, Wikidata Q1690463);geschuetzt;Joachim Schwarz (1930–1998, Wikidata Q1690463);6;;;0;;;;;;nicht ohne Lizenz (Melodie geschützt);;"Keine Noten übernehmen; Rechteinhaber/Verlag anfragen oder verzichten."
176;Öffne meine Augen (Die Gott suchen) - Kanon;Aus der Bibel;Friedemann Gottschick (1983);Friedemann Gottschick (1983);Angabe in eg_lieder.json;ja;ungeklaert;Aus der Bibel (ohne Jahr, Urheber nicht ermittelt);geschuetzt;Friedemann Gottschick (1928–2022, Wikidata Q1456544);5;;;0;;;;;;nicht ohne Lizenz (Melodie geschützt);;"Keine Noten übernehmen; Rechteinhaber/Verlag anfragen oder verzichten."
177;Ehr sei dem Vater und dem Sohn (Gloria Patri);Liturgie;Soest (1532);Soest (1532);Angabe in eg_lieder.json;ja;ungeklaert;Liturgie (ohne Jahr, Urheber nicht ermittelt);gemeinfrei;Soest (Werkjahr 1532);3;;;0;;;;;;Melodie gemeinfrei, Notenquelle fehlt;;Melodie aus gemeinfreiem Gesangbuchdruck (z. B. Zahn) selbst setzen.
178;Herr, erbarme dich;Liturgie;Josef Seuffert (1964);Josef Seuffert (1964);Angabe in eg_lieder.json;ja;ungeklaert;Liturgie (ohne Jahr, Urheber nicht ermittelt);geschuetzt;Josef Seuffert (1926–2018, Wikidata Q15428874);5;;;0;Wikimedia Commons (MIDI, Peter Gerloff);https://commons.wikimedia.org/wiki/File%3AKyrie%2C_Gott_Vater_in_Ewigkeit.mid;MIDI;"mehrstimmiger Satz; Melodie in der Oberstimme";CC0;nicht ohne Lizenz (Melodie geschützt);"laut Dateibeschreibung zum EG-Lied; Fassung am Gesangbuch gegenlesen";"Keine Noten übernehmen; Rechteinhaber/Verlag anfragen oder verzichten."
179;Allein Gott in der Höh sei Ehr;Nikolaus Decius (1523);Nikolaus Decius (1523);Nikolaus Decius (1523);Angabe in eg_lieder.json;ja;gemeinfrei;Nikolaus Decius (1485–1546, Wikidata Q65601);gemeinfrei;Nikolaus Decius (1485–1546, Wikidata Q65601);1;;;0;Wikimedia Commons (MIDI, Peter Gerloff);https://commons.wikimedia.org/wiki/File%3AAllein_Gott_in_der_H%C3%B6h_sei_Ehr.mid;MIDI;"mehrstimmiger Satz; Melodie in der Oberstimme";CC0;frei integrierbar;"laut Dateibeschreibung zum EG-Lied; Fassung am Gesangbuch gegenlesen";Melodie aus der MIDI-Oberstimme als ABC setzen, an EG-Fassung gegenlesen.
180;Wir loben dich, wir beten dich an;Straßburg (1529);Matthäus Greiter;Matthäus Greiter;Angabe in eg_lieder.json;ja;gemeinfrei;Straßburg (Werkjahr 1529);gemeinfrei;Matthäus Greiter (1495–1550, Wikidata Q316096);1;;;0;Wikimedia Commons (MIDI, Peter Gerloff);https://commons.wikimedia.org/wiki/File%3AGott_in_der_H%C3%B6h_sei_Preis_und_Ehr.mid;MIDI;"mehrstimmiger Satz; Melodie in der Oberstimme";CC0;frei integrierbar;"laut Dateibeschreibung zum EG-Lied; Fassung am Gesangbuch gegenlesen";Melodie aus der MIDI-Oberstimme als ABC setzen, an EG-Fassung gegenlesen.
181;Laudate omnes gentes;Aus der Bibel;Jacques Berthier (1978);Jacques Berthier (1978);Angabe in eg_lieder.json;ja;ungeklaert;Aus der Bibel (ohne Jahr, Urheber nicht ermittelt);geschuetzt;Jacques Berthier (1923–1994, Wikidata Q1232631);5;;;0;;;;;;nicht ohne Lizenz (Melodie geschützt);;"Keine Noten übernehmen; Rechteinhaber/Verlag anfragen oder verzichten."
182;Suchet zuerst Gottes Reich in dieser Welt;überliefert , Barbara Werner , Gerhard Hopfer (1975);England , Karen Lafferty (1972);England , Karen Lafferty (1972);Angabe in eg_lieder.json;ja;geschuetzt;"überliefert (ohne Jahr, Urheber nicht ermittelt); Barbara Werner (Sterbejahr nicht ermittelt); Gerhard Hopfer (Werkjahr 1975)";geschuetzt;"England (ohne Jahr, Urheber nicht ermittelt); Karen Lafferty (1948–, Wikidata Q17050689)";6;;;0;Wikimedia Commons (MIDI, Peter Gerloff);https://commons.wikimedia.org/wiki/File%3AHalleluja.mid;MIDI;"mehrstimmiger Satz; Melodie in der Oberstimme";CC BY-SA 3.0;nicht ohne Lizenz (Melodie geschützt);"laut Dateibeschreibung zum EG-Lied; Fassung am Gesangbuch gegenlesen";"Keine Noten übernehmen; Rechteinhaber/Verlag anfragen oder verzichten."
183;Wir glauben all an einen Gott (Glaubensbekenntnis);Martin Luther (1524);Wittenberg (1524);Wittenberg (1524);Angabe in eg_lieder.json;ja;gemeinfrei;Martin Luther (1483–1546, Wikidata Q9554);gemeinfrei;Wittenberg (Werkjahr 1524);1;;;0;Wikimedia Commons (MIDI, Peter Gerloff);https://commons.wikimedia.org/wiki/File%3AWir_glauben_all_an_einen_Gott.mid;MIDI;"mehrstimmiger Satz; Melodie in der Oberstimme";CC0;frei integrierbar;"laut Dateibeschreibung zum EG-Lied; Fassung am Gesangbuch gegenlesen";Melodie aus der MIDI-Oberstimme als ABC setzen, an EG-Fassung gegenlesen.
184;Wir glauben Gott im höchsten Thron;Rudolf Alexander Schröder (1937);Christian Lahusen (1945);Christian Lahusen (1945);Angabe in eg_lieder.json;nein;geschuetzt;Rudolf Alexander Schröder (1878–1962, Wikidata Q76332);geschuetzt;Christian Lahusen (1886–1975, Wikidata Q15428001);6;;;0;;;;;;nicht ohne Lizenz (Melodie geschützt);;"Keine Noten übernehmen; Rechteinhaber/Verlag anfragen oder verzichten."
185;Heilig, heilig, heilig ist Gott, der Herre Zebaoth;Liturgie;Neuenrade (1564);Neuenrade (1564);Angabe in eg_lieder.json;ja;ungeklaert;Liturgie (ohne Jahr, Urheber nicht ermittelt);gemeinfrei;Neuenrade (Werkjahr 1564);3;;;0;Wikimedia Commons (MIDI, Peter Gerloff);https://commons.wikimedia.org/wiki/File%3AHeilig%2C_heilig_%28EG_185.3%29.mid;MIDI;"mehrstimmiger Satz; Melodie in der Oberstimme";CC0;frei integrierbar;"laut Dateibeschreibung zum EG-Lied; Fassung am Gesangbuch gegenlesen";Melodie aus der MIDI-Oberstimme als ABC setzen, an EG-Fassung gegenlesen.
186;Unser Vater im Himmel, geheiligt werde dein Name;Ostkirchlich;Ostkirchlich;Ostkirchlich;Angabe in eg_lieder.json;ja;ungeklaert;Ostkirchlich (ohne Jahr, Urheber nicht ermittelt);ungeklaert;Ostkirchlich (ohne Jahr, Urheber nicht ermittelt);5;;;0;;;;;;ungeklärt;;Urheber und Sterbejahr der Melodie klären, erst dann Quelle prüfen.
187;Unser Vater im Himmel, geheiligt werde dein Name;Ostkirchlich;Ostkirchlich;Ostkirchlich;Angabe in eg_lieder.json;ja;ungeklaert;Ostkirchlich (ohne Jahr, Urheber nicht ermittelt);ungeklaert;Ostkirchlich (ohne Jahr, Urheber nicht ermittelt);5;;;0;;;;;;ungeklärt;;Urheber und Sterbejahr der Melodie klären, erst dann Quelle prüfen.
188;Vater unser, Vater im Himmel (Calypso);Aus der Bibel , Ernst Arfken (1958);Westindien;Westindien;Angabe in eg_lieder.json;ja;geschuetzt;"Aus der Bibel (ohne Jahr, Urheber nicht ermittelt); Ernst Arfken (1925–2006, Wikidata Q1357354)";ungeklaert;Westindien (ohne Jahr, Urheber nicht ermittelt);5;;;0;;;;;;ungeklärt;;Urheber und Sterbejahr der Melodie klären, erst dann Quelle prüfen.
189;Geheimnis des Glaubens;Liturgie;Liturgie;Liturgie;Angabe in eg_lieder.json;ja;ungeklaert;Liturgie (ohne Jahr, Urheber nicht ermittelt);ungeklaert;Liturgie (ohne Jahr, Urheber nicht ermittelt);5;;;0;;;;;;ungeklärt;;Urheber und Sterbejahr der Melodie klären, erst dann Quelle prüfen.
190;O Lamm Gottes, unschuldig;Nikolaus Decius (1522);Nikolaus Decius (1522) , Erfurt (1542);Nikolaus Decius (1522) , Erfurt (1542);Angabe in eg_lieder.json;ja;gemeinfrei;Nikolaus Decius (1485–1546, Wikidata Q65601);gemeinfrei;"Nikolaus Decius (1485–1546, Wikidata Q65601); Erfurt (Werkjahr 1542)";1;;;0;Wikimedia Commons (MIDI, Peter Gerloff);https://commons.wikimedia.org/wiki/File%3AChriste%2C_du_Lamm_Gottes.mid | https://commons.wikimedia.org/wiki/File%3AO_Lamm_Gottes_unschuldig.mid;MIDI;"mehrstimmiger Satz; Melodie in der Oberstimme";CC0;frei integrierbar;"laut Dateibeschreibung zum EG-Lied; Fassung am Gesangbuch gegenlesen";Melodie aus der MIDI-Oberstimme als ABC setzen, an EG-Fassung gegenlesen.
191;Herr Gott, dich loben wir;Martin Luther (1529);Martin Luther (1529);Martin Luther (1529);Angabe in eg_lieder.json;ja;gemeinfrei;Martin Luther (1483–1546, Wikidata Q9554);gemeinfrei;Martin Luther (1483–1546, Wikidata Q9554);1;;;0;Wikimedia Commons (MIDI, Peter Gerloff);https://commons.wikimedia.org/wiki/File%3AHerr_Gott%2C_dich_loben_wir.mid;MIDI;"mehrstimmiger Satz; Melodie in der Oberstimme";CC0;frei integrierbar;"laut Dateibeschreibung zum EG-Lied; Fassung am Gesangbuch gegenlesen";Melodie aus der MIDI-Oberstimme als ABC setzen, an EG-Fassung gegenlesen.
192;Kyrie eleison;Liturgie;Martin Luther (1526);Martin Luther (1526);Angabe in eg_lieder.json;ja;ungeklaert;Liturgie (ohne Jahr, Urheber nicht ermittelt);gemeinfrei;Martin Luther (1483–1546, Wikidata Q9554);3;;;0;;;;;;Melodie gemeinfrei, Notenquelle fehlt;;Melodie aus gemeinfreiem Gesangbuchdruck (z. B. Zahn) selbst setzen.
193;Erhalt uns, Herr, bei deinem Wort;Martin Luther (1542);Martin Luther (1543);Martin Luther (1543);Angabe in eg_lieder.json;ja;gemeinfrei;Martin Luther (1483–1546, Wikidata Q9554);gemeinfrei;Martin Luther (1483–1546, Wikidata Q9554);1;Erhalt uns, Herr, bei deinem Wort;270367757;0;Wikimedia Commons (MIDI, Peter Gerloff);https://commons.wikimedia.org/wiki/File%3AErhalt_uns%2C_Herr%2C_bei_deinem_Wort.mid;MIDI;"mehrstimmiger Satz; Melodie in der Oberstimme";CC0;frei integrierbar;"laut Dateibeschreibung zum EG-Lied; Fassung am Gesangbuch gegenlesen";Melodie aus der MIDI-Oberstimme als ABC setzen, an EG-Fassung gegenlesen.
194;O Gott, du höchster Gnadenthron;Konrad Hubert (1545);Herr Jesu Christ, dich zu uns wend;Gochsheim (1628) , Görlitz (1648) , Gotha (1651);Verweis auf EG 155;ja;gemeinfrei;Konrad Hubert (1507–1577, Wikidata Q90351);gemeinfrei;"Gochsheim (Werkjahr 1628); Görlitz (Werkjahr 1648); Gotha (Werkjahr 1651)";1;;;0;Wikimedia Commons (MIDI, Peter Gerloff);https://commons.wikimedia.org/wiki/File%3AHerr_Jesu_Christ%2C_dich_zu_uns_wend.mid;MIDI;"mehrstimmiger Satz; Melodie in der Oberstimme";CC0;frei integrierbar;"gleiche Melodie laut Melodieverweis; Textverteilung prüfen";Melodie aus der MIDI-Oberstimme als ABC setzen, an EG-Fassung gegenlesen.
195;Allein auf Gottes Wort will ich;Johann Walter (1566);O Herre Gott, dein göttlich Wort;Erfurt (1527);manuell (manual_overrides.json);ja;gemeinfrei;Johann Walter (1496–1570, Wikidata Q702924);gemeinfrei;Erfurt (Werkjahr 1527);1;;;0;;;;;;Melodie gemeinfrei, Notenquelle fehlt;;Melodie aus gemeinfreiem Gesangbuchdruck (z. B. Zahn) selbst setzen.
196;Herr, für Dein Wort sei hoch gepreist;David Denicke (1659);Johann Walter (1524);Johann Walter (1524);Angabe in eg_lieder.json;ja;gemeinfrei;David Denicke (1603–1680, Wikidata Q67273);gemeinfrei;Johann Walter (1496–1570, Wikidata Q702924);1;;;0;Wikimedia Commons (MIDI, Peter Gerloff);https://commons.wikimedia.org/wiki/File%3AHerr%2C_f%C3%BCr_dein_Wort_sei_hoch_gepreist_%28Es_spricht_der_Unweisen_Mund_wohl%29.mid;MIDI;"mehrstimmiger Satz; Melodie in der Oberstimme";CC0;frei integrierbar;"laut Dateibeschreibung zum EG-Lied; Fassung am Gesangbuch gegenlesen";Melodie aus der MIDI-Oberstimme als ABC setzen, an EG-Fassung gegenlesen.
197;Herr, öffne mir die Herzenstür;Gotha (1651) , Johannes Olearius (1671);Herr Jesu Christ, dich zu uns wend;Gochsheim (1628) , Görlitz (1648) , Gotha (1651);Verweis auf EG 155;ja;gemeinfrei;"Gotha (Werkjahr 1651); Johannes Olearius (1546–1623, Wikidata Q1250101 oder 1611–1684, Wikidata Q87418 oder 1639–1713, Wikidata Q1698108)";gemeinfrei;"Gochsheim (Werkjahr 1628); Görlitz (Werkjahr 1648); Gotha (Werkjahr 1651)";1;;;0;Wikimedia Commons (MIDI, Peter Gerloff);https://commons.wikimedia.org/wiki/File%3AHerr_Jesu_Christ%2C_dich_zu_uns_wend.mid;MIDI;"mehrstimmiger Satz; Melodie in der Oberstimme";CC0;frei integrierbar;"gleiche Melodie laut Melodieverweis; Textverteilung prüfen";Melodie aus der MIDI-Oberstimme als ABC setzen, an EG-Fassung gegenlesen.
198;Herr, dein Wort, die edle Gabe;Nikolaus Ludwig Graf von Zinzendorf (1725) , Christian Gregor (1778);O, gesegnetes Regieren;O, gesegnetes Regieren;Angabe in eg_lieder.json;ja;gemeinfrei;"Nikolaus Ludwig Graf von Zinzendorf (1700–1760, Wikidata Q76336); Christian Gregor (1723–1801, Wikidata Q1080028)";ungeklaert;O, gesegnetes Regieren (ohne Jahr, Urheber nicht ermittelt);2;;;0;;;;;;ungeklärt;;Urheber und Sterbejahr der Melodie klären, erst dann Quelle prüfen.
199;Gott hat das erste Wort (Es schuf aus Nichts die Welten);Markus Jenny (1970);Gerard Kremer (1959) , Günter Wehmer (1990);Gerard Kremer (1959) , Günter Wehmer (1990);Angabe in eg_lieder.json;nein;geschuetzt;Markus Jenny (1924–2001, Wikidata Q1901597);geschuetzt;"Gerard Kremer (1919–1970, Wikidata Q111178016 oder 1943–, Wikidata Q111179516); Günter Wehmer (Werkjahr 1990)";6;Gott hat das erste Wort;270801791;0;;;;;;nicht ohne Lizenz (Melodie geschützt);;"Keine Noten übernehmen; Rechteinhaber/Verlag anfragen oder verzichten."
200;Ich bin getauft auf deinen Namen;Johann Jakob Rambach (1734);O, dass ich tausend Zungen hätte;Johann Balthasar König (1738);Verweis auf EG 330;ja;gemeinfrei;Johann Jakob Rambach (1693–1735, Wikidata Q87424);gemeinfrei;Johann Balthasar König (1691–1758, Wikidata Q120943);1;Ich bin getauft auf deinen Namen;258932053;0;Wikimedia Commons (MIDI, Peter Gerloff);https://commons.wikimedia.org/wiki/File%3AO_dass_ich_tausend_Zungen_h%C3%A4tte.mid;MIDI;"mehrstimmiger Satz; Melodie in der Oberstimme";CC0;frei integrierbar;"gleiche Melodie laut Melodieverweis; Textverteilung prüfen";Melodie aus der MIDI-Oberstimme als ABC setzen, an EG-Fassung gegenlesen.
201;Gehet hin in alle Welt, Halleluja;Aus der Bibel , AÖL (1983);Gregorianisches Responsorium (1983);Gregorianisches Responsorium (1983);Angabe in eg_lieder.json;ja;ungeklaert;"Aus der Bibel (ohne Jahr, Urheber nicht ermittelt); AÖL (1983, Urheber nicht ermittelt)";geschuetzt;Gregorianisches Responsorium (Werkjahr 1983);5;;;0;;;;;;nicht ohne Lizenz (Melodie geschützt);;"Keine Noten übernehmen; Rechteinhaber/Verlag anfragen oder verzichten."
202;Christ, unser Herr, zum Jordan kam;Martin Luther (1541);Martin Luther (1524);Martin Luther (1524);Angabe in eg_lieder.json;ja;gemeinfrei;Martin Luther (1483–1546, Wikidata Q9554);gemeinfrei;Martin Luther (1483–1546, Wikidata Q9554);1;Christ, unser Herr, zum Jordan kam;268666477;0;Wikimedia Commons (MIDI, Peter Gerloff);https://commons.wikimedia.org/wiki/File%3AChrist%2C_unser_Herr%2C_zum_Jordan_kam.mid;MIDI;"mehrstimmiger Satz; Melodie in der Oberstimme";CC0;frei integrierbar;"laut Dateibeschreibung zum EG-Lied; Fassung am Gesangbuch gegenlesen";Melodie aus der MIDI-Oberstimme als ABC setzen, an EG-Fassung gegenlesen.
203;Ach lieber Herre Jesu Christ, der du ein Kindlein worden bist;Johannes Freder (1565);Johannes Eccard (1597);Johannes Eccard (1597);Angabe in eg_lieder.json;ja;gemeinfrei;Johannes Freder (1510–1562, Wikidata Q1316917 oder 1544–1604, Wikidata Q20752552);gemeinfrei;Johannes Eccard (1553–1611, Wikidata Q61582);1;;;0;Wikimedia Commons (MIDI, Peter Gerloff);https://commons.wikimedia.org/wiki/File%3AAch_lieber_Herre_Jesu_Christ.mid;MIDI;"mehrstimmiger Satz; Melodie in der Oberstimme";CC0;frei integrierbar;"laut Dateibeschreibung zum EG-Lied; Fassung am Gesangbuch gegenlesen";Melodie aus der MIDI-Oberstimme als ABC setzen, an EG-Fassung gegenlesen.
204;Herr Christ, dein bin ich eigen;Christiana Cunrad (1644);Augsburg (1621);Augsburg (1621);Angabe in eg_lieder.json;ja;gemeinfrei;Christiana Cunrad (Werkjahr 1644);gemeinfrei;Augsburg (Werkjahr 1621);1;;;0;;;;;;Melodie gemeinfrei, Notenquelle fehlt;;Melodie aus gemeinfreiem Gesangbuchdruck (z. B. Zahn) selbst setzen.
205;Gott Vater, höre unsre Bitt;Johannes Bornschürer (1676);In dich hab ich gehoffet, Herr;Zürich (1552);Verweis auf EG 275;ja;gemeinfrei;Johannes Bornschürer (1625–1677, Wikidata Q1697294);gemeinfrei;Zürich (Werkjahr 1552);1;;;0;Wikimedia Commons (MIDI, Peter Gerloff);https://commons.wikimedia.org/wiki/File%3AIn_dich_hab_ich_gehoffet%2C_Herr.mid;MIDI;"mehrstimmiger Satz; Melodie in der Oberstimme";CC0;frei integrierbar;"gleiche Melodie laut Melodieverweis; Textverteilung prüfen";Melodie aus der MIDI-Oberstimme als ABC setzen, an EG-Fassung gegenlesen.
206;Liebster Jesu, wir sind hier, deinem Worte nachzuleben;Benjamin Schmolck (1704);Liebster Jesu, wir sind hier;Johann Rudolf Ahle (1664) , Wolfgang Carl Briegel (1687);Verweis auf EG 161;ja;gemeinfrei;Benjamin Schmolck (Werkjahr 1704);gemeinfrei;"Johann Rudolf Ahle (1625–1673, Wikidata Q69440); Wolfgang Carl Briegel (1626–1712, Wikidata Q1523127)";1;;;0;Wikimedia Commons (MIDI, Peter Gerloff);https://commons.wikimedia.org/wiki/File%3ALiebster_Jesu%2C_wir_sind_hier.mid;MIDI;"mehrstimmiger Satz; Melodie in der Oberstimme";CC0;frei integrierbar;"gleiche Melodie laut Melodieverweis; Textverteilung prüfen";Melodie aus der MIDI-Oberstimme als ABC setzen, an EG-Fassung gegenlesen.
207;Nun schreib ins Buch des Lebens;Straßburg (1850);Melchior Vulpius (1609);Melchior Vulpius (1609);Angabe in eg_lieder.json;ja;gemeinfrei;Straßburg (Werkjahr 1850);gemeinfrei;Melchior Vulpius (1570–1615, Wikidata Q702277);1;;;0;;;;;;Melodie gemeinfrei, Notenquelle fehlt;;Melodie aus gemeinfreiem Gesangbuchdruck (z. B. Zahn) selbst setzen.
208;Gott Vater, du hast deinen Namen;Jochen Klepper (1941);Johannes Petzold (1948);Johannes Petzold (1948);Angabe in eg_lieder.json;ja;gemeinfrei;Jochen Klepper (1903–1942, Wikidata Q76329);geschuetzt;Johannes Petzold (1912–1985, Wikidata Q1698147);2;;;0;;;;;;nicht ohne Lizenz (Melodie geschützt);;"Keine Noten übernehmen; Rechteinhaber/Verlag anfragen oder verzichten."
209;Ich möcht, dass einer mit mir geht;Hanns Köbler (1964);Hanns Köbler (1964);Hanns Köbler (1964);Angabe in eg_lieder.json;ja;geschuetzt;Hanns Köbler (Werkjahr 1964);geschuetzt;Hanns Köbler (Werkjahr 1964);6;;;0;;;;;;nicht ohne Lizenz (Melodie geschützt);;"Keine Noten übernehmen; Rechteinhaber/Verlag anfragen oder verzichten."
210;Du hast mich, Herr, zu dir gerufen;Otmar Schulz (1974);Otmar Schulz (1974);Otmar Schulz (1974);Angabe in eg_lieder.json;nein;geschuetzt;Otmar Schulz (1938–2023, Wikidata Q1249177);geschuetzt;Otmar Schulz (1938–2023, Wikidata Q1249177);6;;;0;;;;;;nicht ohne Lizenz (Melodie geschützt);;"Keine Noten übernehmen; Rechteinhaber/Verlag anfragen oder verzichten."
211;Gott, der du alles Leben schufst;Detlev Block (1978);O Jesu Christe, wahres Licht;Nürnberg (1676);Verweis auf EG 72;nein;geschuetzt;Detlev Block (1934–2022, Wikidata Q1201410);gemeinfrei;Nürnberg (Werkjahr 1676);3;;;0;Wikimedia Commons (MIDI, Peter Gerloff);https://commons.wikimedia.org/wiki/File%3AO_Jesu_Christe%2C_wahres_Licht.mid;MIDI;"mehrstimmiger Satz; Melodie in der Oberstimme";CC BY-SA 3.0;unter Bedingungen nutzbar (Namensnennung, ggf. Weitergabe unter gleichen Bedingungen);"gleiche Melodie laut Melodieverweis; Textverteilung prüfen";"Als Vorlage für eigenen Notensatz nutzen; bei Übernahme der Datei Lizenzhinweis führen."
212;Voller Freude über dieses Wunder;Jürgen Henkys (1982);Egil Hovland (1977);Egil Hovland (1977);Angabe in eg_lieder.json;nein;geschuetzt;Jürgen Henkys (1929–2015, Wikidata Q110422);geschuetzt;Egil Hovland (1924–2013, Wikidata Q1297943);6;;;0;;;;;;nicht ohne Lizenz (Melodie geschützt);;"Keine Noten übernehmen; Rechteinhaber/Verlag anfragen oder verzichten."
213;Kommt her, ihr seid geladen;Ernst Moritz Arndt (1819);Zieh ein zu deinen Toren;Johann Crüger (1653);Verweis auf EG 133;ja;gemeinfrei;Ernst Moritz Arndt (1769–1860, Wikidata Q57351);gemeinfrei;Johann Crüger (1598–1662, Wikidata Q158097);1;;;0;Wikimedia Commons (MIDI, Peter Gerloff);https://commons.wikimedia.org/wiki/File%3AZieh_ein_zu_deinen_Toren.mid;MIDI;"mehrstimmiger Satz; Melodie in der Oberstimme";CC0;frei integrierbar;"gleiche Melodie laut Melodieverweis; Textverteilung prüfen";Melodie aus der MIDI-Oberstimme als ABC setzen, an EG-Fassung gegenlesen.
214;Gott sei gelobet und gebenedeiet;Medingen (1350) , Martin Luther (1524);Mainz (1390) , Wittenberg (1524);Mainz (1390) , Wittenberg (1524);Angabe in eg_lieder.json;ja;gemeinfrei;"Medingen (Werkjahr 1350); Martin Luther (1483–1546, Wikidata Q9554)";gemeinfrei;"Mainz (Werkjahr 1390); Wittenberg (Werkjahr 1524)";1;Gott sei gelobet und gebenedeiet;271042479;0;Wikimedia Commons (MIDI, Peter Gerloff);https://commons.wikimedia.org/wiki/File%3AGott_sei_gelobet_und_gebenedeiet_%28EG%29.mid;MIDI;"mehrstimmiger Satz; Melodie in der Oberstimme";CC0;frei integrierbar;"laut Dateibeschreibung zum EG-Lied; Fassung am Gesangbuch gegenlesen";Melodie aus der MIDI-Oberstimme als ABC setzen, an EG-Fassung gegenlesen.
215;Jesus Christus, unser Heiland, der von uns den Gotteszorn wandt;Martin Luther (1524);Erfurt (1524);Erfurt (1524);Angabe in eg_lieder.json;ja;gemeinfrei;Martin Luther (1483–1546, Wikidata Q9554);gemeinfrei;Erfurt (Werkjahr 1524);1;Jesus Christus, unser Heiland, der von uns den Gotteszorn wandt;255644464;0;Wikimedia Commons (MIDI, Peter Gerloff);https://commons.wikimedia.org/wiki/File%3AJesus_Christus%2C_unser_Heiland%2C_der_von_uns_den_Gotteszorn_wandt.mid;MIDI;"mehrstimmiger Satz; Melodie in der Oberstimme";CC0;frei integrierbar;"laut Dateibeschreibung zum EG-Lied; Fassung am Gesangbuch gegenlesen";Melodie aus der MIDI-Oberstimme als ABC setzen, an EG-Fassung gegenlesen.
216;Du hast uns Leib und Seel gespeist;Thomas Blarer (1533);Was mein Gott will, gescheh allzeit;Claudin de Sermisy (1529) , Antwerpen (1540);Verweis auf EG 364;ja;gemeinfrei;Thomas Blarer (1499–1567, Wikidata Q1587368);gemeinfrei;"Claudin de Sermisy (1490–1562, Wikidata Q968593); Antwerpen (Werkjahr 1540)";1;;;0;Wikimedia Commons (MIDI, Peter Gerloff);https://commons.wikimedia.org/wiki/File%3AWas_mein_Gott_will%2C_gescheh_allzeit.mid;MIDI;"mehrstimmiger Satz; Melodie in der Oberstimme";CC0;frei integrierbar;"gleiche Melodie laut Melodieverweis; Textverteilung prüfen";Melodie aus der MIDI-Oberstimme als ABC setzen, an EG-Fassung gegenlesen.
217;Herr Jesu Christe, mein getreuer Hirte;Johann Heermann (1630);Gott sei gelobet und gebenedeiet;Mainz (1390) , Wittenberg (1524);Verweis auf EG 214;ja;gemeinfrei;Johann Heermann (1585–1647, Wikidata Q65603);gemeinfrei;"Mainz (Werkjahr 1390); Wittenberg (Werkjahr 1524)";1;;;0;Wikimedia Commons (MIDI, Peter Gerloff);https://commons.wikimedia.org/wiki/File%3AGott_sei_gelobet_und_gebenedeiet_%28EG%29.mid;MIDI;"mehrstimmiger Satz; Melodie in der Oberstimme";CC0;frei integrierbar;"gleiche Melodie laut Melodieverweis; Textverteilung prüfen";Melodie aus der MIDI-Oberstimme als ABC setzen, an EG-Fassung gegenlesen.
218;Schmücke dich, o liebe Seele;Johann Franck (1653);Johann Crüger (1649);Johann Crüger (1649);Angabe in eg_lieder.json;ja;gemeinfrei;Johann Franck (Werkjahr 1653);gemeinfrei;Johann Crüger (1598–1662, Wikidata Q158097);1;Schmücke dich, o liebe Seele;246098408;0;Wikimedia Commons (MIDI, Peter Gerloff);https://commons.wikimedia.org/wiki/File%3ASchm%C3%BCcke_dich%2C_o_liebe_Seele.mid;MIDI;"mehrstimmiger Satz; Melodie in der Oberstimme";CC0;frei integrierbar;"laut Dateibeschreibung zum EG-Lied; Fassung am Gesangbuch gegenlesen";Melodie aus der MIDI-Oberstimme als ABC setzen, an EG-Fassung gegenlesen.
219;Herr Jesu Christ, du höchstes Gut;Chemnitz (1713);Görlitz (1587) , Dresden (1593);Görlitz (1587) , Dresden (1593);Angabe in eg_lieder.json;ja;gemeinfrei;Chemnitz (Werkjahr 1713);gemeinfrei;"Görlitz (Werkjahr 1587); Dresden (Werkjahr 1593)";1;;;0;;;;;;Melodie gemeinfrei, Notenquelle fehlt;;Melodie aus gemeinfreiem Gesangbuchdruck (z. B. Zahn) selbst setzen.
220;Herr, du wollest uns bereiten;Friedrich Gottlieb Klopstock (1758) , Albert Knapp (1837);Wachet auf, ruft uns die Stimme;Hans Sachs (1513) , Philipp Nicolai (1599);Verweis auf EG 147;ja;gemeinfrei;"Friedrich Gottlieb Klopstock (1724–1803, Wikidata Q154367); Albert Knapp (1798–1864, Wikidata Q70265)";gemeinfrei;"Hans Sachs (Werkjahr 1513); Philipp Nicolai (1556–1608, Wikidata Q706203)";1;;;0;Wikimedia Commons (MIDI, Peter Gerloff);https://commons.wikimedia.org/wiki/File%3AWachet_auf%2C_ruft_uns_die_Stimme.mid;MIDI;"mehrstimmiger Satz; Melodie in der Oberstimme";CC0;frei integrierbar;"gleiche Melodie laut Melodieverweis; Textverteilung prüfen";Melodie aus der MIDI-Oberstimme als ABC setzen, an EG-Fassung gegenlesen.
221;Das sollt ihr, Jesu Jünger, nie vergessen;Johann Andreas Cramer (1780);Lobet den Herren und dankt ihm seine Gaben;Johann Crüger (1640);Verweis auf EG 460;ja;gemeinfrei;Johann Andreas Cramer (1723–1788, Wikidata Q70342);gemeinfrei;Johann Crüger (1598–1662, Wikidata Q158097);1;;;0;;;;;;Melodie gemeinfrei, Notenquelle fehlt;;Melodie aus gemeinfreiem Gesangbuchdruck (z. B. Zahn) selbst setzen.
222;Im Frieden dein, o Herre mein;Friedrich Spitta (1898);Wolfgang Dachstein (1530);Wolfgang Dachstein (1530);Angabe in eg_lieder.json;ja;gemeinfrei;Friedrich Spitta (1852–1924, Wikidata Q86882);gemeinfrei;Wolfgang Dachstein (1487–1553, Wikidata Q2589406);1;Im Frieden dein, o Herre mein;265593829;0;Wikimedia Commons (MIDI, Peter Gerloff);https://commons.wikimedia.org/wiki/File%3AIm_Frieden_dein%2C_o_Herre_mein_%28EG%29.mid;MIDI;"mehrstimmiger Satz; Melodie in der Oberstimme";CC0;frei integrierbar;"laut Dateibeschreibung zum EG-Lied; Fassung am Gesangbuch gegenlesen";Melodie aus der MIDI-Oberstimme als ABC setzen, an EG-Fassung gegenlesen.
223;Das Wort geht von dem Vater aus;Otto Riethmüller (1934);Wir danken dir, Herr Jesu Christ, dass du für uns gestorben bist;Nikolaus Herman (1551) , Königsberg (1559) , Leipzig (1625);Verweis auf EG 79;ja;gemeinfrei;Otto Riethmüller (1889–1938, Wikidata Q2040313);gemeinfrei;"Nikolaus Herman (1500–1561, Wikidata Q71706); Königsberg (Werkjahr 1559); Leipzig (Werkjahr 1625)";1;;;0;Wikimedia Commons (MIDI, Peter Gerloff);https://commons.wikimedia.org/wiki/File%3AWir_danken_dir%2C_Herr_Jesu_Christ%2C_dass_du_f%C3%BCr_uns_gestorben_bist.mid;MIDI;"mehrstimmiger Satz; Melodie in der Oberstimme";CC0;frei integrierbar;"gleiche Melodie laut Melodieverweis; Textverteilung prüfen";Melodie aus der MIDI-Oberstimme als ABC setzen, an EG-Fassung gegenlesen.
224;Du hast zu deinem Abendmahl;Arno Pötzsch (1941);Was mein Gott will, gescheh allzeit;Claudin de Sermisy (1529) , Antwerpen (1540);Verweis auf EG 364;nein;geschuetzt;Arno Pötzsch (1900–1956, Wikidata Q694483);gemeinfrei;"Claudin de Sermisy (1490–1562, Wikidata Q968593); Antwerpen (Werkjahr 1540)";3;;;0;Wikimedia Commons (MIDI, Peter Gerloff);https://commons.wikimedia.org/wiki/File%3AWas_mein_Gott_will%2C_gescheh_allzeit.mid;MIDI;"mehrstimmiger Satz; Melodie in der Oberstimme";CC0;frei integrierbar;"gleiche Melodie laut Melodieverweis; Textverteilung prüfen";Melodie aus der MIDI-Oberstimme als ABC setzen, an EG-Fassung gegenlesen.
225;Komm, sag es allen weiter;Friedrich Walz (1964);Go tell it on the mountain;Go tell it on the mountain;Angabe in eg_lieder.json;nein;geschuetzt;Friedrich Walz (1932–1984, Wikidata Q51331629);ungeklaert;Go tell it on the mountain (ohne Jahr, Urheber nicht ermittelt);5;Go Tell It on the Mountain;268763107;0;Wikimedia Commons (MIDI, Peter Gerloff);https://commons.wikimedia.org/wiki/File%3AKomm%2C_sag_es_allen_weiter.mid;MIDI;"mehrstimmiger Satz; Melodie in der Oberstimme";CC0;ungeklärt;"laut Dateibeschreibung zum EG-Lied; Fassung am Gesangbuch gegenlesen";Urheber und Sterbejahr der Melodie klären, erst dann Quelle prüfen.
226;Seht, das Brot, das wir hier teilen;Lothar Zenetti (1969);Rolf Schweizer (1983);Rolf Schweizer (1983);Angabe in eg_lieder.json;nein;geschuetzt;Lothar Zenetti (1926–2019, Wikidata Q1871037);geschuetzt;Rolf Schweizer (1936–2016, Wikidata Q2163804);6;;;0;;;;;;nicht ohne Lizenz (Melodie geschützt);;"Keine Noten übernehmen; Rechteinhaber/Verlag anfragen oder verzichten."
227;Dank sei dir, Vater, für das ewge Leben;Maria Luise Thurmair (1969);Lobet den Herren und dankt ihm seine Gaben;Johann Crüger (1640);Verweis auf EG 460;nein;geschuetzt;Maria Luise Thurmair (1912–2005, Wikidata Q1396896);gemeinfrei;Johann Crüger (1598–1662, Wikidata Q158097);3;;;0;Wikimedia Commons (MIDI, Peter Gerloff);https://commons.wikimedia.org/wiki/File%3ADank_sei_dir%2C_Vater%2C_f%C3%BCr_das_ewge_Leben.mid;MIDI;"mehrstimmiger Satz; Melodie in der Oberstimme";CC BY-SA 3.0;unter Bedingungen nutzbar (Namensnennung, ggf. Weitergabe unter gleichen Bedingungen);"laut Dateibeschreibung zum EG-Lied; Fassung am Gesangbuch gegenlesen";"Als Vorlage für eigenen Notensatz nutzen; bei Übernahme der Datei Lizenzhinweis führen."
228;Er ist das Brot, er ist der Wein;Eckart Bücken (1980);Joachim Schwarz (1980) , Fritz Baltruweit (1983);Joachim Schwarz (1980) , Fritz Baltruweit (1983);Angabe in eg_lieder.json;nein;geschuetzt;Eckart Bücken (1943–, Wikidata Q1281312);geschuetzt;"Joachim Schwarz (1930–1998, Wikidata Q1690463); Fritz Baltruweit (1955–, Wikidata Q1465591)";6;;;0;;;;;;nicht ohne Lizenz (Melodie geschützt);;"Keine Noten übernehmen; Rechteinhaber/Verlag anfragen oder verzichten."
229;Kommt mit Gaben und Lobgesang;Detlev Block (1988);Doreen Potter (1972);Doreen Potter (1972);Angabe in eg_lieder.json;nein;geschuetzt;Detlev Block (1934–2022, Wikidata Q1201410);geschuetzt;Doreen Potter (1925–1980, Wikidata Q104553968);6;Kommt mit Gaben und Lobgesang;266672347;0;Wikimedia Commons (MIDI, Peter Gerloff);https://commons.wikimedia.org/wiki/File%3ALet_us_talents_and_tongues_employ.mid;MIDI;"mehrstimmiger Satz; Melodie in der Oberstimme";CC0;nicht ohne Lizenz (Melodie geschützt);"laut Dateibeschreibung zum EG-Lied; Fassung am Gesangbuch gegenlesen";"Keine Noten übernehmen; Rechteinhaber/Verlag anfragen oder verzichten."
230;Schaffe in mir, Gott, ein reines Herz;Aus der Bibel;Johann Georg Winer (1646) , Cornelius Heinrich Dretzel (1731);Johann Georg Winer (1646) , Cornelius Heinrich Dretzel (1731);Angabe in eg_lieder.json;ja;ungeklaert;Aus der Bibel (ohne Jahr, Urheber nicht ermittelt);gemeinfrei;"Johann Georg Winer (Werkjahr 1646); Cornelius Heinrich Dretzel (1697–1775, Wikidata Q5171380)";3;;;0;;;;;;Melodie gemeinfrei, Notenquelle fehlt;;Melodie aus gemeinfreiem Gesangbuchdruck (z. B. Zahn) selbst setzen.
231;Dies sind die heilgen zehn Gebot;Martin Luther (1524);In Gottes Namen fahren wir;Erfurt (1524);Verweis auf EG 498;ja;gemeinfrei;Martin Luther (1483–1546, Wikidata Q9554);gemeinfrei;Erfurt (Werkjahr 1524);1;Dies sind die heilgen zehn Gebot;232648206;0;Wikimedia Commons (MIDI, Peter Gerloff);https://commons.wikimedia.org/wiki/File%3ADies_sind_die_heilgen_zehn_Gebot_%28Leittonversion%29.mid | https://commons.wikimedia.org/wiki/File%3AIn_Gottes_Namen_fahren_wir_%28EG%29.mid;MIDI;"mehrstimmiger Satz; Melodie in der Oberstimme";CC0;frei integrierbar;"laut Dateibeschreibung zum EG-Lied; Fassung am Gesangbuch gegenlesen";Melodie aus der MIDI-Oberstimme als ABC setzen, an EG-Fassung gegenlesen.
232;Allein zu dir, Herr Jesu Christ;Konrad Hubert (1540);Paul Hofhaimer (1512) , Wittenberg (1541);Paul Hofhaimer (1512) , Wittenberg (1541);Angabe in eg_lieder.json;ja;gemeinfrei;Konrad Hubert (1507–1577, Wikidata Q90351);gemeinfrei;"Paul Hofhaimer (Werkjahr 1512); Wittenberg (Werkjahr 1541)";1;Allein zu dir, Herr Jesu Christ;260604585;0;Wikimedia Commons (MIDI, Peter Gerloff);https://commons.wikimedia.org/wiki/File%3AAllein_zu_dir%2C_Herr_Jesu_Christ.mid;MIDI;"mehrstimmiger Satz; Melodie in der Oberstimme";CC0;frei integrierbar;"laut Dateibeschreibung zum EG-Lied; Fassung am Gesangbuch gegenlesen";Melodie aus der MIDI-Oberstimme als ABC setzen, an EG-Fassung gegenlesen.
233;Ach Gott und Herr, wie groß und schwer;Martin Rutilius (1604);Leipzig (1625) , Christoph Peter (1655);Leipzig (1625) , Christoph Peter (1655);Angabe in eg_lieder.json;ja;gemeinfrei;Martin Rutilius (1550–1618, Wikidata Q92448);gemeinfrei;"Leipzig (Werkjahr 1625); Christoph Peter (1626–1669, Wikidata Q6044414)";1;;;0;;;;;;Melodie gemeinfrei, Notenquelle fehlt;;Melodie aus gemeinfreiem Gesangbuchdruck (z. B. Zahn) selbst setzen.
234;So wahr ich lebe, spricht dein Gott;Johann Heermann (1630);Vater unser im Himmelreich;Leipzig (1539) , Martin Luther (1539);Verweis auf EG 344;ja;gemeinfrei;Johann Heermann (1585–1647, Wikidata Q65603);gemeinfrei;"Leipzig (Werkjahr 1539); Martin Luther (1483–1546, Wikidata Q9554)";1;;;0;Wikimedia Commons (MIDI, Peter Gerloff);https://commons.wikimedia.org/wiki/File%3AVater_unser_im_Himmelreich.mid;MIDI;"mehrstimmiger Satz; Melodie in der Oberstimme";CC0;frei integrierbar;"gleiche Melodie laut Melodieverweis; Textverteilung prüfen";Melodie aus der MIDI-Oberstimme als ABC setzen, an EG-Fassung gegenlesen.
235;O Herr, nimm unsre Schuld, mit der wir uns belasten;Hans-Georg Lotz (1964);Hans-Georg Lotz (1964);Hans-Georg Lotz (1964);Angabe in eg_lieder.json;nein;geschuetzt;Hans-Georg Lotz (1934–2001, Wikidata Q1577000);geschuetzt;Hans-Georg Lotz (1934–2001, Wikidata Q1577000);6;;;0;;;;;;nicht ohne Lizenz (Melodie geschützt);;"Keine Noten übernehmen; Rechteinhaber/Verlag anfragen oder verzichten."
236;Ohren gabst du mir, hören kann ich nicht;Paul Ernst Ruppel (1965);Magdalene Schauß-Flake (1965) , Klaus Biehl (1969) , Johannes Petzold (1972);Magdalene Schauß-Flake (1965) , Klaus Biehl (1969) , Johannes Petzold (1972);Angabe in eg_lieder.json;nein;geschuetzt;Paul Ernst Ruppel (1913–2006, Wikidata Q2059450);geschuetzt;"Magdalene Schauß-Flake (1921–2008, Wikidata Q1883830); Klaus Biehl (Werkjahr 1969); Johannes Petzold (1912–1985, Wikidata Q1698147)";6;;;0;;;;;;nicht ohne Lizenz (Melodie geschützt);;"Keine Noten übernehmen; Rechteinhaber/Verlag anfragen oder verzichten."
237;Und suchst du meine Sünde;Schalom Ben-Chorin (1966);Paul Ernst Ruppel , Kurt Boßler (1967) , Christian Dostal (2008);Paul Ernst Ruppel , Kurt Boßler (1967) , Christian Dostal (2008);Angabe in eg_lieder.json;nein;geschuetzt;Schalom Ben-Chorin (Werkjahr 1966);geschuetzt;"Paul Ernst Ruppel (1913–2006, Wikidata Q2059450); Kurt Boßler (1911–1976, Wikidata Q1651590); Christian Dostal (1967–, Wikidata Q111669584)";6;;;0;;;;;;nicht ohne Lizenz (Melodie geschützt);;"Keine Noten übernehmen; Rechteinhaber/Verlag anfragen oder verzichten."
238;Herr, vor dein Antlitz treten zwei;Friedrich Viktor von Strauß und Torney (1843);Pierre Davantés (1562);Pierre Davantés (1562);Angabe in eg_lieder.json;ja;gemeinfrei;Friedrich Viktor von Strauß und Torney (Werkjahr 1843);gemeinfrei;Pierre Davantés (1525–1561, Wikidata Q2093375);1;;;0;;;;;;Melodie gemeinfrei, Notenquelle fehlt;;Melodie aus gemeinfreiem Gesangbuchdruck (z. B. Zahn) selbst setzen.
239;Freuet euch im Herren allewege;Jochen Klepper (1941);Friedrich Hofmann (1981) , Antje Ney (2001);Friedrich Hofmann (1981) , Antje Ney (2001);Angabe in eg_lieder.json;ja;gemeinfrei;Jochen Klepper (1903–1942, Wikidata Q76329);geschuetzt;"Friedrich Hofmann (1910–1998, Wikidata Q15549951); Antje Ney (Werkjahr 2001)";2;;;0;;;;;;nicht ohne Lizenz (Melodie geschützt);;"Keine Noten übernehmen; Rechteinhaber/Verlag anfragen oder verzichten."
240;Du hast uns, Herr, in dir verbunden;Walter Heinecke (1968);O, dass ich tausend Zungen hätte;Johann Balthasar König (1738);Verweis auf EG 330;nein;geschuetzt;Walter Heinecke (Werkjahr 1968);gemeinfrei;Johann Balthasar König (1691–1758, Wikidata Q120943);3;;;0;Wikimedia Commons (MIDI, Peter Gerloff);https://commons.wikimedia.org/wiki/File%3AO_dass_ich_tausend_Zungen_h%C3%A4tte.mid;MIDI;"mehrstimmiger Satz; Melodie in der Oberstimme";CC0;frei integrierbar;"gleiche Melodie laut Melodieverweis; Textverteilung prüfen";Melodie aus der MIDI-Oberstimme als ABC setzen, an EG-Fassung gegenlesen.
241;Wach auf, du Geist der ersten Zeugen;Karl Heinrich von Bogatzky (1750) , Albert Knapp (1837);Dir, dir, o Höchster, will ich singen;Hamburg (1690) , Halle (1704) , Johann Heinrich Egli (1787);Verweis auf EG 328;ja;gemeinfrei;"Karl Heinrich von Bogatzky (1690–1774, Wikidata Q708533); Albert Knapp (1798–1864, Wikidata Q70265)";gemeinfrei;"Hamburg (Werkjahr 1690); Halle (Werkjahr 1704); Johann Heinrich Egli (1742–1810, Wikidata Q5627879)";1;;;0;Wikimedia Commons (MIDI, Peter Gerloff);https://commons.wikimedia.org/wiki/File%3ADir%2C_dir%2C_o_H%C3%B6chster%2C_will_ich_singen.mid;MIDI;"mehrstimmiger Satz; Melodie in der Oberstimme";CC0;frei integrierbar;"gleiche Melodie laut Melodieverweis; Textverteilung prüfen";Melodie aus der MIDI-Oberstimme als ABC setzen, an EG-Fassung gegenlesen.
242;Herr, nun selbst den Wagen halt;Huldrych Zwingli (1525) , Friedrich Spitta (1897);Huldrych Zwingli (1529);Huldrych Zwingli (1529);Angabe in eg_lieder.json;ja;gemeinfrei;"Huldrych Zwingli (1484–1531, Wikidata Q123034); Friedrich Spitta (1852–1924, Wikidata Q86882)";gemeinfrei;Huldrych Zwingli (1484–1531, Wikidata Q123034);1;Herr, nun selbst den Wagen halt;265600536;0;Wikimedia Commons (MIDI, Peter Gerloff);https://commons.wikimedia.org/wiki/File%3AHerr%2C_nun_selbst_den_Wagen_halt.mid;MIDI;"mehrstimmiger Satz; Melodie in der Oberstimme";CC0;frei integrierbar;"laut Dateibeschreibung zum EG-Lied; Fassung am Gesangbuch gegenlesen";Melodie aus der MIDI-Oberstimme als ABC setzen, an EG-Fassung gegenlesen.
243;Lob Gott getrost mit Singen;Böhmische Brüder (1544);Böhmische Brüder (1544) , Johann Crüger (1662);Böhmische Brüder (1544) , Johann Crüger (1662);Angabe in eg_lieder.json;ja;gemeinfrei;Böhmische Brüder (Werkjahr 1544);gemeinfrei;"Böhmische Brüder (Werkjahr 1544); Johann Crüger (1598–1662, Wikidata Q158097)";1;;;0;Wikimedia Commons (MIDI, Peter Gerloff);https://commons.wikimedia.org/wiki/File%3ALob_Gott_getrost_mit_Singen.mid;MIDI;"mehrstimmiger Satz; Melodie in der Oberstimme";CC0;frei integrierbar;"laut Dateibeschreibung zum EG-Lied; Fassung am Gesangbuch gegenlesen";Melodie aus der MIDI-Oberstimme als ABC setzen, an EG-Fassung gegenlesen.
244;Wach auf, wach auf, es ist hohe Zeit;Ambrosius Blarer (1561) , Straßburg (1899);Der Tag bricht an und zeiget sich;Melchior Vulpius (1609);Verweis auf EG 438;ja;ungeklaert;"Ambrosius Blarer (1492–1564, Wikidata Q77820); Straßburg (1899, Urheber nicht ermittelt)";gemeinfrei;Melchior Vulpius (1570–1615, Wikidata Q702277);3;Wach auf, wach auf, ’s ist hohe Zeit;260954441;0;Wikimedia Commons (MIDI, Peter Gerloff);https://commons.wikimedia.org/wiki/File%3ADer_Tag_bricht_an_und_zeiget_sich.mid;MIDI;"mehrstimmiger Satz; Melodie in der Oberstimme";CC0;frei integrierbar;"laut Dateibeschreibung zum EG-Lied; Fassung am Gesangbuch gegenlesen";Melodie aus der MIDI-Oberstimme als ABC setzen, an EG-Fassung gegenlesen.
245;Preis, Lob und Dank sei Gott dem Herrn;Petrus Herbert (1566);Guillaume Franc (1543) , Loys Bourgeois (1551);Guillaume Franc (1543) , Loys Bourgeois (1551);Angabe in eg_lieder.json;ja;gemeinfrei;Petrus Herbert (1533–1571, Wikidata Q1793268);gemeinfrei;"Guillaume Franc (1515–1570, Wikidata Q1423270); Loys Bourgeois (1510–1560, Wikidata Q493014)";1;;;0;;;;;;Melodie gemeinfrei, Notenquelle fehlt;;Melodie aus gemeinfreiem Gesangbuchdruck (z. B. Zahn) selbst setzen.
246;Ach bleib bei uns, Herr Jesu Christ;Philipp Melanchthon (1551) , Nikolaus Selnecker (1572);Seth Calvisius (1594) , Bartholomäus Gesius (1601) , Laurentius Erhard (1659);Seth Calvisius (1594) , Bartholomäus Gesius (1601) , Laurentius Erhard (1659);Angabe in eg_lieder.json;ja;gemeinfrei;"Philipp Melanchthon (1497–1560, Wikidata Q76325); Nikolaus Selnecker (1530–1592, Wikidata Q64014)";gemeinfrei;"Seth Calvisius (1556–1615, Wikidata Q65356); Bartholomäus Gesius (1562–1613, Wikidata Q809352); Laurentius Erhard (Werkjahr 1659)";1;;;0;;;;;;Melodie gemeinfrei, Notenquelle fehlt;;Melodie aus gemeinfreiem Gesangbuchdruck (z. B. Zahn) selbst setzen.
247;Herr, unser Gott, lass nicht zuschanden werden;Johann Heermann (1630);Christe, du Beistand deiner Kreuzgemeine;Matthäus Apelles von Löwenstern (1644);manuell (manual_overrides.json);ja;gemeinfrei;Johann Heermann (1585–1647, Wikidata Q65603);gemeinfrei;Matthäus Apelles von Löwenstern (Werkjahr 1644);1;;;0;;;;;;Melodie gemeinfrei, Notenquelle fehlt;;Melodie aus gemeinfreiem Gesangbuchdruck (z. B. Zahn) selbst setzen.
248;Treuer Wächter Israel;Johann Heermann (1630);Da Christus geboren war;Böhmische Brüder (1544);manuell (manual_overrides.json);ja;gemeinfrei;Johann Heermann (1585–1647, Wikidata Q65603);gemeinfrei;Böhmische Brüder (Werkjahr 1544);1;;;0;;;;;;Melodie gemeinfrei, Notenquelle fehlt;;Melodie aus gemeinfreiem Gesangbuchdruck (z. B. Zahn) selbst setzen.
249;Verzage nicht, du Häuflein klein;Jakob Fabricius (1622);Michael Altenburg (1632);Michael Altenburg (1632);Angabe in eg_lieder.json;ja;gemeinfrei;Jakob Fabricius (1593–1654, Wikidata Q1678998 oder 1551–1629, Wikidata Q1280218 oder 1560–1640, Wikidata Q1677473);gemeinfrei;Michael Altenburg (1584–1640, Wikidata Q186258);1;;;0;;;;;;Melodie gemeinfrei, Notenquelle fehlt;;Melodie aus gemeinfreiem Gesangbuchdruck (z. B. Zahn) selbst setzen.
250;Ich lobe dich von ganzer Seelen;Friedrich Konrad Hiller (1711);Jauchzt, alle Lande, Gott zu Ehren;Nun saget Dank und lobt den Herren;Verweis auf EG 279;ja;gemeinfrei;Friedrich Konrad Hiller (1651–1726, Wikidata Q97982);ungeklaert;Nun saget Dank und lobt den Herren (ohne Jahr, Urheber nicht ermittelt);2;;;0;;;;;;ungeklärt;;Urheber und Sterbejahr der Melodie klären, erst dann Quelle prüfen.
251;Herz und Herz vereint zusammen;Nikolaus Ludwig Graf von Zinzendorf (1725) , Christian Gregor (1778) , Albert Knapp (1837);Bamberg (1732) , Brüdergemeine (1737);Bamberg (1732) , Brüdergemeine (1737);Angabe in eg_lieder.json;ja;gemeinfrei;"Nikolaus Ludwig Graf von Zinzendorf (1700–1760, Wikidata Q76336); Christian Gregor (1723–1801, Wikidata Q1080028); Albert Knapp (1798–1864, Wikidata Q70265)";gemeinfrei;"Bamberg (Werkjahr 1732); Brüdergemeine (Werkjahr 1737)";1;;;0;Wikimedia Commons (MIDI, Peter Gerloff);https://commons.wikimedia.org/wiki/File%3ABei_dir%2C_Jesu%2C_will_ich_bleiben.mid;MIDI;"mehrstimmiger Satz; Melodie in der Oberstimme";CC0;frei integrierbar;"laut Dateibeschreibung zum EG-Lied; Fassung am Gesangbuch gegenlesen";Melodie aus der MIDI-Oberstimme als ABC setzen, an EG-Fassung gegenlesen.
252;Jesu, der du bist alleine;Gerhard Tersteegen (1731);Johann Georg Christian Störl (1711) , Wolfgang Amadeus Mozart (1791);Johann Georg Christian Störl (1711) , Wolfgang Amadeus Mozart (1791);Angabe in eg_lieder.json;ja;gemeinfrei;Gerhard Tersteegen (1697–1769, Wikidata Q67283);gemeinfrei;"Johann Georg Christian Störl (1675–1719, Wikidata Q1528620); Wolfgang Amadeus Mozart (1756–1791, Wikidata Q254)";1;;;0;;;;;;Melodie gemeinfrei, Notenquelle fehlt;;Melodie aus gemeinfreiem Gesangbuchdruck (z. B. Zahn) selbst setzen.
253;Ich glaube, dass die Heiligen;Philipp Friedrich Hiller (1731);Johann Crüger (1653) , Peter Sohren (1668) , Halle (1704);Johann Crüger (1653) , Peter Sohren (1668) , Halle (1704);Angabe in eg_lieder.json;ja;gemeinfrei;Philipp Friedrich Hiller (1699–1769, Wikidata Q95384);gemeinfrei;"Johann Crüger (1598–1662, Wikidata Q158097); Peter Sohren (1630–1692, Wikidata Q2078395); Halle (Werkjahr 1704)";1;;;0;;;;;;Melodie gemeinfrei, Notenquelle fehlt;;Melodie aus gemeinfreiem Gesangbuchdruck (z. B. Zahn) selbst setzen.
254;Wir wolln uns gerne wagen;Nikolaus Ludwig Graf von Zinzendorf (1736);Gustav Pezold (1910) , Pierre Pidoux (1952) , Manfred Schlenker (1986);Gustav Pezold (1910) , Pierre Pidoux (1952) , Manfred Schlenker (1986);Angabe in eg_lieder.json;ja;gemeinfrei;Nikolaus Ludwig Graf von Zinzendorf (1700–1760, Wikidata Q76336);geschuetzt;"Gustav Pezold (Sterbejahr nicht ermittelt); Pierre Pidoux (1905–2001, Wikidata Q2081356); Manfred Schlenker (1926–2023, Wikidata Q1145886)";2;;;0;;;;;;nicht ohne Lizenz (Melodie geschützt);;"Keine Noten übernehmen; Rechteinhaber/Verlag anfragen oder verzichten."
255;O, dass doch bald dein Feuer brennte;Georg Friedrich Fickert (1812);Guillaume Franc (1543) , César Malan (1812);Guillaume Franc (1543) , César Malan (1812);Angabe in eg_lieder.json;ja;gemeinfrei;Georg Friedrich Fickert (1758–1815, Wikidata Q95745);gemeinfrei;"Guillaume Franc (1515–1570, Wikidata Q1423270); César Malan (1787–1864, Wikidata Q670768)";1;;;0;Wikimedia Commons (MIDI, Peter Gerloff);https://commons.wikimedia.org/wiki/File%3AO_dass_doch_bald_dein_Feuer_brennte.mid;MIDI;"mehrstimmiger Satz; Melodie in der Oberstimme";CC0;frei integrierbar;"laut Dateibeschreibung zum EG-Lied; Fassung am Gesangbuch gegenlesen";Melodie aus der MIDI-Oberstimme als ABC setzen, an EG-Fassung gegenlesen.
256;Einer ist's, an dem wir hangen;Albert Knapp (1824);Wachet auf, ruft uns die Stimme;Hans Sachs (1513) , Philipp Nicolai (1599);Verweis auf EG 147;ja;gemeinfrei;Albert Knapp (1798–1864, Wikidata Q70265);gemeinfrei;"Hans Sachs (Werkjahr 1513); Philipp Nicolai (1556–1608, Wikidata Q706203)";1;;;0;Wikimedia Commons (MIDI, Peter Gerloff);https://commons.wikimedia.org/wiki/File%3AWachet_auf%2C_ruft_uns_die_Stimme.mid;MIDI;"mehrstimmiger Satz; Melodie in der Oberstimme";CC0;frei integrierbar;"gleiche Melodie laut Melodieverweis; Textverteilung prüfen";Melodie aus der MIDI-Oberstimme als ABC setzen, an EG-Fassung gegenlesen.
257;Der du in Todesnächten erkämpft das Heil der Welt;Albert Knapp (1822) , Christian Gottlob Barth (1826);Valet will ich dir geben;Melchior Teschner (1614);Verweis auf EG 523;ja;gemeinfrei;"Albert Knapp (1798–1864, Wikidata Q70265); Christian Gottlob Barth (1799–1862, Wikidata Q84831)";gemeinfrei;Melchior Teschner (1584–1635, Wikidata Q92388);1;;;0;Wikimedia Commons (MIDI, Peter Gerloff);https://commons.wikimedia.org/wiki/File%3AValet_will_ich_dir_geben_%28EG%29.mid;MIDI;"mehrstimmiger Satz; Melodie in der Oberstimme";Public domain;frei integrierbar;"laut Dateibeschreibung zum EG-Lied; Fassung am Gesangbuch gegenlesen";Melodie aus der MIDI-Oberstimme als ABC setzen, an EG-Fassung gegenlesen.
258;Zieht in Frieden eure Pfade;Gustav Knak (1843);Wachet auf, ruft uns die Stimme;Hans Sachs (1513) , Philipp Nicolai (1599);Verweis auf EG 147;ja;gemeinfrei;Gustav Knak (1806–1878, Wikidata Q1556087);gemeinfrei;"Hans Sachs (Werkjahr 1513); Philipp Nicolai (1556–1608, Wikidata Q706203)";1;;;0;Wikimedia Commons (MIDI, Peter Gerloff);https://commons.wikimedia.org/wiki/File%3AWachet_auf%2C_ruft_uns_die_Stimme.mid;MIDI;"mehrstimmiger Satz; Melodie in der Oberstimme";CC0;frei integrierbar;"gleiche Melodie laut Melodieverweis; Textverteilung prüfen";Melodie aus der MIDI-Oberstimme als ABC setzen, an EG-Fassung gegenlesen.
259;Kommt her, des Königs Aufgebot;Friedrich Spitta (1898);Heinrich Schütz (1661);Heinrich Schütz (1661);Angabe in eg_lieder.json;ja;gemeinfrei;Friedrich Spitta (1852–1924, Wikidata Q86882);gemeinfrei;Heinrich Schütz (1585–1672, Wikidata Q153643);1;Kommt her, des Königs Aufgebot;261859390;1;Wikimedia Commons (MIDI, Peter Gerloff);https://commons.wikimedia.org/wiki/File%3AKommt_her%2C_des_K%C3%B6nigs_Aufgebot.mid;MIDI;"mehrstimmiger Satz; Melodie in der Oberstimme";CC0;frei integrierbar;"laut Dateibeschreibung zum EG-Lied; Fassung am Gesangbuch gegenlesen";Melodie aus der MIDI-Oberstimme als ABC setzen, an EG-Fassung gegenlesen.
260;Gleichwie mich mein Vater gesandt hat, so sende ich euch;Aus der Bibel;Paul Ernst Ruppel (1963);Paul Ernst Ruppel (1963);Angabe in eg_lieder.json;ja;ungeklaert;Aus der Bibel (ohne Jahr, Urheber nicht ermittelt);geschuetzt;Paul Ernst Ruppel (1913–2006, Wikidata Q2059450);5;;;0;;;;;;nicht ohne Lizenz (Melodie geschützt);;"Keine Noten übernehmen; Rechteinhaber/Verlag anfragen oder verzichten."
261;Herr, wohin sollen wir gehen (Kanon);Aus der Bibel;Alfred Stier (1949);Alfred Stier (1949);Angabe in eg_lieder.json;ja;ungeklaert;Aus der Bibel (ohne Jahr, Urheber nicht ermittelt);geschuetzt;Alfred Stier (1880–1967, Wikidata Q2645963);5;Herr, wohin sollen wir gehen;258944992;0;;;;;;nicht ohne Lizenz (Melodie geschützt);;"Keine Noten übernehmen; Rechteinhaber/Verlag anfragen oder verzichten."
262;Sonne der Gerechtigkeit;Johann Christian Nehring (1704) , Christian David (1741) , Christian Gottlob Barth (1827);Böhmen (1467) , Nürnberg (1556) , Böhmische Brüder (1566);Böhmen (1467) , Nürnberg (1556) , Böhmische Brüder (1566);Angabe in eg_lieder.json;ja;gemeinfrei;"Johann Christian Nehring (1671–1736, Wikidata Q100505); Christian David (1692–1751, Wikidata Q5617585); Christian Gottlob Barth (1799–1862, Wikidata Q84831)";gemeinfrei;"Böhmen (Werkjahr 1467); Nürnberg (Werkjahr 1556); Böhmische Brüder (Werkjahr 1566)";1;Sonne der Gerechtigkeit;261452929;1;Wikimedia Commons (MIDI, Peter Gerloff);https://commons.wikimedia.org/wiki/File%3ASonne_der_Gerechtigkeit.mid;MIDI;"mehrstimmiger Satz; Melodie in der Oberstimme";CC0;frei integrierbar;"laut Dateibeschreibung zum EG-Lied; Fassung am Gesangbuch gegenlesen";Melodie aus der MIDI-Oberstimme als ABC setzen, an EG-Fassung gegenlesen.
263;Sonne der Gerechtigkeit;Johann Christian Nehring (1704) , Christian David (1741) , Christian Gottlob Barth (1827);Böhmen (1467) , Nürnberg (1556) , Böhmische Brüder (1566);Böhmen (1467) , Nürnberg (1556) , Böhmische Brüder (1566);Angabe in eg_lieder.json;ja;gemeinfrei;"Johann Christian Nehring (1671–1736, Wikidata Q100505); Christian David (1692–1751, Wikidata Q5617585); Christian Gottlob Barth (1799–1862, Wikidata Q84831)";gemeinfrei;"Böhmen (Werkjahr 1467); Nürnberg (Werkjahr 1556); Böhmische Brüder (Werkjahr 1566)";1;;;0;Wikimedia Commons (MIDI, Peter Gerloff);https://commons.wikimedia.org/wiki/File%3ASonne_der_Gerechtigkeit.mid;MIDI;"mehrstimmiger Satz; Melodie in der Oberstimme";CC0;frei integrierbar;nicht geprüft;Melodie aus der MIDI-Oberstimme als ABC setzen, an EG-Fassung gegenlesen.
264;Die Kirche steht gegründet allein auf Jesum Christ;Anna Thekla von Weling (1898);Samuel Sebastian Wesley (1864);Samuel Sebastian Wesley (1864);Angabe in eg_lieder.json;ja;gemeinfrei;Anna Thekla von Weling (1837–1900, Wikidata Q563455);gemeinfrei;Samuel Sebastian Wesley (1810–1876, Wikidata Q746420);1;Die Kirche steht gegründet;258326061;0;;;;;;Melodie gemeinfrei, Notenquelle fehlt;;Melodie aus gemeinfreiem Gesangbuchdruck (z. B. Zahn) selbst setzen.
265;Nun singe Lob, du Christenheit;Georg Thurmair (1964);Nun danket all und bringet Ehr;Genf (1562) , Johann Crüger (1653);Verweis auf EG 322;nein;geschuetzt;Georg Thurmair (1909–1984, Wikidata Q1294769);gemeinfrei;"Genf (Werkjahr 1562); Johann Crüger (1598–1662, Wikidata Q158097)";3;;;0;Wikimedia Commons (MIDI, Peter Gerloff);https://commons.wikimedia.org/wiki/File%3ANun_danket_all_und_bringet_Ehr.mid;MIDI;"mehrstimmiger Satz; Melodie in der Oberstimme";CC BY 3.0;unter Bedingungen nutzbar (Namensnennung, ggf. Weitergabe unter gleichen Bedingungen);"gleiche Melodie laut Melodieverweis; Textverteilung prüfen";"Als Vorlage für eigenen Notensatz nutzen; bei Übernahme der Datei Lizenzhinweis führen."
266;Der Tag, mein Gott, ist nun vergangen;Gerhard Valentin (1964);Clement Cotterill Scholefield (1874);Clement Cotterill Scholefield (1874);Angabe in eg_lieder.json;nein;geschuetzt;Gerhard Valentin (1919–1975, Wikidata Q94891793);gemeinfrei;Clement Cotterill Scholefield (1839–1904, Wikidata Q6168951);3;The day Thou gavest, Lord, is ended;264038623;0;;;;;;Melodie gemeinfrei, Notenquelle fehlt;;Melodie aus gemeinfreiem Gesangbuchdruck (z. B. Zahn) selbst setzen.
267;Herr, du hast darum gebetet;Otmar Schulz (1967);Gottes Führung fordert Stille;Gottes Führung fordert Stille;Angabe in eg_lieder.json;nein;geschuetzt;Otmar Schulz (1938–2023, Wikidata Q1249177);ungeklaert;Gottes Führung fordert Stille (ohne Jahr, Urheber nicht ermittelt);5;;;0;;;;;;ungeklärt;;Urheber und Sterbejahr der Melodie klären, erst dann Quelle prüfen.
268;Strahlen brechen viele aus einem Licht;Dieter Trautwein (1976);Olle Widestrand (1974);Olle Widestrand (1974);Angabe in eg_lieder.json;nein;geschuetzt;Dieter Trautwein (1928–2002, Wikidata Q95896);geschuetzt;Olle Widestrand (1932–2018, Wikidata Q6240193);6;;;0;;;;;;nicht ohne Lizenz (Melodie geschützt);;"Keine Noten übernehmen; Rechteinhaber/Verlag anfragen oder verzichten."
269;Christus ist König, jubelt laut;Walter Schulz (1983);Charles Richard Anders (1978);Charles Richard Anders (1978);Angabe in eg_lieder.json;nein;geschuetzt;Walter Schulz (Werkjahr 1983);geschuetzt;Charles Richard Anders (1929–2020, Wikidata Q1065892);6;;;0;;;;;;nicht ohne Lizenz (Melodie geschützt);;"Keine Noten übernehmen; Rechteinhaber/Verlag anfragen oder verzichten."
270;Herr, unser Herrscher, wie herrlich bist du;Aus der Bibel , Johannes Petzold (1975);Johannes Petzold (1975);Johannes Petzold (1975);Angabe in eg_lieder.json;nein;geschuetzt;"Aus der Bibel (ohne Jahr, Urheber nicht ermittelt); Johannes Petzold (1912–1985, Wikidata Q1698147)";geschuetzt;Johannes Petzold (1912–1985, Wikidata Q1698147);6;;;0;;;;;;nicht ohne Lizenz (Melodie geschützt);;"Keine Noten übernehmen; Rechteinhaber/Verlag anfragen oder verzichten."
271;Wie herrlich gibst du, Herr, dich zu erkennen;Wilhelm Vischer (1944);Guillaume Franc (1542) , Loys Bourgeois (1551);Guillaume Franc (1542) , Loys Bourgeois (1551);Angabe in eg_lieder.json;nein;geschuetzt;Wilhelm Vischer (1895–1988, Wikidata Q125656);gemeinfrei;"Guillaume Franc (1515–1570, Wikidata Q1423270); Loys Bourgeois (1510–1560, Wikidata Q493014)";3;;;0;Wikimedia Commons (MIDI, Peter Gerloff);https://commons.wikimedia.org/wiki/File%3AGott_rufet_noch.mid;MIDI;"mehrstimmiger Satz; Melodie in der Oberstimme";CC0;frei integrierbar;"laut Dateibeschreibung zum EG-Lied; Fassung am Gesangbuch gegenlesen";Melodie aus der MIDI-Oberstimme als ABC setzen, an EG-Fassung gegenlesen.
272;Ich lobe meinen Gott von ganzem Herzen;Aus der Bibel , Gitta Leuschner (1980) , Günter Balders (2002);Claude Fraysse (1976);Claude Fraysse (1976);Angabe in eg_lieder.json;ja;geschuetzt;"Aus der Bibel (ohne Jahr, Urheber nicht ermittelt); Gitta Leuschner (Werkjahr 1980); Günter Balders (1942–, Wikidata Q1560299)";geschuetzt;Claude Fraysse (1941–2012, Wikidata Q104092292);6;;;0;;;;;;nicht ohne Lizenz (Melodie geschützt);;"Keine Noten übernehmen; Rechteinhaber/Verlag anfragen oder verzichten."
273;Ach Gott, vom Himmel sieh darein;Martin Luther (1524);Martin Luther (1524);Martin Luther (1524);Angabe in eg_lieder.json;ja;gemeinfrei;Martin Luther (1483–1546, Wikidata Q9554);gemeinfrei;Martin Luther (1483–1546, Wikidata Q9554);1;;;0;Wikimedia Commons (MIDI, Peter Gerloff);https://commons.wikimedia.org/wiki/File%3AAch_Gott%2C_vom_Himmel_sieh_darein.mid;MIDI;"mehrstimmiger Satz; Melodie in der Oberstimme";CC0;frei integrierbar;"laut Dateibeschreibung zum EG-Lied; Fassung am Gesangbuch gegenlesen";Melodie aus der MIDI-Oberstimme als ABC setzen, an EG-Fassung gegenlesen.
274;Der Herr ist mein getreuer Hirt;Wolfgang Meuslin (1530);Johann Walter (1524) , Johann Sebastian Bach (1731);Johann Walter (1524) , Johann Sebastian Bach (1731);Angabe in eg_lieder.json;ja;gemeinfrei;Wolfgang Meuslin (1497–1563, Wikidata Q704851);gemeinfrei;"Johann Walter (1496–1570, Wikidata Q702924); Johann Sebastian Bach (1685–1750, Wikidata Q1339)";1;Der Herr ist mein getreuer Hirt;267452115;0;;;;;;Melodie gemeinfrei, Notenquelle fehlt;;Melodie aus gemeinfreiem Gesangbuchdruck (z. B. Zahn) selbst setzen.
275;In dich hab ich gehoffet, Herr;Adam Reißner (1533);Zürich (1552);Zürich (1552);Angabe in eg_lieder.json;ja;gemeinfrei;Adam Reißner (1500–1572, Wikidata Q70968);gemeinfrei;Zürich (Werkjahr 1552);1;In dich hab ich gehoffet, Herr;219166237;0;Wikimedia Commons (MIDI, Peter Gerloff);https://commons.wikimedia.org/wiki/File%3AIn_dich_hab_ich_gehoffet%2C_Herr.mid | https://commons.wikimedia.org/wiki/File%3AMein_sch%C3%B6nste_Zier_und_Kleinod.mid;MIDI;"mehrstimmiger Satz; Melodie in der Oberstimme";CC0, Public domain;frei integrierbar;"laut Dateibeschreibung zum EG-Lied; Fassung am Gesangbuch gegenlesen";Melodie aus der MIDI-Oberstimme als ABC setzen, an EG-Fassung gegenlesen.
276;Ich will, solang ich lebe;Cornelius Becker (1602) , Günter Balders (2002);Heinrich Schütz (1628);Heinrich Schütz (1628);Angabe in eg_lieder.json;ja;geschuetzt;"Cornelius Becker (1561–1604, Wikidata Q77472); Günter Balders (1942–, Wikidata Q1560299)";gemeinfrei;Heinrich Schütz (1585–1672, Wikidata Q153643);3;;;0;;;;;;Melodie gemeinfrei, Notenquelle fehlt;;Melodie aus gemeinfreiem Gesangbuchdruck (z. B. Zahn) selbst setzen.
277;Herr, deine Güte reicht, so weit der Himmel ist;Aus der Bibel , Gerhard Valentin (1965);Herbert Beuerle (1965) , Rolf Schweizer (1965);Herbert Beuerle (1965) , Rolf Schweizer (1965);Angabe in eg_lieder.json;ja;geschuetzt;"Aus der Bibel (ohne Jahr, Urheber nicht ermittelt); Gerhard Valentin (1919–1975, Wikidata Q94891793)";geschuetzt;"Herbert Beuerle (1911–1994, Wikidata Q1608060); Rolf Schweizer (1936–2016, Wikidata Q2163804)";6;;;0;;;;;;nicht ohne Lizenz (Melodie geschützt);;"Keine Noten übernehmen; Rechteinhaber/Verlag anfragen oder verzichten."
278;Wie der Hirsch lechzt nach frischem Wasser;Dieter Trautwein (1983);Volker Ochs (1984);Volker Ochs (1984);Angabe in eg_lieder.json;nein;geschuetzt;Dieter Trautwein (1928–2002, Wikidata Q95896);geschuetzt;Volker Ochs (1929–2018, Wikidata Q1282223);6;;;0;;;;;;nicht ohne Lizenz (Melodie geschützt);;"Keine Noten übernehmen; Rechteinhaber/Verlag anfragen oder verzichten."
279;Jauchzt, alle Lande, Gott zu Ehren;Matthias Jorissen (1798);Nun saget Dank und lobt den Herren;Guillaume Franc (1543) , Loys Bourgeois (1551);Verweis auf EG 294;ja;gemeinfrei;Matthias Jorissen (1739–1823, Wikidata Q101108);gemeinfrei;"Guillaume Franc (1515–1570, Wikidata Q1423270); Loys Bourgeois (1510–1560, Wikidata Q493014)";1;;;0;Wikimedia Commons (MIDI, Peter Gerloff);https://commons.wikimedia.org/wiki/File%3ANun_saget_Dank_und_lobt_den_Herren_%28EG%29.mid;MIDI;"mehrstimmiger Satz; Melodie in der Oberstimme";CC0;frei integrierbar;"gleiche Melodie laut Melodieverweis; Textverteilung prüfen";Melodie aus der MIDI-Oberstimme als ABC setzen, an EG-Fassung gegenlesen.
280;Es wolle Gott uns gnädig sein (Es woll uns Gott genädig sein);Martin Luther (1524);Ludwig Senfl (1522) , Matthäus Greiter (1524);Ludwig Senfl (1522) , Matthäus Greiter (1524);Angabe in eg_lieder.json;ja;gemeinfrei;Martin Luther (1483–1546, Wikidata Q9554);gemeinfrei;"Ludwig Senfl (1490–1543, Wikidata Q58008); Matthäus Greiter (1495–1550, Wikidata Q316096)";1;Es wolle Gott uns gnädig sein;259928920;0;Wikimedia Commons (MIDI, Peter Gerloff);https://commons.wikimedia.org/wiki/File%3AEs_wolle_Gott_uns_gn%C3%A4dig_sein.mid;MIDI;"mehrstimmiger Satz; Melodie in der Oberstimme";CC0;frei integrierbar;"laut Dateibeschreibung zum EG-Lied; Fassung am Gesangbuch gegenlesen";Melodie aus der MIDI-Oberstimme als ABC setzen, an EG-Fassung gegenlesen.
281;Erhebet er sich, unser Gott;Matthias Jorissen (1798);Es sind doch selig alle, die;Matthäus Greiter (1525);manuell (manual_overrides.json);ja;gemeinfrei;Matthias Jorissen (1739–1823, Wikidata Q101108);gemeinfrei;Matthäus Greiter (1495–1550, Wikidata Q316096);1;;;0;Wikimedia Commons (MIDI, Peter Gerloff);https://commons.wikimedia.org/wiki/File%3AO_Mensch%2C_bewein_dein_S%C3%BCnde_gro%C3%9F_%28EG%29.mid;MIDI;"mehrstimmiger Satz; Melodie in der Oberstimme";CC0;frei integrierbar;"laut Dateibeschreibung zum EG-Lied; Fassung am Gesangbuch gegenlesen";Melodie aus der MIDI-Oberstimme als ABC setzen, an EG-Fassung gegenlesen.
282;Wie lieblich schön, Herr Zebaoth;Matthias Jorissen (1798);Pierre Davantés (1562);Pierre Davantés (1562);Angabe in eg_lieder.json;ja;gemeinfrei;Matthias Jorissen (1739–1823, Wikidata Q101108);gemeinfrei;Pierre Davantés (1525–1561, Wikidata Q2093375);1;;;0;;;;;;Melodie gemeinfrei, Notenquelle fehlt;;Melodie aus gemeinfreiem Gesangbuchdruck (z. B. Zahn) selbst setzen.
283;Herr, der du vormals hast dein Land;Paul Gerhardt (1653);Aus tiefer Not schrei ich zu dir;Wolfgang Dachstein (1524) , Martin Luther (1524) , Hans Leo Haßler (1601);Verweis auf EG 299;ja;gemeinfrei;Paul Gerhardt (1607–1676, Wikidata Q76331);gemeinfrei;"Wolfgang Dachstein (1487–1553, Wikidata Q2589406); Martin Luther (1483–1546, Wikidata Q9554); Hans Leo Haßler (1564–1612, Wikidata Q164882)";1;;;0;Wikimedia Commons (MIDI, Peter Gerloff);https://commons.wikimedia.org/wiki/File%3AAus_tiefer_Not_schrei_ich_zu_dir_%28Dachstein%29.mid | https://commons.wikimedia.org/wiki/File%3AAus_tiefer_Not_schrei_ich_zu_dir_%28Luther%2C_EG%29.mid;MIDI;"mehrstimmiger Satz; Melodie in der Oberstimme";CC0;frei integrierbar;"gleiche Melodie laut Melodieverweis; Textverteilung prüfen";Melodie aus der MIDI-Oberstimme als ABC setzen, an EG-Fassung gegenlesen.
284;Das ist köstlich, dir zu sagen Lob und Preis;Günter Rutenborn (1971);Leutschau (1651);Leutschau (1651);Angabe in eg_lieder.json;nein;geschuetzt;Günter Rutenborn (Werkjahr 1971);gemeinfrei;Leutschau (Werkjahr 1651);3;;;0;;;;;;Melodie gemeinfrei, Notenquelle fehlt;;Melodie aus gemeinfreiem Gesangbuchdruck (z. B. Zahn) selbst setzen.
285;Das ist ein köstlich Ding, dem Herren danken;Aus der Bibel;Rolf Schweizer (1966);Rolf Schweizer (1966);Angabe in eg_lieder.json;ja;ungeklaert;Aus der Bibel (ohne Jahr, Urheber nicht ermittelt);geschuetzt;Rolf Schweizer (1936–2016, Wikidata Q2163804);5;;;0;;;;;;nicht ohne Lizenz (Melodie geschützt);;"Keine Noten übernehmen; Rechteinhaber/Verlag anfragen oder verzichten."
286;Singt, singt dem Herren neue Lieder;Johannes Stapfer (1775) , Matthias Jorissen (1798);Jauchzt, alle Lande, Gott zu Ehren;Nun saget Dank und lobt den Herren;Verweis auf EG 279;ja;gemeinfrei;"Johannes Stapfer (1719–1801, Wikidata Q94755296 oder 1708–1775, Wikidata Q1693666); Matthias Jorissen (1739–1823, Wikidata Q101108)";ungeklaert;Nun saget Dank und lobt den Herren (ohne Jahr, Urheber nicht ermittelt);2;;;0;;;;;;ungeklärt;;Urheber und Sterbejahr der Melodie klären, erst dann Quelle prüfen.
287;Singet dem Herrn ein neues Lied, denn Er tut Wunder;Aus der Bibel , Paulus Stein (1963);Rolf Schweizer (1963);Rolf Schweizer (1963);Angabe in eg_lieder.json;ja;geschuetzt;"Aus der Bibel (ohne Jahr, Urheber nicht ermittelt); Paulus Stein (Werkjahr 1963)";geschuetzt;Rolf Schweizer (1936–2016, Wikidata Q2163804);6;Psalm 98;241097507;0;;;;;;nicht ohne Lizenz (Melodie geschützt);;"Keine Noten übernehmen; Rechteinhaber/Verlag anfragen oder verzichten."
288;Nun jauchzt dem Herren, alle Welt;Cornelius Becker (1602) , David Denicke (1646);Ulm (1358) , Hamburg (1598) , Hannover (1646);Ulm (1358) , Hamburg (1598) , Hannover (1646);Angabe in eg_lieder.json;ja;gemeinfrei;"Cornelius Becker (1561–1604, Wikidata Q77472); David Denicke (1603–1680, Wikidata Q67273)";gemeinfrei;"Ulm (Werkjahr 1358); Hamburg (Werkjahr 1598); Hannover (Werkjahr 1646)";1;Nun jauchzt dem Herren, alle Welt;242399591;0;Wikimedia Commons (MIDI, Peter Gerloff);https://commons.wikimedia.org/wiki/File%3ANun_jauchzt_dem_Herren%2C_alle_Welt.mid;MIDI;"mehrstimmiger Satz; Melodie in der Oberstimme";CC0;frei integrierbar;"laut Dateibeschreibung zum EG-Lied; Fassung am Gesangbuch gegenlesen";Melodie aus der MIDI-Oberstimme als ABC setzen, an EG-Fassung gegenlesen.
289;Nun lob, mein Seel, den Herren;Johann Gramann (1530) , Königsberg (1548);Hans Kugelmann (1530);Hans Kugelmann (1530);Angabe in eg_lieder.json;ja;gemeinfrei;"Johann Gramann (1487–1541, Wikidata Q68275); Königsberg (Werkjahr 1548)";gemeinfrei;Hans Kugelmann (1495–1542, Wikidata Q831333);1;Nun lob, mein Seel, den Herren;263434885;0;Wikimedia Commons (MIDI, Peter Gerloff);https://commons.wikimedia.org/wiki/File%3ANun_lob%2C_mein_Seel%2C_den_Herren_%28EG%29.mid;MIDI;"mehrstimmiger Satz; Melodie in der Oberstimme";Public domain;frei integrierbar;nicht geprüft;Melodie aus der MIDI-Oberstimme als ABC setzen, an EG-Fassung gegenlesen.
290;Nun danket Gott, erhebt und preiset;Johannes Stapfer (1775) , Matthias Jorissen (1798);Pierre Davantés (1562);Pierre Davantés (1562);Angabe in eg_lieder.json;ja;gemeinfrei;"Johannes Stapfer (1719–1801, Wikidata Q94755296 oder 1708–1775, Wikidata Q1693666); Matthias Jorissen (1739–1823, Wikidata Q101108)";gemeinfrei;Pierre Davantés (1525–1561, Wikidata Q2093375);1;;;0;;;;;;Melodie gemeinfrei, Notenquelle fehlt;;Melodie aus gemeinfreiem Gesangbuchdruck (z. B. Zahn) selbst setzen.
291;Ich will dir danken, Herr, unter den Völkern;Aus der Bibel;Paul Ernst Ruppel (1964);Paul Ernst Ruppel (1964);Angabe in eg_lieder.json;ja;ungeklaert;Aus der Bibel (ohne Jahr, Urheber nicht ermittelt);geschuetzt;Paul Ernst Ruppel (1913–2006, Wikidata Q2059450);5;;;0;;;;;;nicht ohne Lizenz (Melodie geschützt);;"Keine Noten übernehmen; Rechteinhaber/Verlag anfragen oder verzichten."
292;Das ist mir lieb, dass du mich hörst;Heinrich Vogel (1948);Johannes Petzold (1966);Johannes Petzold (1966);Angabe in eg_lieder.json;nein;geschuetzt;Heinrich Vogel (1902–1989, Wikidata Q1570705);geschuetzt;Johannes Petzold (1912–1985, Wikidata Q1698147);6;;;0;;;;;;nicht ohne Lizenz (Melodie geschützt);;"Keine Noten übernehmen; Rechteinhaber/Verlag anfragen oder verzichten."
293;Lobt Gott den Herrn, ihr Heiden all;Joachim Sartorius (1591);Melchior Vulpius (1609);Melchior Vulpius (1609);Angabe in eg_lieder.json;ja;gemeinfrei;Joachim Sartorius (Werkjahr 1591);gemeinfrei;Melchior Vulpius (1570–1615, Wikidata Q702277);1;;;0;Wikimedia Commons (MIDI, Peter Gerloff);https://commons.wikimedia.org/wiki/File%3ALobt_Gott_den_Herrn%2C_ihr_Heiden_all.mid;MIDI;"mehrstimmiger Satz; Melodie in der Oberstimme";CC0;frei integrierbar;"laut Dateibeschreibung zum EG-Lied; Fassung am Gesangbuch gegenlesen";Melodie aus der MIDI-Oberstimme als ABC setzen, an EG-Fassung gegenlesen.
294;Nun saget Dank und lobt den Herren;Ambrosius Lobwasser (1573) , Fritz Enderlin (1952);Guillaume Franc (1543) , Loys Bourgeois (1551);Guillaume Franc (1543) , Loys Bourgeois (1551);Angabe in eg_lieder.json;nein;geschuetzt;"Ambrosius Lobwasser (Werkjahr 1573); Fritz Enderlin (1883–1971, Wikidata Q78061453)";gemeinfrei;"Guillaume Franc (1515–1570, Wikidata Q1423270); Loys Bourgeois (1510–1560, Wikidata Q493014)";3;;;0;Wikimedia Commons (MIDI, Peter Gerloff);https://commons.wikimedia.org/wiki/File%3ANun_saget_Dank_und_lobt_den_Herren_%28EG%29.mid;MIDI;"mehrstimmiger Satz; Melodie in der Oberstimme";CC0;frei integrierbar;"laut Dateibeschreibung zum EG-Lied; Fassung am Gesangbuch gegenlesen";Melodie aus der MIDI-Oberstimme als ABC setzen, an EG-Fassung gegenlesen.
295;Wohl denen, die da wandeln;Cornelius Becker (1602);Heinrich Schütz (1661);Heinrich Schütz (1661);Angabe in eg_lieder.json;ja;gemeinfrei;Cornelius Becker (1561–1604, Wikidata Q77472);gemeinfrei;Heinrich Schütz (1585–1672, Wikidata Q153643);1;Wohl denen, die da wandeln;265962543;0;Wikimedia Commons (MIDI, Peter Gerloff);https://commons.wikimedia.org/wiki/File%3AWohl_denen%2C_die_da_wandeln_%28Heinrich_Sch%C3%BCtz%29.mid;MIDI;"mehrstimmiger Satz; Melodie in der Oberstimme";Public domain;frei integrierbar;"laut Dateibeschreibung zum EG-Lied; Fassung am Gesangbuch gegenlesen";Melodie aus der MIDI-Oberstimme als ABC setzen, an EG-Fassung gegenlesen.
296;Ich heb mein Augen sehnlich auf;Cornelius Becker (1602);Wenn wir in höchsten Nöten sein;Guillaume Franc (1543) , Johann Baptista Serranus (1567);Verweis auf EG 366;ja;gemeinfrei;Cornelius Becker (1561–1604, Wikidata Q77472);gemeinfrei;"Guillaume Franc (1515–1570, Wikidata Q1423270); Johann Baptista Serranus (Werkjahr 1567)";1;;;0;Wikimedia Commons (MIDI, Peter Gerloff);https://commons.wikimedia.org/wiki/File%3AWenn_wir_in_h%C3%B6chsten_N%C3%B6ten_sein.mid;MIDI;"mehrstimmiger Satz; Melodie in der Oberstimme";CC0;frei integrierbar;"gleiche Melodie laut Melodieverweis; Textverteilung prüfen";Melodie aus der MIDI-Oberstimme als ABC setzen, an EG-Fassung gegenlesen.
297;Wo Gott der Herr nicht bei uns hält;Justus Jonas (1524) , Martin Luther (1524);Wittenberg (1529);Wittenberg (1529);Angabe in eg_lieder.json;ja;gemeinfrei;"Justus Jonas (1493–1555, Wikidata Q38294); Martin Luther (1483–1546, Wikidata Q9554)";gemeinfrei;Wittenberg (Werkjahr 1529);1;;;0;Wikimedia Commons (MIDI, Peter Gerloff);https://commons.wikimedia.org/wiki/File%3AWo_Gott_der_Herr_nicht_bei_uns_h%C3%A4lt.mid;MIDI;"mehrstimmiger Satz; Melodie in der Oberstimme";CC0;frei integrierbar;"laut Dateibeschreibung zum EG-Lied; Fassung am Gesangbuch gegenlesen";Melodie aus der MIDI-Oberstimme als ABC setzen, an EG-Fassung gegenlesen.
298;Wenn der Herr einst die Gefangnen;Samuel Gottlieb Bürde (1787);Franz Wilhelm von Ditfurth (1855);Franz Wilhelm von Ditfurth (1855);Angabe in eg_lieder.json;ja;gemeinfrei;Samuel Gottlieb Bürde (1753–1831, Wikidata Q105842);gemeinfrei;Franz Wilhelm von Ditfurth (1801–1880, Wikidata Q88706);1;;;0;;;;;;Melodie gemeinfrei, Notenquelle fehlt;;Melodie aus gemeinfreiem Gesangbuchdruck (z. B. Zahn) selbst setzen.
299;Aus tiefer Not schrei ich zu dir;Martin Luther (1524);Wolfgang Dachstein (1524) , Martin Luther (1524) , Hans Leo Haßler (1601);Wolfgang Dachstein (1524) , Martin Luther (1524) , Hans Leo Haßler (1601);Angabe in eg_lieder.json;ja;gemeinfrei;Martin Luther (1483–1546, Wikidata Q9554);gemeinfrei;"Wolfgang Dachstein (1487–1553, Wikidata Q2589406); Martin Luther (1483–1546, Wikidata Q9554); Hans Leo Haßler (1564–1612, Wikidata Q164882)";1;Aus tiefer Not schrei ich zu dir;269028026;0;Wikimedia Commons (MIDI, Peter Gerloff);https://commons.wikimedia.org/wiki/File%3AAus_tiefer_Not_schrei_ich_zu_dir_%28Dachstein%29.mid | https://commons.wikimedia.org/wiki/File%3AAus_tiefer_Not_schrei_ich_zu_dir_%28Luther%2C_EG%29.mid;MIDI;"mehrstimmiger Satz; Melodie in der Oberstimme";CC0;frei integrierbar;"laut Dateibeschreibung zum EG-Lied; Fassung am Gesangbuch gegenlesen";Melodie aus der MIDI-Oberstimme als ABC setzen, an EG-Fassung gegenlesen.
300;Lobt Gott, den Herrn der Herrlichkeit;Matthias Jorissen (1798);Herr Gott, dich loben alle wir;Genf (1551);manuell (manual_overrides.json);ja;gemeinfrei;Matthias Jorissen (1739–1823, Wikidata Q101108);gemeinfrei;Genf (Werkjahr 1551);1;;;0;Wikimedia Commons (MIDI, Peter Gerloff);https://commons.wikimedia.org/wiki/File%3ALobt_Gott%2C_den_Herrn_der_Herrlichkeit.mid;MIDI;"mehrstimmiger Satz; Melodie in der Oberstimme";CC0;frei integrierbar;"laut Dateibeschreibung zum EG-Lied; Fassung am Gesangbuch gegenlesen";Melodie aus der MIDI-Oberstimme als ABC setzen, an EG-Fassung gegenlesen.
301;Danket Gott, denn er ist gut;Christoph Johannes Riggenbach (1868);Pierre Davantés (1562);Pierre Davantés (1562);Angabe in eg_lieder.json;ja;gemeinfrei;Christoph Johannes Riggenbach (1818–1890, Wikidata Q60839767);gemeinfrei;Pierre Davantés (1525–1561, Wikidata Q2093375);1;;;0;Wikimedia Commons (MIDI, Peter Gerloff);https://commons.wikimedia.org/wiki/File%3ADanket_Gott%2C_denn_er_ist_gut.mid;MIDI;"mehrstimmiger Satz; Melodie in der Oberstimme";CC0;frei integrierbar;"laut Dateibeschreibung zum EG-Lied; Fassung am Gesangbuch gegenlesen";Melodie aus der MIDI-Oberstimme als ABC setzen, an EG-Fassung gegenlesen.
302;Du meine Seele, singe;Paul Gerhardt (1653);Johann Georg Ebeling (1666);Johann Georg Ebeling (1666);Angabe in eg_lieder.json;ja;gemeinfrei;Paul Gerhardt (1607–1676, Wikidata Q76331);gemeinfrei;Johann Georg Ebeling (1637–1676, Wikidata Q595457);1;Du meine Seele, singe;267735229;0;Wikimedia Commons (MIDI, Peter Gerloff);https://commons.wikimedia.org/wiki/File%3ADu_meine_Seele%2C_singe.mid;MIDI;"mehrstimmiger Satz; Melodie in der Oberstimme";CC0;frei integrierbar;"laut Dateibeschreibung zum EG-Lied; Fassung am Gesangbuch gegenlesen";Melodie aus der MIDI-Oberstimme als ABC setzen, an EG-Fassung gegenlesen.
303;Lobe den Herren, o meine Seele;Johann Daniel Herrnschmidt (1714);Ansbach (1664) , Halle (1714);Ansbach (1664) , Halle (1714);Angabe in eg_lieder.json;ja;gemeinfrei;Johann Daniel Herrnschmidt (1675–1723, Wikidata Q104134);gemeinfrei;"Ansbach (Werkjahr 1664); Halle (Werkjahr 1714)";1;;;0;Wikimedia Commons (MIDI, Peter Gerloff);https://commons.wikimedia.org/wiki/File%3ALobe_den_Herren%2C_o_meine_Seele.mid;MIDI;"mehrstimmiger Satz; Melodie in der Oberstimme";CC0;frei integrierbar;"laut Dateibeschreibung zum EG-Lied; Fassung am Gesangbuch gegenlesen";Melodie aus der MIDI-Oberstimme als ABC setzen, an EG-Fassung gegenlesen.
304;Lobet den Herren, denn er ist sehr freundlich;Nürnberg (1560);Lobet den Herren alle, die ihn ehren;Johann Crüger (1653);Verweis auf EG 447;ja;gemeinfrei;Nürnberg (Werkjahr 1560);gemeinfrei;Johann Crüger (1598–1662, Wikidata Q158097);1;;;0;Wikimedia Commons (MIDI, Peter Gerloff);https://commons.wikimedia.org/wiki/File%3ALobet_den_Herren_alle%2C_die_ihn_ehren.mid;MIDI;"mehrstimmiger Satz; Melodie in der Oberstimme";CC BY-SA 3.0;unter Bedingungen nutzbar (Namensnennung, ggf. Weitergabe unter gleichen Bedingungen);"gleiche Melodie laut Melodieverweis; Textverteilung prüfen";"Als Vorlage für eigenen Notensatz nutzen; bei Übernahme der Datei Lizenzhinweis führen."
305;Singt das Lied der Freude;Dieter Hechtenberg (1968);Dieter Hechtenberg (1968);Dieter Hechtenberg (1968);Angabe in eg_lieder.json;nein;geschuetzt;Dieter Hechtenberg (Werkjahr 1968);geschuetzt;Dieter Hechtenberg (Werkjahr 1968);6;;;0;;;;;;nicht ohne Lizenz (Melodie geschützt);;"Keine Noten übernehmen; Rechteinhaber/Verlag anfragen oder verzichten."
306;Singt das Lied der Freude, der Freude über Gott;Dieter Hechtenberg (1968);Hartmut Bietz (1971);Hartmut Bietz (1971);Angabe in eg_lieder.json;nein;geschuetzt;Dieter Hechtenberg (Werkjahr 1968);geschuetzt;Hartmut Bietz (1942–2020, Wikidata Q1364948);6;;;0;;;;;;nicht ohne Lizenz (Melodie geschützt);;"Keine Noten übernehmen; Rechteinhaber/Verlag anfragen oder verzichten."
307;Selig sind, die da geistlich arm sind;Aus der Bibel;Kiew (1700);Kiew (1700);Angabe in eg_lieder.json;ja;ungeklaert;Aus der Bibel (ohne Jahr, Urheber nicht ermittelt);gemeinfrei;Kiew (Werkjahr 1700);3;;;0;;;;;;Melodie gemeinfrei, Notenquelle fehlt;;Melodie aus gemeinfreiem Gesangbuchdruck (z. B. Zahn) selbst setzen.
308;Mein Seel, o Herr, muss loben dich;Erasmus Alber (1534) , Hermann Bonnus (1547);Bartholomäus Gesius (1603) , Michael Praetorius (1607);Bartholomäus Gesius (1603) , Michael Praetorius (1607);Angabe in eg_lieder.json;ja;gemeinfrei;"Erasmus Alber (1500–1553, Wikidata Q68091); Hermann Bonnus (1504–1548, Wikidata Q914447)";gemeinfrei;"Bartholomäus Gesius (1562–1613, Wikidata Q809352); Michael Praetorius (1571–1621, Wikidata Q108278 oder 1515–1583, Wikidata Q30245835)";1;Magnificat;257596314;0;;;;;;Melodie gemeinfrei, Notenquelle fehlt;;Melodie aus gemeinfreiem Gesangbuchdruck (z. B. Zahn) selbst setzen.
309;Hoch hebt den Herrn mein Herz;Fritz Enderlin (1952);Die Sonn hat sich mit ihrem Glanz gewendet;Guillaume Franc (1542) , Loys Bourgeois (1551);Verweis auf EG 476;nein;geschuetzt;Fritz Enderlin (1883–1971, Wikidata Q78061453);gemeinfrei;"Guillaume Franc (1515–1570, Wikidata Q1423270); Loys Bourgeois (1510–1560, Wikidata Q493014)";3;;;0;;;;;;Melodie gemeinfrei, Notenquelle fehlt;;Melodie aus gemeinfreiem Gesangbuchdruck (z. B. Zahn) selbst setzen.
310;Meine Seele erhebt den Herren (Kanon);Aus der Bibel;Paul Ernst Ruppel (1938);Paul Ernst Ruppel (1938);Angabe in eg_lieder.json;ja;ungeklaert;Aus der Bibel (ohne Jahr, Urheber nicht ermittelt);geschuetzt;Paul Ernst Ruppel (1913–2006, Wikidata Q2059450);5;;;0;;;;;;nicht ohne Lizenz (Melodie geschützt);;"Keine Noten übernehmen; Rechteinhaber/Verlag anfragen oder verzichten."
311;Abraham, Abraham, verlass dein Land;Diethard Zils;Wim ter Burg (1968);Wim ter Burg (1968);Angabe in eg_lieder.json;nein;geschuetzt;Diethard Zils (1935–, Wikidata Q1223164);geschuetzt;Wim ter Burg (1914–1995, Wikidata Q1815919);6;;;0;;;;;;nicht ohne Lizenz (Melodie geschützt);;"Keine Noten übernehmen; Rechteinhaber/Verlag anfragen oder verzichten."
312;Kam einst zum Ufer;Huub Oosterhuis (1973) , Jürgen Henkys (1977);Jaap Geraedts (1973);Jaap Geraedts (1973);Angabe in eg_lieder.json;nein;geschuetzt;"Huub Oosterhuis (1933–2023, Wikidata Q1639368); Jürgen Henkys (1929–2015, Wikidata Q110422)";geschuetzt;Jaap Geraedts (1924–2003, Wikidata Q2263406);6;;;0;;;;;;nicht ohne Lizenz (Melodie geschützt);;"Keine Noten übernehmen; Rechteinhaber/Verlag anfragen oder verzichten."
313;Jesus, der zu den Fischern lief;Jürgen Henkys (1977);Frits Mehrtens (1961);Frits Mehrtens (1961);Angabe in eg_lieder.json;nein;geschuetzt;Jürgen Henkys (1929–2015, Wikidata Q110422);geschuetzt;Frits Mehrtens (1922–1975, Wikidata Q2460520);6;Jesus, der zu den Fischern lief;268666507;0;;;;;;nicht ohne Lizenz (Melodie geschützt);;"Keine Noten übernehmen; Rechteinhaber/Verlag anfragen oder verzichten."
314;Jesus zieht in Jerusalem ein;Gottfried Neubert (1968);Gottfried Neubert (1968);Gottfried Neubert (1968);Angabe in eg_lieder.json;ja;geschuetzt;Gottfried Neubert (1926–1983, Wikidata Q26252121);geschuetzt;Gottfried Neubert (1926–1983, Wikidata Q26252121);6;;;0;;;;;;nicht ohne Lizenz (Melodie geschützt);;"Keine Noten übernehmen; Rechteinhaber/Verlag anfragen oder verzichten."
315;Ich will zu meinem Vater gehn;Lotte Denkhaus (1975);Dieter Trautwein (1976);Dieter Trautwein (1976);Angabe in eg_lieder.json;nein;geschuetzt;Lotte Denkhaus (1905–1986, Wikidata Q1871138);geschuetzt;Dieter Trautwein (1928–2002, Wikidata Q95896);6;;;0;;;;;;nicht ohne Lizenz (Melodie geschützt);;"Keine Noten übernehmen; Rechteinhaber/Verlag anfragen oder verzichten."
316;Lobe den Herren, den mächtigen König der Ehren;Joachim Neander (1680);Stralsund (1665) , Halle (1741);Stralsund (1665) , Halle (1741);Angabe in eg_lieder.json;ja;gemeinfrei;Joachim Neander (1650–1680, Wikidata Q445967 oder 1614–1666, Wikidata Q94781497);gemeinfrei;"Stralsund (Werkjahr 1665); Halle (Werkjahr 1741)";1;Lobe den Herren, den mächtigen König der Ehren;268762671;1;Wikimedia Commons (MIDI, Peter Gerloff);https://commons.wikimedia.org/wiki/File%3ALobe_den_Herren%2C_den_m%C3%A4chtigen_K%C3%B6nig_der_Ehren.mid;MIDI;"mehrstimmiger Satz; Melodie in der Oberstimme";CC BY-SA 3.0;unter Bedingungen nutzbar (Namensnennung, ggf. Weitergabe unter gleichen Bedingungen);"laut Dateibeschreibung zum EG-Lied; Fassung am Gesangbuch gegenlesen";"Als Vorlage für eigenen Notensatz nutzen; bei Übernahme der Datei Lizenzhinweis führen."
317;Lobe den Herren, den mächtigen König der Ehren;Joachim Neander (1680);Stralsund (1665) , Halle (1741);Stralsund (1665) , Halle (1741);Angabe in eg_lieder.json;ja;gemeinfrei;Joachim Neander (1650–1680, Wikidata Q445967 oder 1614–1666, Wikidata Q94781497);gemeinfrei;"Stralsund (Werkjahr 1665); Halle (Werkjahr 1741)";1;;;0;Wikimedia Commons (MIDI, Peter Gerloff);https://commons.wikimedia.org/wiki/File%3ALobe_den_Herren%2C_den_m%C3%A4chtigen_K%C3%B6nig_der_Ehren.mid;MIDI;"mehrstimmiger Satz; Melodie in der Oberstimme";CC BY-SA 3.0;unter Bedingungen nutzbar (Namensnennung, ggf. Weitergabe unter gleichen Bedingungen);nicht geprüft;"Als Vorlage für eigenen Notensatz nutzen; bei Übernahme der Datei Lizenzhinweis führen."
318;O gläubig Herz, gebenedei;Michael Weiße (1531);Michael Praetorius (1609);Michael Praetorius (1609);Angabe in eg_lieder.json;ja;gemeinfrei;Michael Weiße (1488–1534, Wikidata Q74773);gemeinfrei;Michael Praetorius (1571–1621, Wikidata Q108278 oder 1515–1583, Wikidata Q30245835);1;;;0;;;;;;Melodie gemeinfrei, Notenquelle fehlt;;Melodie aus gemeinfreiem Gesangbuchdruck (z. B. Zahn) selbst setzen.
319;Die beste Zeit im Jahr ist mein;Martin Luther (1538);Böhmische Brüder (1544) , Karl Lütge (1917);Böhmische Brüder (1544) , Karl Lütge (1917);Angabe in eg_lieder.json;ja;gemeinfrei;Martin Luther (1483–1546, Wikidata Q9554);geschuetzt;"Böhmische Brüder (Werkjahr 1544); Karl Lütge (1895–1965, Wikidata Q28866109 oder 1875–1967, Wikidata Q33378948)";4;Die beste Zeit im Jahr ist mein;269264314;0;Wikimedia Commons (MIDI, Peter Gerloff);https://commons.wikimedia.org/wiki/File%3ADie_beste_Zeit_im_Jahr_ist_mein.mid;MIDI;"mehrstimmiger Satz; Melodie in der Oberstimme";CC0;nicht ohne Lizenz (Melodie geschützt);"laut Dateibeschreibung zum EG-Lied; Fassung am Gesangbuch gegenlesen";"Keine Noten übernehmen; Rechteinhaber/Verlag anfragen oder verzichten."
320;Nun lasst uns Gott dem Herren Dank sagen;Ludwig Helmbold (1575);Nikolaus Selnecker (1587) , Johann Crüger (1649);Nikolaus Selnecker (1587) , Johann Crüger (1649);Angabe in eg_lieder.json;ja;gemeinfrei;Ludwig Helmbold (1532–1598, Wikidata Q84599);gemeinfrei;"Nikolaus Selnecker (1530–1592, Wikidata Q64014); Johann Crüger (1598–1662, Wikidata Q158097)";1;Nun lasst uns Gott dem Herren;258950466;0;Wikimedia Commons (MIDI, Peter Gerloff);https://commons.wikimedia.org/wiki/File%3ANun_lasst_uns_Gott_dem_Herren.mid;MIDI;"mehrstimmiger Satz; Melodie in der Oberstimme";CC0;frei integrierbar;"laut Dateibeschreibung zum EG-Lied; Fassung am Gesangbuch gegenlesen";Melodie aus der MIDI-Oberstimme als ABC setzen, an EG-Fassung gegenlesen.
321;Nun danket alle Gott;Martin Rinckart (1636);Leipzig (1636) , Johann Crüger (1647);Leipzig (1636) , Johann Crüger (1647);Angabe in eg_lieder.json;ja;gemeinfrei;Martin Rinckart (1586–1649, Wikidata Q78323);gemeinfrei;"Leipzig (Werkjahr 1636); Johann Crüger (1598–1662, Wikidata Q158097)";1;Nun danket alle Gott;270871357;0;Wikimedia Commons (MIDI, Peter Gerloff);https://commons.wikimedia.org/wiki/File%3ANun_danket_alle_Gott_%28EG%2C_sp%C3%A4tere_Form%29.mid | https://commons.wikimedia.org/wiki/File%3ANun_danket_alle_Gott_%28%C3%96-Version%29.mid;MIDI;"mehrstimmiger Satz; Melodie in der Oberstimme";CC BY-SA 3.0, CC0;unter Bedingungen nutzbar (Namensnennung, ggf. Weitergabe unter gleichen Bedingungen);"laut Dateibeschreibung zum EG-Lied; Fassung am Gesangbuch gegenlesen";"Als Vorlage für eigenen Notensatz nutzen; bei Übernahme der Datei Lizenzhinweis führen."
322;Nun danket all und bringet Ehr;Paul Gerhardt (1647);Genf (1562) , Johann Crüger (1653);Genf (1562) , Johann Crüger (1653);Angabe in eg_lieder.json;ja;gemeinfrei;Paul Gerhardt (1607–1676, Wikidata Q76331);gemeinfrei;"Genf (Werkjahr 1562); Johann Crüger (1598–1662, Wikidata Q158097)";1;Nun danket all und bringet Ehr;270457086;0;Wikimedia Commons (MIDI, Peter Gerloff);https://commons.wikimedia.org/wiki/File%3ANun_danket_all_und_bringet_Ehr.mid;MIDI;"mehrstimmiger Satz; Melodie in der Oberstimme";CC BY 3.0;unter Bedingungen nutzbar (Namensnennung, ggf. Weitergabe unter gleichen Bedingungen);"laut Dateibeschreibung zum EG-Lied; Fassung am Gesangbuch gegenlesen";"Als Vorlage für eigenen Notensatz nutzen; bei Übernahme der Datei Lizenzhinweis führen."
323;Man lobt dich in der Stille;Johann Rist (1651);Nun lob, mein Seel, den Herren;Hans Kugelmann (1530);Verweis auf EG 289;ja;gemeinfrei;Johann Rist (1607–1667, Wikidata Q66615);gemeinfrei;Hans Kugelmann (1495–1542, Wikidata Q831333);1;;;0;;;;;;Melodie gemeinfrei, Notenquelle fehlt;;Melodie aus gemeinfreiem Gesangbuchdruck (z. B. Zahn) selbst setzen.
324;Ich singe dir mit Herz und Mund;Paul Gerhardt (1653);Nun danket all und bringet Ehr;Genf (1562) , Johann Crüger (1653);Verweis auf EG 322;ja;gemeinfrei;Paul Gerhardt (1607–1676, Wikidata Q76331);gemeinfrei;"Genf (Werkjahr 1562); Johann Crüger (1598–1662, Wikidata Q158097)";1;Ich singe dir mit Herz und Mund;249235606;1;Wikimedia Commons (MIDI, Peter Gerloff);https://commons.wikimedia.org/wiki/File%3ANun_danket_all_und_bringet_Ehr.mid;MIDI;"mehrstimmiger Satz; Melodie in der Oberstimme";CC BY 3.0;unter Bedingungen nutzbar (Namensnennung, ggf. Weitergabe unter gleichen Bedingungen);"gleiche Melodie laut Melodieverweis; Textverteilung prüfen";"Als Vorlage für eigenen Notensatz nutzen; bei Übernahme der Datei Lizenzhinweis führen."
325;Sollt ich meinem Gott nicht singen;Paul Gerhardt (1653);Johann Schop (1641);Johann Schop (1641);Angabe in eg_lieder.json;ja;gemeinfrei;Paul Gerhardt (1607–1676, Wikidata Q76331);gemeinfrei;Johann Schop (1590–1667, Wikidata Q657445);1;Sollt ich meinem Gott nicht singen?;268911731;1;Wikimedia Commons (MIDI, Peter Gerloff);https://commons.wikimedia.org/wiki/File%3ASollt_ich_meinem_Gott_nicht_singen.mid;MIDI;"mehrstimmiger Satz; Melodie in der Oberstimme";CC0;frei integrierbar;"laut Dateibeschreibung zum EG-Lied; Fassung am Gesangbuch gegenlesen";Melodie aus der MIDI-Oberstimme als ABC setzen, an EG-Fassung gegenlesen.
326;Sei Lob und Ehr dem höchsten Gut;Johann Jakob Schütz (1675);Mainz (1390) , Nürnberg (1523) , Wittenberg (1535) , Guillaume Franc (1543) , Loys Bourgeois (1551) , Johann Crüger (1653);Mainz (1390) , Nürnberg (1523) , Wittenberg (1535) , Guillaume Franc (1543) , Loys Bourgeois (1551) , Johann Crüger (1653);Angabe in eg_lieder.json;ja;gemeinfrei;Johann Jakob Schütz (1640–1690, Wikidata Q1630456);gemeinfrei;"Mainz (Werkjahr 1390); Nürnberg (Werkjahr 1523); Wittenberg (Werkjahr 1535); Guillaume Franc (1515–1570, Wikidata Q1423270); Loys Bourgeois (1510–1560, Wikidata Q493014); Johann Crüger (1598–1662, Wikidata Q158097)";1;Sei Lob und Ehr dem höchsten Gut;267792278;0;Wikimedia Commons (MIDI, Peter Gerloff);https://commons.wikimedia.org/wiki/File%3ASei_Lob_und_Ehr_dem_h%C3%B6chsten_Gut.mid;MIDI;"mehrstimmiger Satz; Melodie in der Oberstimme";CC0;frei integrierbar;"laut Dateibeschreibung zum EG-Lied; Fassung am Gesangbuch gegenlesen";Melodie aus der MIDI-Oberstimme als ABC setzen, an EG-Fassung gegenlesen.
327;Wunderbarer König;Joachim Neander (1680) , Bern (1853);Joachim Neander (1680) , Johann Michael Müller (1719);Joachim Neander (1680) , Johann Michael Müller (1719);Angabe in eg_lieder.json;ja;ungeklaert;"Joachim Neander (1650–1680, Wikidata Q445967 oder 1614–1666, Wikidata Q94781497); Bern (1853, Urheber nicht ermittelt)";gemeinfrei;"Joachim Neander (1650–1680, Wikidata Q445967 oder 1614–1666, Wikidata Q94781497); Johann Michael Müller (1683–1743, Wikidata Q15451837)";3;;;0;Wikimedia Commons (MIDI, Peter Gerloff);https://commons.wikimedia.org/wiki/File%3AGott_ist_gegenw%C3%A4rtig.mid;MIDI;"mehrstimmiger Satz; Melodie in der Oberstimme";CC0;frei integrierbar;"laut Dateibeschreibung zum EG-Lied; Fassung am Gesangbuch gegenlesen";Melodie aus der MIDI-Oberstimme als ABC setzen, an EG-Fassung gegenlesen.
328;Dir, dir, o Höchster, will ich singen;Bartholomäus Crasselius (1695);Hamburg (1690) , Halle (1704) , Johann Heinrich Egli (1787);Hamburg (1690) , Halle (1704) , Johann Heinrich Egli (1787);Angabe in eg_lieder.json;ja;gemeinfrei;Bartholomäus Crasselius (1667–1724, Wikidata Q105204);gemeinfrei;"Hamburg (Werkjahr 1690); Halle (Werkjahr 1704); Johann Heinrich Egli (1742–1810, Wikidata Q5627879)";1;;;0;Wikimedia Commons (MIDI, Peter Gerloff);https://commons.wikimedia.org/wiki/File%3ADir%2C_dir%2C_o_H%C3%B6chster%2C_will_ich_singen.mid;MIDI;"mehrstimmiger Satz; Melodie in der Oberstimme";CC0;frei integrierbar;"laut Dateibeschreibung zum EG-Lied; Fassung am Gesangbuch gegenlesen";Melodie aus der MIDI-Oberstimme als ABC setzen, an EG-Fassung gegenlesen.
329;Bis hierher hat mich Gott gebracht;Aemilie Juliane von Schwarzburg-Rudolstadt (1699);Wittenberg (1535) , Peter Sohren (1668) , Halle (1704);Wittenberg (1535) , Peter Sohren (1668) , Halle (1704);Angabe in eg_lieder.json;ja;gemeinfrei;Aemilie Juliane von Schwarzburg-Rudolstadt (Werkjahr 1699);gemeinfrei;"Wittenberg (Werkjahr 1535); Peter Sohren (1630–1692, Wikidata Q2078395); Halle (Werkjahr 1704)";1;Bis hierher hat mich Gott gebracht;259138740;0;Wikimedia Commons (MIDI, Peter Gerloff);https://commons.wikimedia.org/wiki/File%3AWenn_ich%2C_o_Sch%C3%B6pfer%2C_deine_Macht.mid;MIDI;"mehrstimmiger Satz; Melodie in der Oberstimme";CC0;frei integrierbar;"laut Dateibeschreibung zum EG-Lied; Fassung am Gesangbuch gegenlesen";Melodie aus der MIDI-Oberstimme als ABC setzen, an EG-Fassung gegenlesen.
330;O, dass ich tausend Zungen hätte;Johann Metzner (1704);Johann Balthasar König (1738);Johann Balthasar König (1738);Angabe in eg_lieder.json;ja;gemeinfrei;Johann Metzner (Werkjahr 1704);gemeinfrei;Johann Balthasar König (1691–1758, Wikidata Q120943);1;O dass ich tausend Zungen hätte;258932825;0;Wikimedia Commons (MIDI, Peter Gerloff);https://commons.wikimedia.org/wiki/File%3AO_dass_ich_tausend_Zungen_h%C3%A4tte.mid;MIDI;"mehrstimmiger Satz; Melodie in der Oberstimme";CC0;frei integrierbar;"laut Dateibeschreibung zum EG-Lied; Fassung am Gesangbuch gegenlesen";Melodie aus der MIDI-Oberstimme als ABC setzen, an EG-Fassung gegenlesen.
331;Großer Gott, wir loben dich;Ignaz Franz (1771);Lüneburg (1668) , Wien (1774) , Heinrich Bone (1852);Lüneburg (1668) , Wien (1774) , Heinrich Bone (1852);Angabe in eg_lieder.json;ja;gemeinfrei;Ignaz Franz (1729–1791, Wikidata Q86793);gemeinfrei;"Lüneburg (Werkjahr 1668); Wien (Werkjahr 1774); Heinrich Bone (1813–1893, Wikidata Q1521965)";1;Großer Gott, wir loben dich;265879463;1;Wikimedia Commons (MIDI, Peter Gerloff);https://commons.wikimedia.org/wiki/File%3AGro%C3%9Fer_Gott%2C_wir_loben_dich.mid;MIDI;"mehrstimmiger Satz; Melodie in der Oberstimme";CC BY-SA 3.0;unter Bedingungen nutzbar (Namensnennung, ggf. Weitergabe unter gleichen Bedingungen);"laut Dateibeschreibung zum EG-Lied; Fassung am Gesangbuch gegenlesen";"Als Vorlage für eigenen Notensatz nutzen; bei Übernahme der Datei Lizenzhinweis führen."
332;Lobt froh den Herrn, ihr jugendlichen Chöre;Georg Gessner (1795);Hans Georg Nägeli (1815) , Theophil Rothenberg (1956);Hans Georg Nägeli (1815) , Theophil Rothenberg (1956);Angabe in eg_lieder.json;ja;gemeinfrei;Georg Gessner (1765–1843, Wikidata Q55122969);geschuetzt;"Hans Georg Nägeli (1773–1836, Wikidata Q672548); Theophil Rothenberg (1912–2004, Wikidata Q2419076)";4;;;0;Wikimedia Commons (MIDI, Peter Gerloff);https://commons.wikimedia.org/wiki/File%3ALobt_froh_den_Herrn.mid;MIDI;"mehrstimmiger Satz; Melodie in der Oberstimme";CC0;nicht ohne Lizenz (Melodie geschützt);"laut Dateibeschreibung zum EG-Lied; Fassung am Gesangbuch gegenlesen";"Keine Noten übernehmen; Rechteinhaber/Verlag anfragen oder verzichten."
333;Danket dem Herrn! Wir danken dem Herrn;Karl Friedrich Wilhelm Herrosee (1810);Karl Friedrich Schulz (1810);Karl Friedrich Schulz (1810);Angabe in eg_lieder.json;ja;gemeinfrei;Karl Friedrich Wilhelm Herrosee (1754–1821, Wikidata Q107457);gemeinfrei;Karl Friedrich Schulz (1784–1850, Wikidata Q1731112);1;Danket dem Herrn! Wir danken dem Herrn;261636881;1;Wikimedia Commons (MIDI, Peter Gerloff);https://commons.wikimedia.org/wiki/File%3ADanket_dem_Herrn%21_Wir_danken_dem_Herrn.mid;MIDI;"mehrstimmiger Satz; Melodie in der Oberstimme";CC0;frei integrierbar;"laut Dateibeschreibung zum EG-Lied; Fassung am Gesangbuch gegenlesen";Melodie aus der MIDI-Oberstimme als ABC setzen, an EG-Fassung gegenlesen.
334;Danke für diesen guten Morgen;Martin Gotthard Schneider (1961);Martin Gotthard Schneider (1961);Martin Gotthard Schneider (1961);Angabe in eg_lieder.json;nein;geschuetzt;Martin Gotthard Schneider (1930–2017, Wikidata Q1903872);geschuetzt;Martin Gotthard Schneider (1930–2017, Wikidata Q1903872);6;Danke für diesen guten Morgen;269960743;0;;;;;;nicht ohne Lizenz (Melodie geschützt);;"Keine Noten übernehmen; Rechteinhaber/Verlag anfragen oder verzichten."
335;Ich will den Herrn loben allezeit (Kanon);Aus der Bibel;Georg Philipp Telemann (1736);Georg Philipp Telemann (1736);Angabe in eg_lieder.json;ja;ungeklaert;Aus der Bibel (ohne Jahr, Urheber nicht ermittelt);gemeinfrei;Georg Philipp Telemann (1681–1767, Wikidata Q75854);3;;;0;Wikimedia Commons (MIDI, Peter Gerloff);https://commons.wikimedia.org/wiki/File%3AIch_will_den_Herrn_loben_allezeit_%28Telemann%29.mid;MIDI;"mehrstimmiger Satz; Melodie in der Oberstimme";Public domain;frei integrierbar;nicht geprüft;Melodie aus der MIDI-Oberstimme als ABC setzen, an EG-Fassung gegenlesen.
336;Danket, danket dem Herrn (Kanon);Aus der Bibel;überliefert;überliefert;Angabe in eg_lieder.json;ja;ungeklaert;Aus der Bibel (ohne Jahr, Urheber nicht ermittelt);ungeklaert;überliefert (ohne Jahr, Urheber nicht ermittelt);5;;;0;Wikimedia Commons (MIDI, Peter Gerloff);https://commons.wikimedia.org/wiki/File%3ADanket%2C_danket_dem_Herrn_%28Kanon%29.mid;MIDI;"mehrstimmiger Satz; Melodie in der Oberstimme";Public domain;ungeklärt;"laut Dateibeschreibung zum EG-Lied; Fassung am Gesangbuch gegenlesen";Urheber und Sterbejahr der Melodie klären, erst dann Quelle prüfen.
337;Lobet und preiset, ihr Völker, den Herrn (Kanon);Aus der Bibel;überliefert;überliefert;Angabe in eg_lieder.json;ja;ungeklaert;Aus der Bibel (ohne Jahr, Urheber nicht ermittelt);ungeklaert;überliefert (ohne Jahr, Urheber nicht ermittelt);5;Lobet und preiset, ihr Völker, den Herrn;242401301;1;Wikipedia (LilyPond im Artikeltext);https://de.wikipedia.org/w/index.php?oldid=242401301;LilyPond (<score>);je Artikel verschieden (Melodie oder Satz);CC BY-SA 4.0;ungeklärt;nicht geprüft;Urheber und Sterbejahr der Melodie klären, erst dann Quelle prüfen.
338;Alte mit den Jungen sollen loben (Kanon);Aus der Bibel;Paul Ernst Ruppel (1954);Paul Ernst Ruppel (1954);Angabe in eg_lieder.json;ja;ungeklaert;Aus der Bibel (ohne Jahr, Urheber nicht ermittelt);geschuetzt;Paul Ernst Ruppel (1913–2006, Wikidata Q2059450);5;;;0;;;;;;nicht ohne Lizenz (Melodie geschützt);;"Keine Noten übernehmen; Rechteinhaber/Verlag anfragen oder verzichten."
339;Mein Herz ist bereit, Gott;Johannes Jourdan (1992);Klaus Heizmann (1992);Klaus Heizmann (1992);Angabe in eg_lieder.json;ja;geschuetzt;Johannes Jourdan (1923–2020, Wikidata Q1697792);geschuetzt;Klaus Heizmann (1944–, Wikidata Q1250467);6;;;0;;;;;;nicht ohne Lizenz (Melodie geschützt);;"Keine Noten übernehmen; Rechteinhaber/Verlag anfragen oder verzichten."
340;Ich will dem Herrn singen mein Leben lang (Kanon);Aus der Bibel;Johannes Petzold (1969);Johannes Petzold (1969);Angabe in eg_lieder.json;ja;ungeklaert;Aus der Bibel (ohne Jahr, Urheber nicht ermittelt);geschuetzt;Johannes Petzold (1912–1985, Wikidata Q1698147);5;;;0;;;;;;nicht ohne Lizenz (Melodie geschützt);;"Keine Noten übernehmen; Rechteinhaber/Verlag anfragen oder verzichten."
341;Nun freut euch, lieben Christen gmein;Martin Luther (1523);Nürnberg (1523);Nürnberg (1523);Angabe in eg_lieder.json;ja;gemeinfrei;Martin Luther (1483–1546, Wikidata Q9554);gemeinfrei;Nürnberg (Werkjahr 1523);1;Nun freut euch, lieben Christen g’mein;262630188;0;Wikimedia Commons (MIDI, Peter Gerloff);https://commons.wikimedia.org/wiki/File%3ANun_freut_euch%2C_lieben_Christen_g%27mein.mid;MIDI;"mehrstimmiger Satz; Melodie in der Oberstimme";CC0;frei integrierbar;"laut Dateibeschreibung zum EG-Lied; Fassung am Gesangbuch gegenlesen";Melodie aus der MIDI-Oberstimme als ABC setzen, an EG-Fassung gegenlesen.
342;Es ist das Heil uns kommen her;Paul Speratus (1523);Nun freue dich, du Christenheit;Nun freue dich, du Christenheit;Angabe in eg_lieder.json;ja;gemeinfrei;Paul Speratus (1484–1551, Wikidata Q67531);ungeklaert;Nun freue dich, du Christenheit (ohne Jahr, Urheber nicht ermittelt);2;Es ist das Heil uns kommen her;263945870;0;Wikimedia Commons (MIDI, Peter Gerloff);https://commons.wikimedia.org/wiki/File%3AEs_ist_das_Heil_uns_kommen_her.mid;MIDI;"mehrstimmiger Satz; Melodie in der Oberstimme";CC0;ungeklärt;"laut Dateibeschreibung zum EG-Lied; Fassung am Gesangbuch gegenlesen";Urheber und Sterbejahr der Melodie klären, erst dann Quelle prüfen.
343;Ich ruf zu dir, Herr Jesu Christ;Johannes Agricola (1526) , Nürnberg (1526);Hagenau (1526) , Wittenberg (1529);Hagenau (1526) , Wittenberg (1529);Angabe in eg_lieder.json;ja;gemeinfrei;"Johannes Agricola (Werkjahr 1526); Nürnberg (Werkjahr 1526)";gemeinfrei;"Hagenau (Werkjahr 1526); Wittenberg (Werkjahr 1529)";1;Ich ruf zu dir, Herr Jesu Christ;262588554;0;Wikimedia Commons (MIDI, Peter Gerloff);https://commons.wikimedia.org/wiki/File%3AIch_ruf_zu_dir%2C_Herr_Jesu_Christ.mid;MIDI;"mehrstimmiger Satz; Melodie in der Oberstimme";CC0;frei integrierbar;"laut Dateibeschreibung zum EG-Lied; Fassung am Gesangbuch gegenlesen";Melodie aus der MIDI-Oberstimme als ABC setzen, an EG-Fassung gegenlesen.
344;Vater unser im Himmelreich;Martin Luther (1539);Leipzig (1539) , Martin Luther (1539);Leipzig (1539) , Martin Luther (1539);Angabe in eg_lieder.json;ja;gemeinfrei;Martin Luther (1483–1546, Wikidata Q9554);gemeinfrei;"Leipzig (Werkjahr 1539); Martin Luther (1483–1546, Wikidata Q9554)";1;Vater unser im Himmelreich;255438013;1;Wikimedia Commons (MIDI, Peter Gerloff);https://commons.wikimedia.org/wiki/File%3AVater_unser_im_Himmelreich.mid;MIDI;"mehrstimmiger Satz; Melodie in der Oberstimme";CC0;frei integrierbar;"laut Dateibeschreibung zum EG-Lied; Fassung am Gesangbuch gegenlesen";Melodie aus der MIDI-Oberstimme als ABC setzen, an EG-Fassung gegenlesen.
345;Auf meinen lieben Gott trau ich in Angst und Not;Lübeck (1603) , Wittenberg (1607);Jakob Regnart (1574) , Johann Hermann Schein (1627);Jakob Regnart (1574) , Johann Hermann Schein (1627);Angabe in eg_lieder.json;ja;gemeinfrei;"Lübeck (Werkjahr 1603); Wittenberg (Werkjahr 1607)";gemeinfrei;"Jakob Regnart (1540–1599, Wikidata Q267177); Johann Hermann Schein (Werkjahr 1627)";1;;;0;Wikimedia Commons (MIDI, Peter Gerloff);https://commons.wikimedia.org/wiki/File%3AAuf_meinen_lieben_Gott.mid;MIDI;"mehrstimmiger Satz; Melodie in der Oberstimme";CC0;frei integrierbar;"laut Dateibeschreibung zum EG-Lied; Fassung am Gesangbuch gegenlesen";Melodie aus der MIDI-Oberstimme als ABC setzen, an EG-Fassung gegenlesen.
346;Such, wer da will, ein ander Ziel;Georg Weissel (1623);Melchior Vulpius (1609) , Johann Stobäus (1613);Melchior Vulpius (1609) , Johann Stobäus (1613);Angabe in eg_lieder.json;ja;gemeinfrei;Georg Weissel (1590–1635, Wikidata Q711157);gemeinfrei;"Melchior Vulpius (1570–1615, Wikidata Q702277); Johann Stobäus (1580–1646, Wikidata Q316164)";1;Such, wer da will, ein ander Ziel;251855685;0;Wikimedia Commons (MIDI, Peter Gerloff);https://commons.wikimedia.org/wiki/File%3ASuch%2C_wer_da_will%2C_ein_ander_Ziel.mid;MIDI;"mehrstimmiger Satz; Melodie in der Oberstimme";CC0;frei integrierbar;"laut Dateibeschreibung zum EG-Lied; Fassung am Gesangbuch gegenlesen";Melodie aus der MIDI-Oberstimme als ABC setzen, an EG-Fassung gegenlesen.
347;Ach bleib mit deiner Gnade;Josua Stegmann (1627);Christus, der ist mein Leben;Melchior Vulpius (1609);Verweis auf EG 516;ja;gemeinfrei;Josua Stegmann (1588–1632, Wikidata Q90333);gemeinfrei;Melchior Vulpius (1570–1615, Wikidata Q702277);1;Ach bleib mit deiner Gnade;265962382;0;Wikimedia Commons (MIDI, Peter Gerloff);https://commons.wikimedia.org/wiki/File%3AChristus%2C_der_ist_mein_Leben.mid;MIDI;"mehrstimmiger Satz; Melodie in der Oberstimme";CC BY-SA 3.0;unter Bedingungen nutzbar (Namensnennung, ggf. Weitergabe unter gleichen Bedingungen);"laut Dateibeschreibung zum EG-Lied; Fassung am Gesangbuch gegenlesen";"Als Vorlage für eigenen Notensatz nutzen; bei Übernahme der Datei Lizenzhinweis führen."
348;Gott verspricht: Ich will dich segnen;Aus der Bibel;Volker Ochs (1980);Volker Ochs (1980);Angabe in eg_lieder.json;ja;ungeklaert;Aus der Bibel (ohne Jahr, Urheber nicht ermittelt);geschuetzt;Volker Ochs (1929–2018, Wikidata Q1282223);5;;;0;;;;;;nicht ohne Lizenz (Melodie geschützt);;"Keine Noten übernehmen; Rechteinhaber/Verlag anfragen oder verzichten."
349;Ich freu mich in dem Herren aus meines Herzens Grund;Bartholomäus Helder (1630);Bartholomäus Helder (1630);Bartholomäus Helder (1630);Angabe in eg_lieder.json;ja;gemeinfrei;Bartholomäus Helder (1585–1635, Wikidata Q28525785);gemeinfrei;Bartholomäus Helder (1585–1635, Wikidata Q28525785);1;;;0;Wikimedia Commons (MIDI, Peter Gerloff);https://commons.wikimedia.org/wiki/File%3AIch_freu_mich_in_dem_Herren.mid;MIDI;"mehrstimmiger Satz; Melodie in der Oberstimme";CC0;frei integrierbar;"laut Dateibeschreibung zum EG-Lied; Fassung am Gesangbuch gegenlesen";Melodie aus der MIDI-Oberstimme als ABC setzen, an EG-Fassung gegenlesen.
350;Christi Blut und Gerechtigkeit;Leipzig (1638) , Nikolaus Ludwig Graf von Zinzendorf (1739) , Christian Gregor (1778);Wir danken dir, Herr Jesu Christ, dass du für uns gestorben bist;Nikolaus Herman (1551) , Königsberg (1559) , Leipzig (1625);Verweis auf EG 79;ja;gemeinfrei;"Leipzig (Werkjahr 1638); Nikolaus Ludwig Graf von Zinzendorf (1700–1760, Wikidata Q76336); Christian Gregor (1723–1801, Wikidata Q1080028)";gemeinfrei;"Nikolaus Herman (1500–1561, Wikidata Q71706); Königsberg (Werkjahr 1559); Leipzig (Werkjahr 1625)";1;;;0;Wikimedia Commons (MIDI, Peter Gerloff);https://commons.wikimedia.org/wiki/File%3AWir_danken_dir%2C_Herr_Jesu_Christ%2C_dass_du_f%C3%BCr_uns_gestorben_bist.mid;MIDI;"mehrstimmiger Satz; Melodie in der Oberstimme";CC0;frei integrierbar;"gleiche Melodie laut Melodieverweis; Textverteilung prüfen";Melodie aus der MIDI-Oberstimme als ABC setzen, an EG-Fassung gegenlesen.
351;Ist Gott für mich, so trete;Paul Gerhardt (1653);England (1590) , Augsburg (1609) , Melchior Teschner (1614);England (1590) , Augsburg (1609) , Melchior Teschner (1614);Angabe in eg_lieder.json;ja;gemeinfrei;Paul Gerhardt (1607–1676, Wikidata Q76331);gemeinfrei;"England (Werkjahr 1590); Augsburg (Werkjahr 1609); Melchior Teschner (1584–1635, Wikidata Q92388)";1;Ist Gott für mich, so trete;242645174;0;Wikimedia Commons (MIDI, Peter Gerloff);https://commons.wikimedia.org/wiki/File%3AIst_Gott_f%C3%BCr_mich.mid;MIDI;"mehrstimmiger Satz; Melodie in der Oberstimme";CC0;frei integrierbar;"laut Dateibeschreibung zum EG-Lied; Fassung am Gesangbuch gegenlesen";Melodie aus der MIDI-Oberstimme als ABC setzen, an EG-Fassung gegenlesen.
352;Alles ist an Gottes Segen;Nürnberg (1676);Johann Löhner (1691) , Adam Hiller (1793);Johann Löhner (1691) , Adam Hiller (1793);Angabe in eg_lieder.json;ja;gemeinfrei;Nürnberg (Werkjahr 1676);gemeinfrei;"Johann Löhner (1645–1705, Wikidata Q1631048); Adam Hiller (Werkjahr 1793)";1;;;0;Wikimedia Commons (MIDI, Peter Gerloff);https://commons.wikimedia.org/wiki/File%3AAlles_ist_an_Gottes_Segen.mid;MIDI;"mehrstimmiger Satz; Melodie in der Oberstimme";CC0;frei integrierbar;"laut Dateibeschreibung zum EG-Lied; Fassung am Gesangbuch gegenlesen";Melodie aus der MIDI-Oberstimme als ABC setzen, an EG-Fassung gegenlesen.
353;Jesus nimmt die Sünder an;Erdmann Neumeister (1718);Meinen Jesus lass ich nicht;Johann Ulich (1674);Verweis auf EG 402;ja;gemeinfrei;Erdmann Neumeister (1671–1756, Wikidata Q67938);gemeinfrei;Johann Ulich (1634–1712, Wikidata Q6219278);1;;;0;Wikimedia Commons (MIDI, Peter Gerloff);https://commons.wikimedia.org/wiki/File%3AMeinen_Jesus_lass_ich_nicht_%28Johann_Ulich%29.mid;MIDI;"mehrstimmiger Satz; Melodie in der Oberstimme";CC0;frei integrierbar;"gleiche Melodie laut Melodieverweis; Textverteilung prüfen";Melodie aus der MIDI-Oberstimme als ABC setzen, an EG-Fassung gegenlesen.
354;Ich habe nun den Grund gefunden;Johann Andreas Rothe (1722);O, dass ich tausend Zungen hätte;Johann Balthasar König (1738);Verweis auf EG 330;ja;gemeinfrei;Johann Andreas Rothe (1688–1758, Wikidata Q895654);gemeinfrei;Johann Balthasar König (1691–1758, Wikidata Q120943);1;Ich habe nun den Grund gefunden;257917478;0;Wikimedia Commons (MIDI, Peter Gerloff);https://commons.wikimedia.org/wiki/File%3AO_dass_ich_tausend_Zungen_h%C3%A4tte.mid;MIDI;"mehrstimmiger Satz; Melodie in der Oberstimme";CC0;frei integrierbar;"gleiche Melodie laut Melodieverweis; Textverteilung prüfen";Melodie aus der MIDI-Oberstimme als ABC setzen, an EG-Fassung gegenlesen.
355;Mir ist Erbarmung widerfahren;Philipp Friedrich Hiller (1767);Georg Neumark (1657) , Johann Balthasar König (1738) , Johann Ludwig Friedrich Hainlin (1790);Georg Neumark (1657) , Johann Balthasar König (1738) , Johann Ludwig Friedrich Hainlin (1790);Angabe in eg_lieder.json;ja;gemeinfrei;Philipp Friedrich Hiller (1699–1769, Wikidata Q95384);gemeinfrei;"Georg Neumark (1621–1681, Wikidata Q65783); Johann Balthasar König (1691–1758, Wikidata Q120943); Johann Ludwig Friedrich Hainlin (Werkjahr 1790)";1;;;0;;;;;;Melodie gemeinfrei, Notenquelle fehlt;;Melodie aus gemeinfreiem Gesangbuchdruck (z. B. Zahn) selbst setzen.
356;Es ist in keinem andern Heil;Johann Christian Lange (1692) , Johann Anastasius Freylinghausen (1714);Heinrich Schütz (1628);Heinrich Schütz (1628);Angabe in eg_lieder.json;ja;gemeinfrei;"Johann Christian Lange (1655–1701, Wikidata Q62067299); Johann Anastasius Freylinghausen (1670–1739, Wikidata Q73193)";gemeinfrei;Heinrich Schütz (1585–1672, Wikidata Q153643);1;;;0;;;;;;Melodie gemeinfrei, Notenquelle fehlt;;Melodie aus gemeinfreiem Gesangbuchdruck (z. B. Zahn) selbst setzen.
357;Ich weiß, woran ich glaube;Ernst Moritz Arndt (1819);Heinrich Schütz (1628);Heinrich Schütz (1628);Angabe in eg_lieder.json;ja;gemeinfrei;Ernst Moritz Arndt (1769–1860, Wikidata Q57351);gemeinfrei;Heinrich Schütz (1585–1672, Wikidata Q153643);1;;;0;Wikimedia Commons (MIDI, Peter Gerloff);https://commons.wikimedia.org/wiki/File%3AIch_wei%C3%9F%2C_woran_ich_glaube.mid;MIDI;"mehrstimmiger Satz; Melodie in der Oberstimme";CC0;frei integrierbar;"laut Dateibeschreibung zum EG-Lied; Fassung am Gesangbuch gegenlesen";Melodie aus der MIDI-Oberstimme als ABC setzen, an EG-Fassung gegenlesen.
358;Es kennt der Herr die Seinen;Philipp Spitta (1843);Ich weiß, woran ich glaube;Heinrich Schütz (1628);Verweis auf EG 357;ja;gemeinfrei;Philipp Spitta (1801–1859, Wikidata Q456355);gemeinfrei;Heinrich Schütz (1585–1672, Wikidata Q153643);1;;;0;Wikimedia Commons (MIDI, Peter Gerloff);https://commons.wikimedia.org/wiki/File%3AIch_wei%C3%9F%2C_woran_ich_glaube.mid;MIDI;"mehrstimmiger Satz; Melodie in der Oberstimme";CC0;frei integrierbar;"gleiche Melodie laut Melodieverweis; Textverteilung prüfen";Melodie aus der MIDI-Oberstimme als ABC setzen, an EG-Fassung gegenlesen.
359;In dem Herren freuet euch;Kurt Müller-Osten (1941);Christian Lahusen (1948);Christian Lahusen (1948);Angabe in eg_lieder.json;nein;geschuetzt;Kurt Müller-Osten (1905–1980, Wikidata Q1793894);geschuetzt;Christian Lahusen (1886–1975, Wikidata Q15428001);6;;;0;;;;;;nicht ohne Lizenz (Melodie geschützt);;"Keine Noten übernehmen; Rechteinhaber/Verlag anfragen oder verzichten."
360;Die ganze Welt hast du uns überlassen (Gott schenkt Freiheit);Christa Weiss (1965);Paul Ernst Ruppel , Ewald Weiss , Hans Rudolf Siemoneit (1965) , Manfred Schlenker (1977);Paul Ernst Ruppel , Ewald Weiss , Hans Rudolf Siemoneit (1965) , Manfred Schlenker (1977);Angabe in eg_lieder.json;nein;geschuetzt;Christa Weiss (Werkjahr 1965);geschuetzt;"Paul Ernst Ruppel (1913–2006, Wikidata Q2059450); Ewald Weiss (Sterbejahr nicht ermittelt); Hans Rudolf Siemoneit (1927–2009, Wikidata Q1582137); Manfred Schlenker (1926–2023, Wikidata Q1145886)";6;;;0;;;;;;nicht ohne Lizenz (Melodie geschützt);;"Keine Noten übernehmen; Rechteinhaber/Verlag anfragen oder verzichten."
361;Befiehl du deine Wege;Paul Gerhardt (1653);Bartholomäus Gesius (1603) , Georg Philipp Telemann (1730);Bartholomäus Gesius (1603) , Georg Philipp Telemann (1730);Angabe in eg_lieder.json;ja;gemeinfrei;Paul Gerhardt (1607–1676, Wikidata Q76331);gemeinfrei;"Bartholomäus Gesius (1562–1613, Wikidata Q809352); Georg Philipp Telemann (1681–1767, Wikidata Q75854)";1;Befiehl du deine Wege;269946703;0;Wikimedia Commons (MIDI, Peter Gerloff);https://commons.wikimedia.org/wiki/File%3ABefiehl_du_deine_Wege.mid;MIDI;"mehrstimmiger Satz; Melodie in der Oberstimme";CC0;frei integrierbar;"laut Dateibeschreibung zum EG-Lied; Fassung am Gesangbuch gegenlesen";Melodie aus der MIDI-Oberstimme als ABC setzen, an EG-Fassung gegenlesen.
362;Ein feste Burg ist unser Gott;Martin Luther (1528);Martin Luther (1528);Martin Luther (1528);Angabe in eg_lieder.json;ja;gemeinfrei;Martin Luther (1483–1546, Wikidata Q9554);gemeinfrei;Martin Luther (1483–1546, Wikidata Q9554);1;Ein feste Burg ist unser Gott;270837166;0;Wikimedia Commons (MIDI, Peter Gerloff);https://commons.wikimedia.org/wiki/File%3AEin_feste_Burg_1529_%28EG_362%29.mid | https://commons.wikimedia.org/wiki/File%3AEin_feste_Burg_ist_unser_Gott_%28EG_362_sp%C3%A4tere_Form%29.mid;MIDI;"mehrstimmiger Satz; Melodie in der Oberstimme";CC0;frei integrierbar;"laut Dateibeschreibung zum EG-Lied; Fassung am Gesangbuch gegenlesen";Melodie aus der MIDI-Oberstimme als ABC setzen, an EG-Fassung gegenlesen.
363;Kommt her zu mir, spricht Gottes Sohn;Georg Grünwald (1530);Nürnberg (1534);Nürnberg (1534);Angabe in eg_lieder.json;ja;gemeinfrei;Georg Grünwald (1490–1530, Wikidata Q126985);gemeinfrei;Nürnberg (Werkjahr 1534);1;;;0;Wikimedia Commons (MIDI, Peter Gerloff);https://commons.wikimedia.org/wiki/File%3AKommt_her_zu_mir%2C_spricht_Gottes_Sohn.mid;MIDI;"mehrstimmiger Satz; Melodie in der Oberstimme";CC0;frei integrierbar;"laut Dateibeschreibung zum EG-Lied; Fassung am Gesangbuch gegenlesen";Melodie aus der MIDI-Oberstimme als ABC setzen, an EG-Fassung gegenlesen.
364;Was mein Gott will, gescheh allzeit;Albrecht von Preußen (1547);Claudin de Sermisy (1529) , Antwerpen (1540);Claudin de Sermisy (1529) , Antwerpen (1540);Angabe in eg_lieder.json;ja;gemeinfrei;Albrecht von Preußen (Werkjahr 1547);gemeinfrei;"Claudin de Sermisy (1490–1562, Wikidata Q968593); Antwerpen (Werkjahr 1540)";1;Was mein Gott will, das g’scheh allzeit;251865316;0;Wikimedia Commons (MIDI, Peter Gerloff);https://commons.wikimedia.org/wiki/File%3AWas_mein_Gott_will%2C_gescheh_allzeit.mid;MIDI;"mehrstimmiger Satz; Melodie in der Oberstimme";CC0;frei integrierbar;"laut Dateibeschreibung zum EG-Lied; Fassung am Gesangbuch gegenlesen";Melodie aus der MIDI-Oberstimme als ABC setzen, an EG-Fassung gegenlesen.
365;Von Gott will ich nicht lassen;Ludwig Helmbold (1563) , Nürnberg (1569);Lyon (1557) , Erfurt (1563);Lyon (1557) , Erfurt (1563);Angabe in eg_lieder.json;ja;gemeinfrei;"Ludwig Helmbold (1532–1598, Wikidata Q84599); Nürnberg (Werkjahr 1569)";gemeinfrei;"Lyon (Werkjahr 1557); Erfurt (Werkjahr 1563)";1;;;0;Wikimedia Commons (MIDI, Peter Gerloff);https://commons.wikimedia.org/wiki/File%3AVon_Gott_will_ich_nicht_lassen.mid;MIDI;"mehrstimmiger Satz; Melodie in der Oberstimme";CC0;frei integrierbar;"laut Dateibeschreibung zum EG-Lied; Fassung am Gesangbuch gegenlesen";Melodie aus der MIDI-Oberstimme als ABC setzen, an EG-Fassung gegenlesen.
366;Wenn wir in höchsten Nöten sein;Paul Eber (1566);Guillaume Franc (1543) , Johann Baptista Serranus (1567);Guillaume Franc (1543) , Johann Baptista Serranus (1567);Angabe in eg_lieder.json;ja;gemeinfrei;Paul Eber (1511–1569, Wikidata Q77813);gemeinfrei;"Guillaume Franc (1515–1570, Wikidata Q1423270); Johann Baptista Serranus (Werkjahr 1567)";1;;;0;Wikimedia Commons (MIDI, Peter Gerloff);https://commons.wikimedia.org/wiki/File%3AWenn_wir_in_h%C3%B6chsten_N%C3%B6ten_sein.mid;MIDI;"mehrstimmiger Satz; Melodie in der Oberstimme";CC0;frei integrierbar;"laut Dateibeschreibung zum EG-Lied; Fassung am Gesangbuch gegenlesen";Melodie aus der MIDI-Oberstimme als ABC setzen, an EG-Fassung gegenlesen.
367;Herr, wie du willst, so schick's mit mir;Kaspar Bienemann (1574);Aus tiefer Not schrei ich zu dir;Wolfgang Dachstein (1524) , Martin Luther (1524) , Hans Leo Haßler (1601);Verweis auf EG 299;ja;gemeinfrei;Kaspar Bienemann (1540–1591, Wikidata Q110357);gemeinfrei;"Wolfgang Dachstein (1487–1553, Wikidata Q2589406); Martin Luther (1483–1546, Wikidata Q9554); Hans Leo Haßler (1564–1612, Wikidata Q164882)";1;;;0;Wikimedia Commons (MIDI, Peter Gerloff);https://commons.wikimedia.org/wiki/File%3AAus_tiefer_Not_schrei_ich_zu_dir_%28Dachstein%29.mid | https://commons.wikimedia.org/wiki/File%3AAus_tiefer_Not_schrei_ich_zu_dir_%28Luther%2C_EG%29.mid;MIDI;"mehrstimmiger Satz; Melodie in der Oberstimme";CC0;frei integrierbar;"gleiche Melodie laut Melodieverweis; Textverteilung prüfen";Melodie aus der MIDI-Oberstimme als ABC setzen, an EG-Fassung gegenlesen.
368;In allen meinen Taten lass ich den Höchsten raten;Paul Fleming (1633);O Welt, ich muss dich lassen;Heinrich Isaak (1490);Verweis auf EG 521;ja;gemeinfrei;Paul Fleming (1609–1640, Wikidata Q77418);gemeinfrei;Heinrich Isaak (1450–1517, Wikidata Q316668);1;In allen meinen Taten, BWV 97;251822284;0;Wikimedia Commons (MIDI, Peter Gerloff);https://commons.wikimedia.org/wiki/File%3AO_Welt%2C_ich_muss_dich_lassen.mid;MIDI;"mehrstimmiger Satz; Melodie in der Oberstimme";CC0;frei integrierbar;"gleiche Melodie laut Melodieverweis; Textverteilung prüfen";Melodie aus der MIDI-Oberstimme als ABC setzen, an EG-Fassung gegenlesen.
369;Wer nur den lieben Gott lässt walten;Georg Neumark (1641);Georg Neumark (1641) , Johann Sebastian Bach (1724);Georg Neumark (1641) , Johann Sebastian Bach (1724);Angabe in eg_lieder.json;ja;gemeinfrei;Georg Neumark (1621–1681, Wikidata Q65783);gemeinfrei;"Georg Neumark (1621–1681, Wikidata Q65783); Johann Sebastian Bach (1685–1750, Wikidata Q1339)";1;Wer nur den lieben Gott läßt walten;270837041;1;Wikimedia Commons (MIDI, Peter Gerloff);https://commons.wikimedia.org/wiki/File%3AWer_nur_den_lieben_Gott_l%C3%A4sst_walten_%28EG%29.mid;MIDI;"mehrstimmiger Satz; Melodie in der Oberstimme";CC0;frei integrierbar;"laut Dateibeschreibung zum EG-Lied; Fassung am Gesangbuch gegenlesen";Melodie aus der MIDI-Oberstimme als ABC setzen, an EG-Fassung gegenlesen.
370;Warum sollt ich mich denn grämen;Paul Gerhardt (1653);Johann Georg Ebeling (1666);Johann Georg Ebeling (1666);Angabe in eg_lieder.json;ja;gemeinfrei;Paul Gerhardt (1607–1676, Wikidata Q76331);gemeinfrei;Johann Georg Ebeling (1637–1676, Wikidata Q595457);1;;;0;Wikimedia Commons (MIDI, Peter Gerloff);https://commons.wikimedia.org/wiki/File%3AWarum_sollt_ich_mich_denn_gr%C3%A4men.mid;MIDI;"mehrstimmiger Satz; Melodie in der Oberstimme";CC0;frei integrierbar;"laut Dateibeschreibung zum EG-Lied; Fassung am Gesangbuch gegenlesen";Melodie aus der MIDI-Oberstimme als ABC setzen, an EG-Fassung gegenlesen.
371;Gib dich zufrieden und sei stille;Paul Gerhardt (1666);Johann Sebastian Bach , Jakob Hintze (1670);Johann Sebastian Bach , Jakob Hintze (1670);Angabe in eg_lieder.json;ja;gemeinfrei;Paul Gerhardt (1607–1676, Wikidata Q76331);gemeinfrei;"Johann Sebastian Bach (1685–1750, Wikidata Q1339); Jakob Hintze (1622–1702, Wikidata Q1677521)";1;;;0;Wikimedia Commons (MIDI, Peter Gerloff);https://commons.wikimedia.org/wiki/File%3AGib_dich_zufrieden_und_sei_stille_%28EG%29.mid;MIDI;"mehrstimmiger Satz; Melodie in der Oberstimme";CC0;frei integrierbar;"laut Dateibeschreibung zum EG-Lied; Fassung am Gesangbuch gegenlesen";Melodie aus der MIDI-Oberstimme als ABC setzen, an EG-Fassung gegenlesen.
372;Was Gott tut, das ist wohlgetan;Samuel Rodigast (1675);Severus Gastorius (1679);Severus Gastorius (1679);Angabe in eg_lieder.json;ja;gemeinfrei;Samuel Rodigast (1649–1708, Wikidata Q89307);gemeinfrei;Severus Gastorius (1647–1682, Wikidata Q5753027);1;Samuel Rodigast;267140663;0;Wikimedia Commons (MIDI, Peter Gerloff);https://commons.wikimedia.org/wiki/File%3AWas_Gott_tut%2C_das_ist_wohlgetan.mid;MIDI;"mehrstimmiger Satz; Melodie in der Oberstimme";CC0;frei integrierbar;"laut Dateibeschreibung zum EG-Lied; Fassung am Gesangbuch gegenlesen";Melodie aus der MIDI-Oberstimme als ABC setzen, an EG-Fassung gegenlesen.
373;Jesu, hilf siegen, du Fürste des Lebens;Johann Heinrich Schröder (1695);Darmstadt (1698) , Johann Georg Stötzel (1744) , Wernigerode (1766);Darmstadt (1698) , Johann Georg Stötzel (1744) , Wernigerode (1766);Angabe in eg_lieder.json;ja;gemeinfrei;Johann Heinrich Schröder (1667–1699, Wikidata Q1694495);gemeinfrei;"Darmstadt (Werkjahr 1698); Johann Georg Stötzel (Werkjahr 1744); Wernigerode (Werkjahr 1766)";1;;;0;Wikimedia Commons (MIDI, Peter Gerloff);https://commons.wikimedia.org/wiki/File%3AJesus_ist_kommen%2C_Grund_ewiger_Freude.mid;MIDI;"mehrstimmiger Satz; Melodie in der Oberstimme";CC0;frei integrierbar;"laut Dateibeschreibung zum EG-Lied; Fassung am Gesangbuch gegenlesen";Melodie aus der MIDI-Oberstimme als ABC setzen, an EG-Fassung gegenlesen.
374;Ich steh in meines Herren Hand;Philipp Spitta (1833);Wo Gott der Herr nicht bei uns hält;Wittenberg (1529);Verweis auf EG 297;ja;gemeinfrei;Philipp Spitta (1801–1859, Wikidata Q456355);gemeinfrei;Wittenberg (Werkjahr 1529);1;;;0;Wikimedia Commons (MIDI, Peter Gerloff);https://commons.wikimedia.org/wiki/File%3AWo_Gott_der_Herr_nicht_bei_uns_h%C3%A4lt.mid;MIDI;"mehrstimmiger Satz; Melodie in der Oberstimme";CC0;frei integrierbar;"gleiche Melodie laut Melodieverweis; Textverteilung prüfen";Melodie aus der MIDI-Oberstimme als ABC setzen, an EG-Fassung gegenlesen.
375;Dass Jesus siegt, bleibt ewig ausgemacht;Johann Christoph Blumhardt (1852);Es ist genug, so nimm, Herr, meinen Geist;Johann Rudolf Ahle (1662);manuell (manual_overrides.json);ja;gemeinfrei;Johann Christoph Blumhardt (1805–1880, Wikidata Q66367);gemeinfrei;Johann Rudolf Ahle (1625–1673, Wikidata Q69440);1;;;0;Wikimedia Commons (MIDI, Peter Gerloff);https://commons.wikimedia.org/wiki/File%3ADass_Jesus_siegt.mid;MIDI;"mehrstimmiger Satz; Melodie in der Oberstimme";Public domain;frei integrierbar;"laut Dateibeschreibung zum EG-Lied; Fassung am Gesangbuch gegenlesen";Melodie aus der MIDI-Oberstimme als ABC setzen, an EG-Fassung gegenlesen.
376;So nimm denn meine Hände;Julie Katharina Hausmann (1862);Friedrich Silcher (1842);Friedrich Silcher (1842);Angabe in eg_lieder.json;ja;gemeinfrei;Julie Katharina Hausmann (1826–1901, Wikidata Q274680);gemeinfrei;Friedrich Silcher (1789–1860, Wikidata Q700090);1;So nimm denn meine Hände;268937510;0;Wikimedia Commons (MIDI, Peter Gerloff);https://commons.wikimedia.org/wiki/File%3ASo_nimm_denn_meine_H%C3%A4nde.mid;MIDI;"mehrstimmiger Satz; Melodie in der Oberstimme";CC0;frei integrierbar;"laut Dateibeschreibung zum EG-Lied; Fassung am Gesangbuch gegenlesen";Melodie aus der MIDI-Oberstimme als ABC setzen, an EG-Fassung gegenlesen.
377;Zieh an die Macht, du Arm des Herrn;Friedrich Oser (1865);Lobt Gott den Herrn, ihr Heiden all;Melchior Vulpius (1609);Verweis auf EG 293;ja;ungeklaert;Friedrich Oser (1865, Urheber nicht ermittelt);gemeinfrei;Melchior Vulpius (1570–1615, Wikidata Q702277);3;;;0;Wikimedia Commons (MIDI, Peter Gerloff);https://commons.wikimedia.org/wiki/File%3ALobt_Gott_den_Herrn%2C_ihr_Heiden_all.mid;MIDI;"mehrstimmiger Satz; Melodie in der Oberstimme";CC0;frei integrierbar;"laut Dateibeschreibung zum EG-Lied; Fassung am Gesangbuch gegenlesen";Melodie aus der MIDI-Oberstimme als ABC setzen, an EG-Fassung gegenlesen.
378;Es mag sein, dass alles fällt;Rudolf Alexander Schröder (1936);Paul Geilsdorf (1940) , Samuel Rothenberg (1941) , Johannes Petzold (1951);Paul Geilsdorf (1940) , Samuel Rothenberg (1941) , Johannes Petzold (1951);Angabe in eg_lieder.json;nein;geschuetzt;Rudolf Alexander Schröder (1878–1962, Wikidata Q76332);geschuetzt;"Paul Geilsdorf (1890–1976, Wikidata Q2059748); Samuel Rothenberg (1910–1997, Wikidata Q2218805); Johannes Petzold (1912–1985, Wikidata Q1698147)";6;Es mag sein, dass alles fällt;270412584;0;;;;;;nicht ohne Lizenz (Melodie geschützt);;"Keine Noten übernehmen; Rechteinhaber/Verlag anfragen oder verzichten."
379;Gott wohnt in einem Lichte;Jochen Klepper (1938);Straßburg (1539) , Guillaume Franc (1542);Straßburg (1539) , Guillaume Franc (1542);Angabe in eg_lieder.json;ja;gemeinfrei;Jochen Klepper (1903–1942, Wikidata Q76329);gemeinfrei;"Straßburg (Werkjahr 1539); Guillaume Franc (1515–1570, Wikidata Q1423270)";1;;;0;Wikimedia Commons (MIDI, Peter Gerloff);https://commons.wikimedia.org/wiki/File%3AAus_meines_Jammers_Tiefe.mid;MIDI;"mehrstimmiger Satz; Melodie in der Oberstimme";CC BY-SA 3.0;unter Bedingungen nutzbar (Namensnennung, ggf. Weitergabe unter gleichen Bedingungen);"laut Dateibeschreibung zum EG-Lied; Fassung am Gesangbuch gegenlesen";"Als Vorlage für eigenen Notensatz nutzen; bei Übernahme der Datei Lizenzhinweis führen."
380;Ja, ich will euch tragen;Jochen Klepper (1938);Samuel Rothenberg (1939);Samuel Rothenberg (1939);Angabe in eg_lieder.json;ja;gemeinfrei;Jochen Klepper (1903–1942, Wikidata Q76329);geschuetzt;Samuel Rothenberg (1910–1997, Wikidata Q2218805);2;;;0;;;;;;nicht ohne Lizenz (Melodie geschützt);;"Keine Noten übernehmen; Rechteinhaber/Verlag anfragen oder verzichten."
381;Gott, mein Gott, warum hast du mich verlassen;Friedemann Gottschick (1965);Friedemann Gottschick (1965);Friedemann Gottschick (1965);Angabe in eg_lieder.json;nein;geschuetzt;Friedemann Gottschick (1928–2022, Wikidata Q1456544);geschuetzt;Friedemann Gottschick (1928–2022, Wikidata Q1456544);6;;;0;;;;;;nicht ohne Lizenz (Melodie geschützt);;"Keine Noten übernehmen; Rechteinhaber/Verlag anfragen oder verzichten."
382;Ich steh vor dir mit leeren Händen, Herr;Lothar Zenetti (1973);Bernard Huijbers (1961);Bernard Huijbers (1961);Angabe in eg_lieder.json;nein;geschuetzt;Lothar Zenetti (1926–2019, Wikidata Q1871037);geschuetzt;Bernard Huijbers (1922–2003, Wikidata Q822474);6;Ich steh vor dir mit leeren Händen, Herr;263959169;0;;;;;;nicht ohne Lizenz (Melodie geschützt);;"Keine Noten übernehmen; Rechteinhaber/Verlag anfragen oder verzichten."
383;Herr, du hast mich angerührt;Jürgen Henkys (1982);Berlin (1653) , Halle (1704) , Trond Kverno (1978);Berlin (1653) , Halle (1704) , Trond Kverno (1978);Angabe in eg_lieder.json;nein;geschuetzt;Jürgen Henkys (1929–2015, Wikidata Q110422);geschuetzt;"Berlin (Werkjahr 1653); Halle (Werkjahr 1704); Trond Kverno (1945–, Wikidata Q4587227)";4;;;0;;;;;;nicht ohne Lizenz (Melodie geschützt);;"Keine Noten übernehmen; Rechteinhaber/Verlag anfragen oder verzichten."
384;Lasset uns mit Jesus ziehen;Sigmund von Birken (1653);Sollt ich meinem Gott nicht singen;Johann Schop (1641);Verweis auf EG 325;ja;gemeinfrei;Sigmund von Birken (1626–1681, Wikidata Q65501);gemeinfrei;Johann Schop (1590–1667, Wikidata Q657445);1;;;0;Wikimedia Commons (MIDI, Peter Gerloff);https://commons.wikimedia.org/wiki/File%3ASollt_ich_meinem_Gott_nicht_singen.mid;MIDI;"mehrstimmiger Satz; Melodie in der Oberstimme";CC0;frei integrierbar;"gleiche Melodie laut Melodieverweis; Textverteilung prüfen";Melodie aus der MIDI-Oberstimme als ABC setzen, an EG-Fassung gegenlesen.
385;Mir nach, spricht Christus, unser Held;Johann Scheffler (1668) , Angelus Silesius (1668);Machs mit mir, Gott, nach deiner Güt;Bartholomäus Gesius (1605) , Johann Hermann Schein (1628);Verweis auf EG 525;ja;gemeinfrei;"Johann Scheffler (1624–1677, Wikidata Q60469); Angelus Silesius (1624–1677, Wikidata Q60469)";gemeinfrei;"Bartholomäus Gesius (1562–1613, Wikidata Q809352); Johann Hermann Schein (Werkjahr 1628)";1;;;0;Wikimedia Commons (MIDI, Peter Gerloff);https://commons.wikimedia.org/wiki/File%3AMir_nach%2C_spricht_Christus%2C_unser_Held_%28EG%29.mid;MIDI;"mehrstimmiger Satz; Melodie in der Oberstimme";CC0;frei integrierbar;"laut Dateibeschreibung zum EG-Lied; Fassung am Gesangbuch gegenlesen";Melodie aus der MIDI-Oberstimme als ABC setzen, an EG-Fassung gegenlesen.
386;Eins ist not! Ach Herr, dies eine;Johann Heinrich Schröder (1695);Adam Krieger (1657) , Joachim Neander (1680) , Halle (1704);Adam Krieger (1657) , Joachim Neander (1680) , Halle (1704);Angabe in eg_lieder.json;ja;gemeinfrei;Johann Heinrich Schröder (1667–1699, Wikidata Q1694495);gemeinfrei;"Adam Krieger (1634–1666, Wikidata Q350221); Joachim Neander (1650–1680, Wikidata Q445967 oder 1614–1666, Wikidata Q94781497); Halle (Werkjahr 1704)";1;;;0;Wikimedia Commons (MIDI, Peter Gerloff);https://commons.wikimedia.org/wiki/File%3AEins_ist_not.mid;MIDI;"mehrstimmiger Satz; Melodie in der Oberstimme";CC0;frei integrierbar;"laut Dateibeschreibung zum EG-Lied; Fassung am Gesangbuch gegenlesen";Melodie aus der MIDI-Oberstimme als ABC setzen, an EG-Fassung gegenlesen.
387;Mache dich, mein Geist, bereit;Johann Burchard Freystein (1695);Straf mich nicht in deinem Zorn;Dresden (1694);manuell (manual_overrides.json);ja;gemeinfrei;Johann Burchard Freystein (1671–1718, Wikidata Q104669);gemeinfrei;Dresden (Werkjahr 1694);1;Mache dich, mein Geist, bereit, BWV 115;266261772;0;Wikimedia Commons (MIDI, Peter Gerloff);https://commons.wikimedia.org/wiki/File%3AMache_dich%2C_mein_Geist%2C_bereit.mid;MIDI;"mehrstimmiger Satz; Melodie in der Oberstimme";CC0;frei integrierbar;"laut Dateibeschreibung zum EG-Lied; Fassung am Gesangbuch gegenlesen";Melodie aus der MIDI-Oberstimme als ABC setzen, an EG-Fassung gegenlesen.
388;O Durchbrecher aller Bande;Gottfried Arnold (1698);Halle (1704);Halle (1704);Angabe in eg_lieder.json;ja;gemeinfrei;Gottfried Arnold (1666–1714, Wikidata Q67146);gemeinfrei;Halle (Werkjahr 1704);1;;;0;Wikimedia Commons (MIDI, Peter Gerloff);https://commons.wikimedia.org/wiki/File%3AO_Durchbrecher_aller_Bande.mid;MIDI;"mehrstimmiger Satz; Melodie in der Oberstimme";CC0;frei integrierbar;"laut Dateibeschreibung zum EG-Lied; Fassung am Gesangbuch gegenlesen";Melodie aus der MIDI-Oberstimme als ABC setzen, an EG-Fassung gegenlesen.
389;Ein reines Herz, Herr, schaff in mir;Heinrich Georg Neuss (1703);O Jesu Christe, wahres Licht;Nürnberg (1676);Verweis auf EG 72;ja;gemeinfrei;Heinrich Georg Neuss (1654–1716, Wikidata Q99244);gemeinfrei;Nürnberg (Werkjahr 1676);1;;;0;Wikimedia Commons (MIDI, Peter Gerloff);https://commons.wikimedia.org/wiki/File%3AO_Jesu_Christe%2C_wahres_Licht.mid;MIDI;"mehrstimmiger Satz; Melodie in der Oberstimme";CC BY-SA 3.0;unter Bedingungen nutzbar (Namensnennung, ggf. Weitergabe unter gleichen Bedingungen);"gleiche Melodie laut Melodieverweis; Textverteilung prüfen";"Als Vorlage für eigenen Notensatz nutzen; bei Übernahme der Datei Lizenzhinweis führen."
390;Erneure mich, o ewigs Licht;Johann Friedrich Ruopp (1704);O Jesu Christe, wahres Licht;Nürnberg (1676);Verweis auf EG 72;ja;gemeinfrei;Johann Friedrich Ruopp (1672–1708, Wikidata Q1693652);gemeinfrei;Nürnberg (Werkjahr 1676);1;;;0;Wikimedia Commons (MIDI, Peter Gerloff);https://commons.wikimedia.org/wiki/File%3AO_Jesu_Christe%2C_wahres_Licht.mid;MIDI;"mehrstimmiger Satz; Melodie in der Oberstimme";CC BY-SA 3.0;unter Bedingungen nutzbar (Namensnennung, ggf. Weitergabe unter gleichen Bedingungen);"gleiche Melodie laut Melodieverweis; Textverteilung prüfen";"Als Vorlage für eigenen Notensatz nutzen; bei Übernahme der Datei Lizenzhinweis führen."
391;Jesu, geh voran auf der Lebensbahn;Nikolaus Ludwig Graf von Zinzendorf (1725) , Christian Gregor (1778);Seelenbräutigam, Jesus, Gotteslamm!;Adam Drese (1698);manuell (manual_overrides.json);ja;gemeinfrei;"Nikolaus Ludwig Graf von Zinzendorf (1700–1760, Wikidata Q76336); Christian Gregor (1723–1801, Wikidata Q1080028)";gemeinfrei;Adam Drese (1620–1701, Wikidata Q349170);1;;;0;Wikimedia Commons (MIDI, Peter Gerloff);https://commons.wikimedia.org/wiki/File%3AJesu%2C_geh_voran.mid;MIDI;"mehrstimmiger Satz; Melodie in der Oberstimme";CC0;frei integrierbar;"laut Dateibeschreibung zum EG-Lied; Fassung am Gesangbuch gegenlesen";Melodie aus der MIDI-Oberstimme als ABC setzen, an EG-Fassung gegenlesen.
392;Gott rufet noch. Sollt ich nicht endlich hören;Gerhard Tersteegen (1735);Die Sonn hat sich mit ihrem Glanz gewendet;Guillaume Franc (1542) , Loys Bourgeois (1551);Verweis auf EG 476;ja;gemeinfrei;Gerhard Tersteegen (1697–1769, Wikidata Q67283);gemeinfrei;"Guillaume Franc (1515–1570, Wikidata Q1423270); Loys Bourgeois (1510–1560, Wikidata Q493014)";1;;;0;Wikimedia Commons (MIDI, Peter Gerloff);https://commons.wikimedia.org/wiki/File%3AGott_rufet_noch.mid;MIDI;"mehrstimmiger Satz; Melodie in der Oberstimme";CC0;frei integrierbar;"laut Dateibeschreibung zum EG-Lied; Fassung am Gesangbuch gegenlesen";Melodie aus der MIDI-Oberstimme als ABC setzen, an EG-Fassung gegenlesen.
393;Kommt, Kinder, lasst uns gehen;Gerhard Tersteegen (1738);Ich will, solang ich lebe;Heinrich Schütz (1628);Verweis auf EG 276;ja;gemeinfrei;Gerhard Tersteegen (1697–1769, Wikidata Q67283);gemeinfrei;Heinrich Schütz (1585–1672, Wikidata Q153643);1;;;0;;;;;;Melodie gemeinfrei, Notenquelle fehlt;;Melodie aus gemeinfreiem Gesangbuchdruck (z. B. Zahn) selbst setzen.
394;Nun aufwärts froh den Blick gewandt;August Hermann Franke (1889);Nun danket all und bringet Ehr;Genf (1562) , Johann Crüger (1653);Verweis auf EG 322;ja;gemeinfrei;August Hermann Franke (1853–1891, Wikidata Q761803);gemeinfrei;"Genf (Werkjahr 1562); Johann Crüger (1598–1662, Wikidata Q158097)";1;;;0;Wikimedia Commons (MIDI, Peter Gerloff);https://commons.wikimedia.org/wiki/File%3ANun_danket_all_und_bringet_Ehr.mid;MIDI;"mehrstimmiger Satz; Melodie in der Oberstimme";CC BY 3.0;unter Bedingungen nutzbar (Namensnennung, ggf. Weitergabe unter gleichen Bedingungen);"gleiche Melodie laut Melodieverweis; Textverteilung prüfen";"Als Vorlage für eigenen Notensatz nutzen; bei Übernahme der Datei Lizenzhinweis führen."
395;Vertraut den neuen Wegen;Klaus-Peter Hertzsch (1989);Lob Gott getrost mit Singen;Böhmische Brüder (1544) , Johann Crüger (1662);Verweis auf EG 243;nein;geschuetzt;Klaus-Peter Hertzsch (1930–2015, Wikidata Q1744807);gemeinfrei;"Böhmische Brüder (Werkjahr 1544); Johann Crüger (1598–1662, Wikidata Q158097)";3;;;0;Wikimedia Commons (MIDI, Peter Gerloff);https://commons.wikimedia.org/wiki/File%3ALob_Gott_getrost_mit_Singen.mid;MIDI;"mehrstimmiger Satz; Melodie in der Oberstimme";CC0;frei integrierbar;"laut Dateibeschreibung zum EG-Lied; Fassung am Gesangbuch gegenlesen";Melodie aus der MIDI-Oberstimme als ABC setzen, an EG-Fassung gegenlesen.
396;Jesu, meine Freude, meines Herzens Weide;Johann Franck (1653);Johann Crüger (1653);Johann Crüger (1653);Angabe in eg_lieder.json;ja;gemeinfrei;Johann Franck (Werkjahr 1653);gemeinfrei;Johann Crüger (1598–1662, Wikidata Q158097);1;Jesu, meine Freude;264201315;0;Wikimedia Commons (MIDI, Peter Gerloff);https://commons.wikimedia.org/wiki/File%3AJesu%2C_meine_Freude.mid;MIDI;"mehrstimmiger Satz; Melodie in der Oberstimme";CC0;frei integrierbar;"laut Dateibeschreibung zum EG-Lied; Fassung am Gesangbuch gegenlesen";Melodie aus der MIDI-Oberstimme als ABC setzen, an EG-Fassung gegenlesen.
397;Herzlich lieb hab ich dich, o Herr;Martin Schalling (1569);Straßburg (1577);Straßburg (1577);Angabe in eg_lieder.json;ja;gemeinfrei;Martin Schalling (1490–1552, Wikidata Q1661383);gemeinfrei;Straßburg (Werkjahr 1577);1;;;0;Wikimedia Commons (MIDI, Peter Gerloff);https://commons.wikimedia.org/wiki/File%3AHerzlich_lieb_hab_ich_dich%2C_o_Herr.mid;MIDI;"mehrstimmiger Satz; Melodie in der Oberstimme";CC0;frei integrierbar;"laut Dateibeschreibung zum EG-Lied; Fassung am Gesangbuch gegenlesen";Melodie aus der MIDI-Oberstimme als ABC setzen, an EG-Fassung gegenlesen.
398;In dir ist Freude in allem Leide;Johann Lindemann (1598) , Cyriacus Schneegaß (1598);Giovanni Giacomo Gastoldi (1591) , Erfurt (1598);Giovanni Giacomo Gastoldi (1591) , Erfurt (1598);Angabe in eg_lieder.json;ja;gemeinfrei;"Johann Lindemann (1550–1630, Wikidata Q1695295 oder 1488–1554, Wikidata Q1695296); Cyriacus Schneegaß (1546–1597, Wikidata Q103171)";gemeinfrei;"Giovanni Giacomo Gastoldi (1555–1609, Wikidata Q964231); Erfurt (Werkjahr 1598)";1;A lieta vita Amor c’invita;251811974;0;Wikimedia Commons (MIDI, Peter Gerloff);https://commons.wikimedia.org/wiki/File%3AIn_dir_ist_Freude.mid;MIDI;"mehrstimmiger Satz; Melodie in der Oberstimme";CC0;frei integrierbar;"laut Dateibeschreibung zum EG-Lied; Fassung am Gesangbuch gegenlesen";Melodie aus der MIDI-Oberstimme als ABC setzen, an EG-Fassung gegenlesen.
399;O Lebensbrünnlein tief und groß;Johannes Mühlmann (1618);Görlitz (1587);Görlitz (1587);Angabe in eg_lieder.json;ja;gemeinfrei;Johannes Mühlmann (1573–1613, Wikidata Q1695625);gemeinfrei;Görlitz (Werkjahr 1587);1;;;0;Wikimedia Commons (MIDI, Peter Gerloff);https://commons.wikimedia.org/wiki/File%3AO_Lebensbr%C3%BCnnlein_tief_und_gro%C3%9F.mid;MIDI;"mehrstimmiger Satz; Melodie in der Oberstimme";CC0;frei integrierbar;"laut Dateibeschreibung zum EG-Lied; Fassung am Gesangbuch gegenlesen";Melodie aus der MIDI-Oberstimme als ABC setzen, an EG-Fassung gegenlesen.
400;Ich will dich lieben, meine Stärke;Johann Scheffler (1657) , Angelus Silesius (1657);Georg Joseph (1657) , Marion Warrington (1985);Georg Joseph (1657) , Marion Warrington (1985);Angabe in eg_lieder.json;ja;gemeinfrei;"Johann Scheffler (1624–1677, Wikidata Q60469); Angelus Silesius (1624–1677, Wikidata Q60469)";geschuetzt;"Georg Joseph (1620–1700, Wikidata Q17352855); Marion Warrington (Werkjahr 1985)";4;Ich will dich lieben, meine Stärke;242400818;0;Wikimedia Commons (MIDI, Peter Gerloff);https://commons.wikimedia.org/wiki/File%3AIch_will_dich_lieben%2C_meine_St%C3%A4rke_%28EG%29.mid;MIDI;"mehrstimmiger Satz; Melodie in der Oberstimme";CC0;nicht ohne Lizenz (Melodie geschützt);"laut Dateibeschreibung zum EG-Lied; Fassung am Gesangbuch gegenlesen";"Keine Noten übernehmen; Rechteinhaber/Verlag anfragen oder verzichten."
401;Liebe, die du mich zum Bilde;Johann Scheffler (1657) , Angelus Silesius (1657) , Frankfurt (1695);Johann Gottlieb Naumann , Meiningen (1693) , Darmstadt (1698);Johann Gottlieb Naumann , Meiningen (1693) , Darmstadt (1698);Angabe in eg_lieder.json;ja;gemeinfrei;"Johann Scheffler (1624–1677, Wikidata Q60469); Angelus Silesius (1624–1677, Wikidata Q60469); Frankfurt (Werkjahr 1695)";gemeinfrei;"Johann Gottlieb Naumann (1741–1801, Wikidata Q213927); Meiningen (Werkjahr 1693); Darmstadt (Werkjahr 1698)";1;;;0;;;;;;Melodie gemeinfrei, Notenquelle fehlt;;Melodie aus gemeinfreiem Gesangbuchdruck (z. B. Zahn) selbst setzen.
402;Meinen Jesus lass ich nicht;Christian Keimann (1658);Johann Ulich (1674);Johann Ulich (1674);Angabe in eg_lieder.json;ja;gemeinfrei;Christian Keimann (1607–1662, Wikidata Q105294);gemeinfrei;Johann Ulich (1634–1712, Wikidata Q6219278);1;Meinen Jesus lass ich nicht;260058322;0;Wikimedia Commons (MIDI, Peter Gerloff);https://commons.wikimedia.org/wiki/File%3AMeinen_Jesus_lass_ich_nicht_%28Johann_Ulich%29.mid;MIDI;"mehrstimmiger Satz; Melodie in der Oberstimme";CC0;frei integrierbar;"laut Dateibeschreibung zum EG-Lied; Fassung am Gesangbuch gegenlesen";Melodie aus der MIDI-Oberstimme als ABC setzen, an EG-Fassung gegenlesen.
403;Schönster Herr Jesu;Münster (1677) , August Heinrich Hoffmann von Fallersleben (1842);Christian Ernst Graf (1766) , Schlesien (1842);Christian Ernst Graf (1766) , Schlesien (1842);Angabe in eg_lieder.json;ja;gemeinfrei;"Münster (Werkjahr 1677); August Heinrich Hoffmann von Fallersleben (1798–1874, Wikidata Q76938)";gemeinfrei;"Christian Ernst Graf (1723–1804, Wikidata Q882280); Schlesien (Werkjahr 1842)";1;Schönster Herr Jesu;258047487;0;Wikimedia Commons (MIDI, Peter Gerloff);https://commons.wikimedia.org/wiki/File%3ASch%C3%B6nster_Herr_Jesu_%28Glatz%29.mid | https://commons.wikimedia.org/wiki/File%3ASch%C3%B6nster_Herr_Jesu_%28M%C3%BCnster%29.mid;MIDI;"mehrstimmiger Satz; Melodie in der Oberstimme";CC BY-SA 3.0, CC0;unter Bedingungen nutzbar (Namensnennung, ggf. Weitergabe unter gleichen Bedingungen);"laut Dateibeschreibung zum EG-Lied; Fassung am Gesangbuch gegenlesen";"Als Vorlage für eigenen Notensatz nutzen; bei Übernahme der Datei Lizenzhinweis führen."
404;Herr Jesu, Gnadensonne;Ludwig Andreas Gotter (1695);Herr Christ, der einig Gotts Sohn;Erfurt (1524);Verweis auf EG 67;ja;gemeinfrei;Ludwig Andreas Gotter (1661–1735, Wikidata Q96829);gemeinfrei;Erfurt (Werkjahr 1524);1;;;0;Wikimedia Commons (MIDI, Peter Gerloff);https://commons.wikimedia.org/wiki/File%3AHerr_Christ%2C_der_einig_Gotts_Sohn.mid;MIDI;"mehrstimmiger Satz; Melodie in der Oberstimme";CC0;frei integrierbar;"gleiche Melodie laut Melodieverweis; Textverteilung prüfen";Melodie aus der MIDI-Oberstimme als ABC setzen, an EG-Fassung gegenlesen.
405;Halt im Gedächtnis Jesus Christ;Cyriakus Günther (1714);Johann Walter (1524);Johann Walter (1524);Angabe in eg_lieder.json;ja;gemeinfrei;Cyriakus Günther (1650–1704, Wikidata Q1148505);gemeinfrei;Johann Walter (1496–1570, Wikidata Q702924);1;;;0;;;;;;Melodie gemeinfrei, Notenquelle fehlt;;Melodie aus gemeinfreiem Gesangbuchdruck (z. B. Zahn) selbst setzen.
406;Bei dir, Jesu, will ich bleiben;Philipp Spitta (1833);Herz und Herz vereint zusammen;Bamberg (1732) , Brüdergemeine (1737);Verweis auf EG 251;ja;gemeinfrei;Philipp Spitta (1801–1859, Wikidata Q456355);gemeinfrei;"Bamberg (Werkjahr 1732); Brüdergemeine (Werkjahr 1737)";1;;;0;Wikimedia Commons (MIDI, Peter Gerloff);https://commons.wikimedia.org/wiki/File%3ABei_dir%2C_Jesu%2C_will_ich_bleiben.mid;MIDI;"mehrstimmiger Satz; Melodie in der Oberstimme";CC0;frei integrierbar;"laut Dateibeschreibung zum EG-Lied; Fassung am Gesangbuch gegenlesen";Melodie aus der MIDI-Oberstimme als ABC setzen, an EG-Fassung gegenlesen.
407;Stern, auf den ich schaue;Adolf Krummacher (1857);Mina Koch (1897);Mina Koch (1897);Angabe in eg_lieder.json;ja;gemeinfrei;Adolf Krummacher (1824–1884, Wikidata Q1133854);gemeinfrei;Mina Koch (1845–1924, Wikidata Q107963);1;Stern, auf den ich schaue;270584955;0;Wikimedia Commons (MIDI, Peter Gerloff);https://commons.wikimedia.org/wiki/File%3AStern%2C_auf_den_ich_schaue.mid;MIDI;"mehrstimmiger Satz; Melodie in der Oberstimme";CC0;frei integrierbar;"laut Dateibeschreibung zum EG-Lied; Fassung am Gesangbuch gegenlesen";Melodie aus der MIDI-Oberstimme als ABC setzen, an EG-Fassung gegenlesen.
408;Meinem Gott gehört die Welt;Arno Pötzsch (1934);Christian Lahusen (1948);Christian Lahusen (1948);Angabe in eg_lieder.json;nein;geschuetzt;Arno Pötzsch (1900–1956, Wikidata Q694483);geschuetzt;Christian Lahusen (1886–1975, Wikidata Q15428001);6;;;0;;;;;;nicht ohne Lizenz (Melodie geschützt);;"Keine Noten übernehmen; Rechteinhaber/Verlag anfragen oder verzichten."
409;Gott liebt diese Welt;Walter Schulz (1962);Walter Schulz (1962);Walter Schulz (1962);Angabe in eg_lieder.json;nein;geschuetzt;Walter Schulz (Werkjahr 1962);geschuetzt;Walter Schulz (Werkjahr 1962);6;Gott liebt diese Welt;258926681;0;Wikimedia Commons (MIDI, Peter Gerloff);https://commons.wikimedia.org/wiki/File%3AGott_liebt_diese_Welt.mid;MIDI;"mehrstimmiger Satz; Melodie in der Oberstimme";CC BY-SA 3.0;nicht ohne Lizenz (Melodie geschützt);"laut Dateibeschreibung zum EG-Lied; Fassung am Gesangbuch gegenlesen";"Keine Noten übernehmen; Rechteinhaber/Verlag anfragen oder verzichten."
410;Christus, das Licht der Welt;Friedrich Karl Barth (1972) , Sabine Leonhardt (1972) , Otmar Schulz (1972);Paris (1681);Paris (1681);Angabe in eg_lieder.json;nein;geschuetzt;"Friedrich Karl Barth (1938–, Wikidata Q1460185); Sabine Leonhardt (Werkjahr 1972); Otmar Schulz (1938–2023, Wikidata Q1249177)";gemeinfrei;Paris (Werkjahr 1681);3;;;0;Wikimedia Commons (MIDI, Peter Gerloff);https://commons.wikimedia.org/wiki/File%3AChristus%2C_das_Licht_der_Welt.mid;MIDI;"mehrstimmiger Satz; Melodie in der Oberstimme";CC0;frei integrierbar;"laut Dateibeschreibung zum EG-Lied; Fassung am Gesangbuch gegenlesen";Melodie aus der MIDI-Oberstimme als ABC setzen, an EG-Fassung gegenlesen.
411;Gott, weil er groß ist (Kanon);Johann Scheffler (1657) , Angelus Silesius (1657);Johannes Petzold (1946);Johannes Petzold (1946);Angabe in eg_lieder.json;ja;gemeinfrei;"Johann Scheffler (1624–1677, Wikidata Q60469); Angelus Silesius (1624–1677, Wikidata Q60469)";geschuetzt;Johannes Petzold (1912–1985, Wikidata Q1698147);2;;;0;;;;;;nicht ohne Lizenz (Melodie geschützt);;"Keine Noten übernehmen; Rechteinhaber/Verlag anfragen oder verzichten."
412;So jemand spricht: Ich liebe Gott;Christian Fürchtegott Gellert (1757);Machs mit mir, Gott, nach deiner Güt;Bartholomäus Gesius (1605) , Johann Hermann Schein (1628);Verweis auf EG 525;ja;gemeinfrei;Christian Fürchtegott Gellert (1715–1769, Wikidata Q60584);gemeinfrei;"Bartholomäus Gesius (1562–1613, Wikidata Q809352); Johann Hermann Schein (Werkjahr 1628)";1;;;0;Wikimedia Commons (MIDI, Peter Gerloff);https://commons.wikimedia.org/wiki/File%3AMir_nach%2C_spricht_Christus%2C_unser_Held_%28EG%29.mid;MIDI;"mehrstimmiger Satz; Melodie in der Oberstimme";CC0;frei integrierbar;"gleiche Melodie laut Melodieverweis; Textverteilung prüfen";Melodie aus der MIDI-Oberstimme als ABC setzen, an EG-Fassung gegenlesen.
413;Ein wahrer Glaube Gotts Zorn stillt;Nikolaus Herman (1560);Herr Gott, dich loben alle wir;Genf (1551);manuell (manual_overrides.json);ja;gemeinfrei;Nikolaus Herman (1500–1561, Wikidata Q71706);gemeinfrei;Genf (Werkjahr 1551);1;;;0;Wikimedia Commons (MIDI, Peter Gerloff);https://commons.wikimedia.org/wiki/File%3ALobt_Gott%2C_den_Herrn_der_Herrlichkeit.mid;MIDI;"mehrstimmiger Satz; Melodie in der Oberstimme";CC0;frei integrierbar;"laut Dateibeschreibung zum EG-Lied; Fassung am Gesangbuch gegenlesen";Melodie aus der MIDI-Oberstimme als ABC setzen, an EG-Fassung gegenlesen.
414;Lass mich, o Herr, in allen Dingen;Georg Joachim Zollikofer (1766);Hamburg (1690) , Halle (1704) , Johann Heinrich Egli (1787);Hamburg (1690) , Halle (1704) , Johann Heinrich Egli (1787);Angabe in eg_lieder.json;ja;gemeinfrei;Georg Joachim Zollikofer (1730–1788, Wikidata Q96930);gemeinfrei;"Hamburg (Werkjahr 1690); Halle (Werkjahr 1704); Johann Heinrich Egli (1742–1810, Wikidata Q5627879)";1;;;0;;;;;;Melodie gemeinfrei, Notenquelle fehlt;;Melodie aus gemeinfreiem Gesangbuchdruck (z. B. Zahn) selbst setzen.
415;Liebe, du ans Kreuz für uns erhöhte;Carl Bernhard Garve (1825);O wie selig seid ihr doch, ihr Frommen;Johann Crüger (1649);manuell (manual_overrides.json);ja;gemeinfrei;Carl Bernhard Garve (1763–1841, Wikidata Q77496);gemeinfrei;Johann Crüger (1598–1662, Wikidata Q158097);1;;;0;;;;;;Melodie gemeinfrei, Notenquelle fehlt;;Melodie aus gemeinfreiem Gesangbuchdruck (z. B. Zahn) selbst setzen.
416;O Herr, mach mich zu einem Werkzeug deines Friedens;Souvenir Normand (1913) , Leipzig (1945);Theophil Rothenberg (1958) , Rolf Schweizer (1962) , Fritz Baltruweit (1979);Theophil Rothenberg (1958) , Rolf Schweizer (1962) , Fritz Baltruweit (1979);Angabe in eg_lieder.json;ja;ungeklaert;"Souvenir Normand (1913, Urheber nicht ermittelt); Leipzig (1945, Urheber nicht ermittelt)";geschuetzt;"Theophil Rothenberg (1912–2004, Wikidata Q2419076); Rolf Schweizer (1936–2016, Wikidata Q2163804); Fritz Baltruweit (1955–, Wikidata Q1465591)";5;Gebet des heiligen Franziskus;265220019;0;;;;;;nicht ohne Lizenz (Melodie geschützt);;"Keine Noten übernehmen; Rechteinhaber/Verlag anfragen oder verzichten."
417;Lass die Wurzel unsers Handelns Liebe sein;Paul Kästner (1921) , Dieter Trautwein (1986);Volker Ochs (1971);Volker Ochs (1971);Angabe in eg_lieder.json;ja;geschuetzt;"Paul Kästner (1921, Urheber nicht ermittelt); Dieter Trautwein (1928–2002, Wikidata Q95896)";geschuetzt;Volker Ochs (1929–2018, Wikidata Q1282223);6;;;0;;;;;;nicht ohne Lizenz (Melodie geschützt);;"Keine Noten übernehmen; Rechteinhaber/Verlag anfragen oder verzichten."
418;Brich den Hungrigen dein Brot;Martin Jentzsch (1951);Erfurt (1544) , Gerhard Häußler (1953) , Karl Layer (1967) , Rudolf Zöbeley (1969);Erfurt (1544) , Gerhard Häußler (1953) , Karl Layer (1967) , Rudolf Zöbeley (1969);Angabe in eg_lieder.json;nein;geschuetzt;Martin Jentzsch (1879–1967, Wikidata Q17119811);geschuetzt;"Erfurt (Werkjahr 1544); Gerhard Häußler (1953, Urheber nicht ermittelt); Karl Layer (Werkjahr 1967); Rudolf Zöbeley (1901–1991, Wikidata Q2174194)";4;Brich dem Hungrigen dein Brot (Kirchenlied);247861844;0;;;;;;nicht ohne Lizenz (Melodie geschützt);;"Keine Noten übernehmen; Rechteinhaber/Verlag anfragen oder verzichten."
419;Hilf, Herr meines Lebens;Gustav Lohmann (1962) , Markus Jenny (1970);Hans Puls (1962);Hans Puls (1962);Angabe in eg_lieder.json;nein;geschuetzt;"Gustav Lohmann (1876–1967, Wikidata Q1556157); Markus Jenny (1924–2001, Wikidata Q1901597)";geschuetzt;Hans Puls (1914–1992, Wikidata Q1118451);6;;;0;;;;;;nicht ohne Lizenz (Melodie geschützt);;"Keine Noten übernehmen; Rechteinhaber/Verlag anfragen oder verzichten."
420;Brich mit den Hungrigen dein Brot;Friedrich Karl Barth (1977);Peter Janssens (1977);Peter Janssens (1977);Angabe in eg_lieder.json;nein;geschuetzt;Friedrich Karl Barth (1938–, Wikidata Q1460185);geschuetzt;Peter Janssens (1934–1998, Wikidata Q2076012);6;;;0;;;;;;nicht ohne Lizenz (Melodie geschützt);;"Keine Noten übernehmen; Rechteinhaber/Verlag anfragen oder verzichten."
421;Verleih uns Frieden gnädiglich;Martin Luther (1529);Martin Luther (1529) , Nürnberg (1531) , Felix Mendelssohn Bartholdy (1831);Martin Luther (1529) , Nürnberg (1531) , Felix Mendelssohn Bartholdy (1831);Angabe in eg_lieder.json;ja;gemeinfrei;Martin Luther (1483–1546, Wikidata Q9554);gemeinfrei;"Martin Luther (1483–1546, Wikidata Q9554); Nürnberg (Werkjahr 1531); Felix Mendelssohn Bartholdy (1809–1847, Wikidata Q46096)";1;Verleih uns Frieden gnädiglich;271169908;0;Wikimedia Commons (MIDI, Peter Gerloff);https://commons.wikimedia.org/wiki/File%3AVerleih_uns_Frieden_gn%C3%A4diglich_%28andere_Form%29.mid | https://commons.wikimedia.org/wiki/File%3AVerleih_uns_Frieden_gn%C3%A4diglich.mid;MIDI;"mehrstimmiger Satz; Melodie in der Oberstimme";CC0;frei integrierbar;"laut Dateibeschreibung zum EG-Lied; Fassung am Gesangbuch gegenlesen";Melodie aus der MIDI-Oberstimme als ABC setzen, an EG-Fassung gegenlesen.
422;Du Friedefürst, Herr Jesu Christ;Jakob Ebert (1601);Bartholomäus Gesius (1601);Bartholomäus Gesius (1601);Angabe in eg_lieder.json;ja;gemeinfrei;Jakob Ebert (1549–1614, Wikidata Q466886);gemeinfrei;Bartholomäus Gesius (1562–1613, Wikidata Q809352);1;Du Friedefürst, Herr Jesu Christ;267433555;0;Wikimedia Commons (MIDI, Peter Gerloff);https://commons.wikimedia.org/wiki/File%3ADu_Friedef%C3%BCrst%2C_Herr_Jesu_Christ.mid;MIDI;"mehrstimmiger Satz; Melodie in der Oberstimme";CC0;frei integrierbar;"laut Dateibeschreibung zum EG-Lied; Fassung am Gesangbuch gegenlesen";Melodie aus der MIDI-Oberstimme als ABC setzen, an EG-Fassung gegenlesen.
423;Herr, höre, Herr, erhöre;Benjamin Schmolck (1714);O Welt, ich muss dich lassen;Heinrich Isaak (1490);Verweis auf EG 521;ja;gemeinfrei;Benjamin Schmolck (Werkjahr 1714);gemeinfrei;Heinrich Isaak (1450–1517, Wikidata Q316668);1;;;0;Wikimedia Commons (MIDI, Peter Gerloff);https://commons.wikimedia.org/wiki/File%3AO_Welt%2C_ich_muss_dich_lassen.mid;MIDI;"mehrstimmiger Satz; Melodie in der Oberstimme";CC0;frei integrierbar;"gleiche Melodie laut Melodieverweis; Textverteilung prüfen";Melodie aus der MIDI-Oberstimme als ABC setzen, an EG-Fassung gegenlesen.
424;Deine Hände, großer Gott;Margareta Fries (1961);Friedrich Zipp (1961);Friedrich Zipp (1961);Angabe in eg_lieder.json;nein;geschuetzt;Margareta Fries (Werkjahr 1961);geschuetzt;Friedrich Zipp (1914–1997, Wikidata Q1260426);6;;;0;;;;;;nicht ohne Lizenz (Melodie geschützt);;"Keine Noten übernehmen; Rechteinhaber/Verlag anfragen oder verzichten."
425;Gib uns Frieden jeden Tag!;Rüdeger Lüders (1963) , Kurt Rommel (1963);Rüdeger Lüders (1963);Rüdeger Lüders (1963);Angabe in eg_lieder.json;nein;geschuetzt;"Rüdeger Lüders (Werkjahr 1963); Kurt Rommel (1926–2011, Wikidata Q77859)";geschuetzt;Rüdeger Lüders (Werkjahr 1963);6;;;0;;;;;;nicht ohne Lizenz (Melodie geschützt);;"Keine Noten übernehmen; Rechteinhaber/Verlag anfragen oder verzichten."
426;Es wird sein in den letzten Tagen;Walter Schulz (1963);Manfred Schlenker (1985);Manfred Schlenker (1985);Angabe in eg_lieder.json;nein;geschuetzt;Walter Schulz (Werkjahr 1963);geschuetzt;Manfred Schlenker (1926–2023, Wikidata Q1145886);6;Es wird sein in den letzten Tagen;267505740;0;;;;;;nicht ohne Lizenz (Melodie geschützt);;"Keine Noten übernehmen; Rechteinhaber/Verlag anfragen oder verzichten."
427;Solang es Menschen gibt auf Erden;Dieter Trautwein (1966);Tera de Marez Oyens (1959);Tera de Marez Oyens (1959);Angabe in eg_lieder.json;nein;geschuetzt;Dieter Trautwein (1928–2002, Wikidata Q95896);geschuetzt;Tera de Marez Oyens (1932–1996, Wikidata Q2883654);6;;;0;Wikimedia Commons (MIDI, Peter Gerloff);https://commons.wikimedia.org/wiki/File%3ASolang_es_Menschen_gibt_auf_Erden.mid;MIDI;"mehrstimmiger Satz; Melodie in der Oberstimme";CC BY-SA 3.0;nicht ohne Lizenz (Melodie geschützt);"laut Dateibeschreibung zum EG-Lied; Fassung am Gesangbuch gegenlesen";"Keine Noten übernehmen; Rechteinhaber/Verlag anfragen oder verzichten."
428;Komm in unsre stolze Welt;Hans Graf von Lehndorff (1968);Otto Kaufmann (1982) , Manfred Schlenker (1982) , Hans Kunz (1985) , Gerhard Schnitter (2002);Otto Kaufmann (1982) , Manfred Schlenker (1982) , Hans Kunz (1985) , Gerhard Schnitter (2002);Angabe in eg_lieder.json;nein;geschuetzt;Hans Graf von Lehndorff (1910–1987, Wikidata Q107188);geschuetzt;"Otto Kaufmann (Werkjahr 1982); Manfred Schlenker (1926–2023, Wikidata Q1145886); Hans Kunz (Werkjahr 1985); Gerhard Schnitter (1939–, Wikidata Q1427836)";6;;;0;;;;;;nicht ohne Lizenz (Melodie geschützt);;"Keine Noten übernehmen; Rechteinhaber/Verlag anfragen oder verzichten."
429;Lobt und preist die herrlichen Taten des Herrn;Diethard Zils (1970);Lucien Deiss (1954);Lucien Deiss (1954);Angabe in eg_lieder.json;nein;geschuetzt;Diethard Zils (1935–, Wikidata Q1223164);geschuetzt;Lucien Deiss (1921–2007, Wikidata Q3265466);6;;;0;;;;;;nicht ohne Lizenz (Melodie geschützt);;"Keine Noten übernehmen; Rechteinhaber/Verlag anfragen oder verzichten."
430;Gib Frieden, Herr, gib Frieden;Jürgen Henkys (1983);Befiehl du deine Wege;Bartholomäus Gesius (1603) , Georg Philipp Telemann (1730);Verweis auf EG 361;nein;geschuetzt;Jürgen Henkys (1929–2015, Wikidata Q110422);gemeinfrei;"Bartholomäus Gesius (1562–1613, Wikidata Q809352); Georg Philipp Telemann (1681–1767, Wikidata Q75854)";3;;;0;Wikimedia Commons (MIDI, Peter Gerloff);https://commons.wikimedia.org/wiki/File%3ABefiehl_du_deine_Wege.mid;MIDI;"mehrstimmiger Satz; Melodie in der Oberstimme";CC0;frei integrierbar;"gleiche Melodie laut Melodieverweis; Textverteilung prüfen";Melodie aus der MIDI-Oberstimme als ABC setzen, an EG-Fassung gegenlesen.
431;Gott, unser Ursprung, Herr des Raums;Jürgen Henkys (1984) , Walter Schulz (1984);Gerhard Cartford (1969);Gerhard Cartford (1969);Angabe in eg_lieder.json;nein;geschuetzt;"Jürgen Henkys (1929–2015, Wikidata Q110422); Walter Schulz (Werkjahr 1984)";geschuetzt;Gerhard Cartford (1923–2016, Wikidata Q47498330);6;;;0;;;;;;nicht ohne Lizenz (Melodie geschützt);;"Keine Noten übernehmen; Rechteinhaber/Verlag anfragen oder verzichten."
432;Gott gab uns Atem, damit wir leben;Eckart Bücken (1982);Fritz Baltruweit (1982) , Manfred Schlenker (1982);Fritz Baltruweit (1982) , Manfred Schlenker (1982);Angabe in eg_lieder.json;nein;geschuetzt;Eckart Bücken (1943–, Wikidata Q1281312);geschuetzt;"Fritz Baltruweit (1955–, Wikidata Q1465591); Manfred Schlenker (1926–2023, Wikidata Q1145886)";6;;;0;;;;;;nicht ohne Lizenz (Melodie geschützt);;"Keine Noten übernehmen; Rechteinhaber/Verlag anfragen oder verzichten."
433;Wir wünschen Frieden euch allen;Israel;Israel;Israel;Angabe in eg_lieder.json;ja;ungeklaert;Israel (ohne Jahr, Urheber nicht ermittelt);ungeklaert;Israel (ohne Jahr, Urheber nicht ermittelt);5;;;0;Wikimedia Commons (MIDI, Peter Gerloff);https://commons.wikimedia.org/wiki/File%3AHevenu_shalom_alechem.mid;MIDI;"mehrstimmiger Satz; Melodie in der Oberstimme";CC BY 4.0;ungeklärt;nicht geprüft;Urheber und Sterbejahr der Melodie klären, erst dann Quelle prüfen.
434;Schalom chaverim (Kanon);Israel;Israel;Israel;Angabe in eg_lieder.json;ja;ungeklaert;Israel (ohne Jahr, Urheber nicht ermittelt);ungeklaert;Israel (ohne Jahr, Urheber nicht ermittelt);5;;;0;Wikimedia Commons (MIDI, Peter Gerloff);https://commons.wikimedia.org/wiki/File%3AShalom_chaverim.mid;MIDI;"mehrstimmiger Satz; Melodie in der Oberstimme";CC0;ungeklärt;nicht geprüft;Urheber und Sterbejahr der Melodie klären, erst dann Quelle prüfen.
435;Dona nobis pacem (Kanon);Liturgie;Jacques Berthier;Jacques Berthier;Angabe in eg_lieder.json;ja;ungeklaert;Liturgie (ohne Jahr, Urheber nicht ermittelt);geschuetzt;Jacques Berthier (1923–1994, Wikidata Q1232631);5;;;0;Wikimedia Commons (MIDI, Peter Gerloff);https://commons.wikimedia.org/wiki/File%3ADona_nobis_pacem_%28Kanon%29.mid;MIDI;"mehrstimmiger Satz; Melodie in der Oberstimme";CC0;nicht ohne Lizenz (Melodie geschützt);nicht geprüft;"Keine Noten übernehmen; Rechteinhaber/Verlag anfragen oder verzichten."
436;Herr, gib uns deinen Frieden (Kanon);Liturgie , Wolfgang Poeplau (1975);Ludger Edelkötter (1976);Ludger Edelkötter (1976);Angabe in eg_lieder.json;ja;geschuetzt;"Liturgie (ohne Jahr, Urheber nicht ermittelt); Wolfgang Poeplau (Werkjahr 1975)";geschuetzt;Ludger Edelkötter (1940–2022, Wikidata Q1437942);6;;;0;;;;;;nicht ohne Lizenz (Melodie geschützt);;"Keine Noten übernehmen; Rechteinhaber/Verlag anfragen oder verzichten."
437;Die helle Sonn leucht jetzt herfür;Nikolaus Herman (1560);Melchior Vulpius (1609);Melchior Vulpius (1609);Angabe in eg_lieder.json;ja;gemeinfrei;Nikolaus Herman (1500–1561, Wikidata Q71706);gemeinfrei;Melchior Vulpius (1570–1615, Wikidata Q702277);1;;;0;Wikimedia Commons (MIDI, Peter Gerloff);https://commons.wikimedia.org/wiki/File%3ADie_helle_Sonn_leucht%27_jetzt_herf%C3%BCr.mid;MIDI;"mehrstimmiger Satz; Melodie in der Oberstimme";CC0;frei integrierbar;"laut Dateibeschreibung zum EG-Lied; Fassung am Gesangbuch gegenlesen";Melodie aus der MIDI-Oberstimme als ABC setzen, an EG-Fassung gegenlesen.
438;Der Tag bricht an und zeiget sich;Michael Weiße (1531);Melchior Vulpius (1609);Melchior Vulpius (1609);Angabe in eg_lieder.json;ja;gemeinfrei;Michael Weiße (1488–1534, Wikidata Q74773);gemeinfrei;Melchior Vulpius (1570–1615, Wikidata Q702277);1;;;0;Wikimedia Commons (MIDI, Peter Gerloff);https://commons.wikimedia.org/wiki/File%3ADer_Tag_bricht_an_und_zeiget_sich.mid;MIDI;"mehrstimmiger Satz; Melodie in der Oberstimme";CC0;frei integrierbar;"laut Dateibeschreibung zum EG-Lied; Fassung am Gesangbuch gegenlesen";Melodie aus der MIDI-Oberstimme als ABC setzen, an EG-Fassung gegenlesen.
439;Es geht daher des Tages Schein;Michael Weiße (1531);Böhmische Brüder (1531);Böhmische Brüder (1531);Angabe in eg_lieder.json;ja;gemeinfrei;Michael Weiße (1488–1534, Wikidata Q74773);gemeinfrei;Böhmische Brüder (Werkjahr 1531);1;;;0;;;;;;Melodie gemeinfrei, Notenquelle fehlt;;Melodie aus gemeinfreiem Gesangbuchdruck (z. B. Zahn) selbst setzen.
440;All Morgen ist ganz frisch und neu;Johannes Zwick (1541);Johann Walter (1537);Johann Walter (1537);Angabe in eg_lieder.json;ja;gemeinfrei;Johannes Zwick (1496–1542, Wikidata Q97531);gemeinfrei;Johann Walter (1496–1570, Wikidata Q702924);1;;;0;Wikimedia Commons (MIDI, Peter Gerloff);https://commons.wikimedia.org/wiki/File%3AAll_Morgen_ist_ganz_frisch_und_neu.mid;MIDI;"mehrstimmiger Satz; Melodie in der Oberstimme";CC0;frei integrierbar;"laut Dateibeschreibung zum EG-Lied; Fassung am Gesangbuch gegenlesen";Melodie aus der MIDI-Oberstimme als ABC setzen, an EG-Fassung gegenlesen.
441;Du höchstes Licht, du ewger Schein;Johannes Zwick (1541);All Morgen ist ganz frisch und neu;Johann Walter (1537);Verweis auf EG 440;ja;gemeinfrei;Johannes Zwick (1496–1542, Wikidata Q97531);gemeinfrei;Johann Walter (1496–1570, Wikidata Q702924);1;;;0;Wikimedia Commons (MIDI, Peter Gerloff);https://commons.wikimedia.org/wiki/File%3AAll_Morgen_ist_ganz_frisch_und_neu.mid | https://commons.wikimedia.org/wiki/File%3ADu_h%C3%B6chstes_Licht%2C_du_ewger_Schein.mid;MIDI;"mehrstimmiger Satz; Melodie in der Oberstimme";CC0;frei integrierbar;"laut Dateibeschreibung zum EG-Lied; Fassung am Gesangbuch gegenlesen";Melodie aus der MIDI-Oberstimme als ABC setzen, an EG-Fassung gegenlesen.
442;Steht auf, ihr lieben Kinderlein;Erasmus Alber (1550);Nikolaus Herman (1560);Nikolaus Herman (1560);Angabe in eg_lieder.json;ja;gemeinfrei;Erasmus Alber (1500–1553, Wikidata Q68091);gemeinfrei;Nikolaus Herman (1500–1561, Wikidata Q71706);1;Steht auf, ihr lieben Kinderlein;246098677;0;Wikimedia Commons (MIDI, Peter Gerloff);https://commons.wikimedia.org/wiki/File%3ASteht_auf%2C_ihr_lieben_Kinderlein.mid;MIDI;"mehrstimmiger Satz; Melodie in der Oberstimme";CC0;frei integrierbar;"laut Dateibeschreibung zum EG-Lied; Fassung am Gesangbuch gegenlesen";Melodie aus der MIDI-Oberstimme als ABC setzen, an EG-Fassung gegenlesen.
443;Aus meines Herzens Grunde;Georg Niege (1586);David Wolder (1598);David Wolder (1598);Angabe in eg_lieder.json;ja;gemeinfrei;Georg Niege (Werkjahr 1586);gemeinfrei;David Wolder (Werkjahr 1598);1;;;0;Wikimedia Commons (MIDI, Peter Gerloff);https://commons.wikimedia.org/wiki/File%3AAus_meines_Herzens_Grunde.mid;MIDI;"mehrstimmiger Satz; Melodie in der Oberstimme";CC0;frei integrierbar;"laut Dateibeschreibung zum EG-Lied; Fassung am Gesangbuch gegenlesen";Melodie aus der MIDI-Oberstimme als ABC setzen, an EG-Fassung gegenlesen.
444;Die güldene Sonne bringt Leben und Wonne;Philipp von Zesen (1641);Johann Georg Ahle (1671);Johann Georg Ahle (1671);Angabe in eg_lieder.json;ja;gemeinfrei;Philipp von Zesen (1619–1689, Wikidata Q76458);gemeinfrei;Johann Georg Ahle (1651–1706, Wikidata Q523499);1;;;0;Wikimedia Commons (MIDI, Peter Gerloff);https://commons.wikimedia.org/wiki/File%3ADie_g%C3%BCldene_Sonne_bringt_Leben_und_Wonne.mid;MIDI;"mehrstimmiger Satz; Melodie in der Oberstimme";CC0;frei integrierbar;"laut Dateibeschreibung zum EG-Lied; Fassung am Gesangbuch gegenlesen";Melodie aus der MIDI-Oberstimme als ABC setzen, an EG-Fassung gegenlesen.
445;Gott des Himmels und der Erden;Heinrich Albert (1642);Heinrich Albert (1642);Heinrich Albert (1642);Angabe in eg_lieder.json;ja;gemeinfrei;Heinrich Albert (1604–1651, Wikidata Q679477);gemeinfrei;Heinrich Albert (1604–1651, Wikidata Q679477);1;Gott des Himmels und der Erden;251459700;2;Wikimedia Commons (MIDI, Peter Gerloff);https://commons.wikimedia.org/wiki/File%3AGott_des_Himmels_und_der_Erden.mid;MIDI;"mehrstimmiger Satz; Melodie in der Oberstimme";CC0;frei integrierbar;"laut Dateibeschreibung zum EG-Lied; Fassung am Gesangbuch gegenlesen";Melodie aus der MIDI-Oberstimme als ABC setzen, an EG-Fassung gegenlesen.
446;Wach auf, mein Herz, und singe;Paul Gerhardt (1647);Nun lasst uns Gott dem Herren Dank sagen;Nikolaus Selnecker (1587) , Johann Crüger (1649);Verweis auf EG 320;ja;gemeinfrei;Paul Gerhardt (1607–1676, Wikidata Q76331);gemeinfrei;"Nikolaus Selnecker (1530–1592, Wikidata Q64014); Johann Crüger (1598–1662, Wikidata Q158097)";1;Wach auf, mein Herz, und singe;257276815;0;Wikimedia Commons (MIDI, Peter Gerloff);https://commons.wikimedia.org/wiki/File%3ANun_lasst_uns_Gott_dem_Herren.mid;MIDI;"mehrstimmiger Satz; Melodie in der Oberstimme";CC0;frei integrierbar;"laut Dateibeschreibung zum EG-Lied; Fassung am Gesangbuch gegenlesen";Melodie aus der MIDI-Oberstimme als ABC setzen, an EG-Fassung gegenlesen.
447;Lobet den Herren alle, die ihn ehren;Paul Gerhardt (1653);Johann Crüger (1653);Johann Crüger (1653);Angabe in eg_lieder.json;ja;gemeinfrei;Paul Gerhardt (1607–1676, Wikidata Q76331);gemeinfrei;Johann Crüger (1598–1662, Wikidata Q158097);1;Lobet den Herren alle, die ihn ehren;242399410;1;Wikimedia Commons (MIDI, Peter Gerloff);https://commons.wikimedia.org/wiki/File%3ALobet_den_Herren_alle%2C_die_ihn_ehren.mid;MIDI;"mehrstimmiger Satz; Melodie in der Oberstimme";CC BY-SA 3.0;unter Bedingungen nutzbar (Namensnennung, ggf. Weitergabe unter gleichen Bedingungen);"laut Dateibeschreibung zum EG-Lied; Fassung am Gesangbuch gegenlesen";"Als Vorlage für eigenen Notensatz nutzen; bei Übernahme der Datei Lizenzhinweis führen."
448;Lobet den Herren alle (Kanon);Paul Gerhardt (1653);Herbert Beuerle (1967);Herbert Beuerle (1967);Angabe in eg_lieder.json;ja;gemeinfrei;Paul Gerhardt (1607–1676, Wikidata Q76331);geschuetzt;Herbert Beuerle (1911–1994, Wikidata Q1608060);2;;;0;;;;;;nicht ohne Lizenz (Melodie geschützt);;"Keine Noten übernehmen; Rechteinhaber/Verlag anfragen oder verzichten."
449;Die güldne Sonne voll Freud und Wonne;Paul Gerhardt (1666);Johann Georg Ebeling (1666);Johann Georg Ebeling (1666);Angabe in eg_lieder.json;ja;gemeinfrei;Paul Gerhardt (1607–1676, Wikidata Q76331);gemeinfrei;Johann Georg Ebeling (1637–1676, Wikidata Q595457);1;Die güldne Sonne voll Freud und Wonne;267645972;1;Wikimedia Commons (MIDI, Peter Gerloff);https://commons.wikimedia.org/wiki/File%3ADie_g%C3%BCldne_Sonne.mid;MIDI;"mehrstimmiger Satz; Melodie in der Oberstimme";CC0;frei integrierbar;"laut Dateibeschreibung zum EG-Lied; Fassung am Gesangbuch gegenlesen";Melodie aus der MIDI-Oberstimme als ABC setzen, an EG-Fassung gegenlesen.
450;Morgenglanz der Ewigkeit;Martin Opitz (1634) , Christian Knorr von Rosenroth (1684);Johann Rudolf Ahle (1662) , Halle (1708);Johann Rudolf Ahle (1662) , Halle (1708);Angabe in eg_lieder.json;ja;gemeinfrei;"Martin Opitz (1597–1639, Wikidata Q60946); Christian Knorr von Rosenroth (1636–1689, Wikidata Q63484)";gemeinfrei;"Johann Rudolf Ahle (1625–1673, Wikidata Q69440); Halle (Werkjahr 1708)";1;Morgenglanz der Ewigkeit;252530389;0;Wikimedia Commons (MIDI, Peter Gerloff);https://commons.wikimedia.org/wiki/File%3AMorgenglanz_der_Ewigkeit.mid;MIDI;"mehrstimmiger Satz; Melodie in der Oberstimme";CC BY-SA 3.0;unter Bedingungen nutzbar (Namensnennung, ggf. Weitergabe unter gleichen Bedingungen);"laut Dateibeschreibung zum EG-Lied; Fassung am Gesangbuch gegenlesen";"Als Vorlage für eigenen Notensatz nutzen; bei Übernahme der Datei Lizenzhinweis führen."
451;Mein erst Gefühl sei Preis und Dank;Christian Fürchtegott Gellert (1757);Justin Heinrich Knecht , Nürnberg (1580) , Michael Praetorius (1610);Justin Heinrich Knecht , Nürnberg (1580) , Michael Praetorius (1610);Angabe in eg_lieder.json;ja;gemeinfrei;Christian Fürchtegott Gellert (1715–1769, Wikidata Q60584);gemeinfrei;"Justin Heinrich Knecht (1752–1817, Wikidata Q882109); Nürnberg (Werkjahr 1580); Michael Praetorius (1571–1621, Wikidata Q108278 oder 1515–1583, Wikidata Q30245835)";1;;;0;;;;;;Melodie gemeinfrei, Notenquelle fehlt;;Melodie aus gemeinfreiem Gesangbuchdruck (z. B. Zahn) selbst setzen.
452;Er weckt mich alle Morgen;Jochen Klepper (1938);Rudolf Zöbeley (1941);Rudolf Zöbeley (1941);Angabe in eg_lieder.json;ja;gemeinfrei;Jochen Klepper (1903–1942, Wikidata Q76329);geschuetzt;Rudolf Zöbeley (1901–1991, Wikidata Q2174194);2;Er weckt mich alle Morgen;268489317;0;;;;;;nicht ohne Lizenz (Melodie geschützt);;"Keine Noten übernehmen; Rechteinhaber/Verlag anfragen oder verzichten."
453;Schon bricht des Tages Glanz hervor;Jochen Klepper (1939);Paul Kramer , Rudolf Zöbeley (1941);Paul Kramer , Rudolf Zöbeley (1941);Angabe in eg_lieder.json;ja;gemeinfrei;Jochen Klepper (1903–1942, Wikidata Q76329);geschuetzt;"Paul Kramer (Sterbejahr nicht ermittelt); Rudolf Zöbeley (1901–1991, Wikidata Q2174194)";2;;;0;Wikimedia Commons (MIDI, Peter Gerloff);https://commons.wikimedia.org/wiki/File%3ASchon_bricht_des_Tages_Glanz_hervor.mid;MIDI;"mehrstimmiger Satz; Melodie in der Oberstimme";CC0;nicht ohne Lizenz (Melodie geschützt);"laut Dateibeschreibung zum EG-Lied; Fassung am Gesangbuch gegenlesen";"Keine Noten übernehmen; Rechteinhaber/Verlag anfragen oder verzichten."
454;Auf und macht die Herzen weit;Johann Christoph Hampe (1950) , Helmut Kornemann (1972);China , Paul Ernst Ruppel;China , Paul Ernst Ruppel;Angabe in eg_lieder.json;nein;geschuetzt;"Johann Christoph Hampe (1913–1990, Wikidata Q17322575); Helmut Kornemann (Werkjahr 1972)";geschuetzt;"China (ohne Jahr, Urheber nicht ermittelt); Paul Ernst Ruppel (1913–2006, Wikidata Q2059450)";6;;;0;Wikimedia Commons (MIDI, Peter Gerloff);https://commons.wikimedia.org/wiki/File%3AAuf_und_macht_die_Herzen_weit.mid;MIDI;"mehrstimmiger Satz; Melodie in der Oberstimme";CC0;nicht ohne Lizenz (Melodie geschützt);"laut Dateibeschreibung zum EG-Lied; Fassung am Gesangbuch gegenlesen";"Keine Noten übernehmen; Rechteinhaber/Verlag anfragen oder verzichten."
455;Morgenlicht leuchtet;Jürgen Henkys (1987);Schottisches Volkslied;Schottisches Volkslied;Angabe in eg_lieder.json;nein;geschuetzt;Jürgen Henkys (1929–2015, Wikidata Q110422);ungeklaert;Schottisches Volkslied (ohne Jahr, Urheber nicht ermittelt);5;Morning Has Broken;265626658;0;Wikimedia Commons (MIDI, Peter Gerloff);https://commons.wikimedia.org/wiki/File%3AMorgenlicht_leuchtet_%28Morning_has_broken%29.mid;MIDI;"mehrstimmiger Satz; Melodie in der Oberstimme";CC0;ungeklärt;"laut Dateibeschreibung zum EG-Lied; Fassung am Gesangbuch gegenlesen";Urheber und Sterbejahr der Melodie klären, erst dann Quelle prüfen.
456;Vom Aufgang der Sonne bis zu ihrem Niedergang (Kanon);Aus der Bibel;Paul Ernst Ruppel (1937);Paul Ernst Ruppel (1937);Angabe in eg_lieder.json;ja;ungeklaert;Aus der Bibel (ohne Jahr, Urheber nicht ermittelt);geschuetzt;Paul Ernst Ruppel (1913–2006, Wikidata Q2059450);5;;;0;;;;;;nicht ohne Lizenz (Melodie geschützt);;"Keine Noten übernehmen; Rechteinhaber/Verlag anfragen oder verzichten."
457;Der Tag ist seiner Höhe nah;Jochen Klepper (1938);Johannes Petzold (1940) , Fritz Werner (1949);Johannes Petzold (1940) , Fritz Werner (1949);Angabe in eg_lieder.json;ja;gemeinfrei;Jochen Klepper (1903–1942, Wikidata Q76329);geschuetzt;"Johannes Petzold (1912–1985, Wikidata Q1698147); Fritz Werner (1898–1977, Wikidata Q90717 oder 1892–1978, Wikidata Q41335168)";2;;;0;;;;;;nicht ohne Lizenz (Melodie geschützt);;"Keine Noten übernehmen; Rechteinhaber/Verlag anfragen oder verzichten."
458;Wir danken Gott für seine Gaben;Erasmus Alber (1537);Nun danket Gott, erhebt und preiset;Pierre Davantés (1562);Verweis auf EG 290;ja;gemeinfrei;Erasmus Alber (1500–1553, Wikidata Q68091);gemeinfrei;Pierre Davantés (1525–1561, Wikidata Q2093375);1;;;0;;;;;;Melodie gemeinfrei, Notenquelle fehlt;;Melodie aus gemeinfreiem Gesangbuchdruck (z. B. Zahn) selbst setzen.
459;Die Sonn hoch an dem Himmel steht;Ambrosius Lobwasser (1579);Johann Crüger (1640);Johann Crüger (1640);Angabe in eg_lieder.json;ja;gemeinfrei;Ambrosius Lobwasser (Werkjahr 1579);gemeinfrei;Johann Crüger (1598–1662, Wikidata Q158097);1;;;0;;;;;;Melodie gemeinfrei, Notenquelle fehlt;;Melodie aus gemeinfreiem Gesangbuchdruck (z. B. Zahn) selbst setzen.
460;Lobet den Herren und dankt ihm seine Gaben;Bartholomäus Ringwaldt (1586);Johann Crüger (1640);Johann Crüger (1640);Angabe in eg_lieder.json;ja;gemeinfrei;Bartholomäus Ringwaldt (1530–1599, Wikidata Q67820);gemeinfrei;Johann Crüger (1598–1662, Wikidata Q158097);1;;;0;;;;;;Melodie gemeinfrei, Notenquelle fehlt;;Melodie aus gemeinfreiem Gesangbuchdruck (z. B. Zahn) selbst setzen.
461;Aller Augen warten auf dich, Herre;Aus der Bibel;Heinrich Schütz (1657);Heinrich Schütz (1657);Angabe in eg_lieder.json;ja;ungeklaert;Aus der Bibel (ohne Jahr, Urheber nicht ermittelt);gemeinfrei;Heinrich Schütz (1585–1672, Wikidata Q153643);3;;;0;;;;;;Melodie gemeinfrei, Notenquelle fehlt;;Melodie aus gemeinfreiem Gesangbuchdruck (z. B. Zahn) selbst setzen.
462;Wir danken dir, Herr Jesu Christ, dass du unser Gast gewesen bist;Albert Knapp (1837);Johannes Eccard (1597);Johannes Eccard (1597);Angabe in eg_lieder.json;ja;gemeinfrei;Albert Knapp (1798–1864, Wikidata Q70265);gemeinfrei;Johannes Eccard (1553–1611, Wikidata Q61582);1;;;0;;;;;;Melodie gemeinfrei, Notenquelle fehlt;;Melodie aus gemeinfreiem Gesangbuchdruck (z. B. Zahn) selbst setzen.
463;Alle guten Gaben;überliefert;Paul Ernst Ruppel (1952);Paul Ernst Ruppel (1952);Angabe in eg_lieder.json;ja;ungeklaert;überliefert (ohne Jahr, Urheber nicht ermittelt);geschuetzt;Paul Ernst Ruppel (1913–2006, Wikidata Q2059450);5;;;0;;;;;;nicht ohne Lizenz (Melodie geschützt);;"Keine Noten übernehmen; Rechteinhaber/Verlag anfragen oder verzichten."
464;Herr, gib uns unser täglich Brot;Edwin Nievergelt (1979);Loys Bourgeois (1551);Loys Bourgeois (1551);Angabe in eg_lieder.json;nein;geschuetzt;Edwin Nievergelt (1917–2010, Wikidata Q23303634);gemeinfrei;Loys Bourgeois (1510–1560, Wikidata Q493014);3;;;0;Wikimedia Commons (MIDI, Peter Gerloff);https://commons.wikimedia.org/wiki/File%3ALobt_Gott%2C_den_Herrn_der_Herrlichkeit.mid;MIDI;"mehrstimmiger Satz; Melodie in der Oberstimme";CC0;frei integrierbar;"laut Dateibeschreibung zum EG-Lied; Fassung am Gesangbuch gegenlesen";Melodie aus der MIDI-Oberstimme als ABC setzen, an EG-Fassung gegenlesen.
465;Komm, Herr Jesu, sei du unser Gast (Kanon);Johann Conrad Quensen (1698);überliefert;überliefert;Angabe in eg_lieder.json;ja;gemeinfrei;Johann Conrad Quensen (Werkjahr 1698);ungeklaert;überliefert (ohne Jahr, Urheber nicht ermittelt);2;;;0;;;;;;ungeklärt;;Urheber und Sterbejahr der Melodie klären, erst dann Quelle prüfen.
466;Segne, Herr, was deine Hand (Kanon);überliefert;Paul Ernst Ruppel (1951);Paul Ernst Ruppel (1951);Angabe in eg_lieder.json;ja;ungeklaert;überliefert (ohne Jahr, Urheber nicht ermittelt);geschuetzt;Paul Ernst Ruppel (1913–2006, Wikidata Q2059450);5;;;0;;;;;;nicht ohne Lizenz (Melodie geschützt);;"Keine Noten übernehmen; Rechteinhaber/Verlag anfragen oder verzichten."
467;Hinunter ist der Sonne Schein;Nikolaus Herman (1560);Melchior Vulpius (1609);Melchior Vulpius (1609);Angabe in eg_lieder.json;ja;gemeinfrei;Nikolaus Herman (1500–1561, Wikidata Q71706);gemeinfrei;Melchior Vulpius (1570–1615, Wikidata Q702277);1;;;0;Wikimedia Commons (MIDI, Peter Gerloff);https://commons.wikimedia.org/wiki/File%3AHinunter_ist_der_Sonne_Schein.mid;MIDI;"mehrstimmiger Satz; Melodie in der Oberstimme";CC0;frei integrierbar;"laut Dateibeschreibung zum EG-Lied; Fassung am Gesangbuch gegenlesen";Melodie aus der MIDI-Oberstimme als ABC setzen, an EG-Fassung gegenlesen.
468;Ach lieber Herre Jesu Christ, weil du ein Kind gewesen bist;Heinrich von Laufenberg (1430);Straßburg (1430);Straßburg (1430);Angabe in eg_lieder.json;ja;gemeinfrei;Heinrich von Laufenberg (1391–1460, Wikidata Q18348968);gemeinfrei;Straßburg (Werkjahr 1430);1;;;0;Wikimedia Commons (MIDI, Peter Gerloff);https://commons.wikimedia.org/wiki/File%3AAch_lieber_Herre_Jesu_Christ.mid;MIDI;"mehrstimmiger Satz; Melodie in der Oberstimme";CC0;frei integrierbar;nicht geprüft;Melodie aus der MIDI-Oberstimme als ABC setzen, an EG-Fassung gegenlesen.
469;Christe, du bist der helle Tag;Erasmus Alber (1536);Frankfurt (1557) , Cyriakus Spangenberg (1568);Frankfurt (1557) , Cyriakus Spangenberg (1568);Angabe in eg_lieder.json;ja;gemeinfrei;Erasmus Alber (1500–1553, Wikidata Q68091);gemeinfrei;"Frankfurt (Werkjahr 1557); Cyriakus Spangenberg (1528–1604, Wikidata Q96686)";1;;;0;Wikimedia Commons (MIDI, Peter Gerloff);https://commons.wikimedia.org/wiki/File%3AChriste%2C_du_bist_der_helle_Tag.mid;MIDI;"mehrstimmiger Satz; Melodie in der Oberstimme";CC0;frei integrierbar;"laut Dateibeschreibung zum EG-Lied; Fassung am Gesangbuch gegenlesen";Melodie aus der MIDI-Oberstimme als ABC setzen, an EG-Fassung gegenlesen.
470;Der du bist drei in Einigkeit;Martin Luther (1543);Straßburg (1543);Straßburg (1543);Angabe in eg_lieder.json;ja;gemeinfrei;Martin Luther (1483–1546, Wikidata Q9554);gemeinfrei;Straßburg (Werkjahr 1543);1;;;0;Wikimedia Commons (MIDI, Peter Gerloff);https://commons.wikimedia.org/wiki/File%3ADer_du_bist_drei_in_Einigkeit.mid;MIDI;"mehrstimmiger Satz; Melodie in der Oberstimme";CC0;frei integrierbar;"laut Dateibeschreibung zum EG-Lied; Fassung am Gesangbuch gegenlesen";Melodie aus der MIDI-Oberstimme als ABC setzen, an EG-Fassung gegenlesen.
471;Die Nacht ist kommen;Petrus Herbert (1566);Böhmische Brüder (1566) , Johann Hermann Schein (1627);Böhmische Brüder (1566) , Johann Hermann Schein (1627);Angabe in eg_lieder.json;ja;gemeinfrei;Petrus Herbert (1533–1571, Wikidata Q1793268);gemeinfrei;"Böhmische Brüder (Werkjahr 1566); Johann Hermann Schein (Werkjahr 1627)";1;Die Nacht ist kommen, drin wir ruhen sollen;263603163;0;;;;;;Melodie gemeinfrei, Notenquelle fehlt;;Melodie aus gemeinfreiem Gesangbuchdruck (z. B. Zahn) selbst setzen.
472;Der Tag hat sich geneiget;Greifswald (1597);Ich freu mich in dem Herren aus meines Herzens Grund;Bartholomäus Helder (1630);Verweis auf EG 349;ja;gemeinfrei;Greifswald (Werkjahr 1597);gemeinfrei;Bartholomäus Helder (1585–1635, Wikidata Q28525785);1;;;0;Wikimedia Commons (MIDI, Peter Gerloff);https://commons.wikimedia.org/wiki/File%3AIch_freu_mich_in_dem_Herren.mid;MIDI;"mehrstimmiger Satz; Melodie in der Oberstimme";CC0;frei integrierbar;"gleiche Melodie laut Melodieverweis; Textverteilung prüfen";Melodie aus der MIDI-Oberstimme als ABC setzen, an EG-Fassung gegenlesen.
473;Mein schönste Zier und Kleinod bist;Johannes Eccard (1598);Leipzig (1573) , Nürnberg (1581) , Seth Calvisius (1594);Leipzig (1573) , Nürnberg (1581) , Seth Calvisius (1594);Angabe in eg_lieder.json;ja;gemeinfrei;Johannes Eccard (1553–1611, Wikidata Q61582);gemeinfrei;"Leipzig (Werkjahr 1573); Nürnberg (Werkjahr 1581); Seth Calvisius (1556–1615, Wikidata Q65356)";1;;;0;Wikimedia Commons (MIDI, Peter Gerloff);https://commons.wikimedia.org/wiki/File%3AMein_sch%C3%B6nste_Zier_und_Kleinod.mid;MIDI;"mehrstimmiger Satz; Melodie in der Oberstimme";Public domain;frei integrierbar;"laut Dateibeschreibung zum EG-Lied; Fassung am Gesangbuch gegenlesen";Melodie aus der MIDI-Oberstimme als ABC setzen, an EG-Fassung gegenlesen.
474;Mit meinem Gott geh ich zur Ruh;Cornelius Becker (1602) , Breslau (1690);Mein schönste Zier und Kleinod bist;Leipzig (1573) , Nürnberg (1581) , Seth Calvisius (1594);Verweis auf EG 473;ja;gemeinfrei;"Cornelius Becker (1561–1604, Wikidata Q77472); Breslau (Werkjahr 1690)";gemeinfrei;"Leipzig (Werkjahr 1573); Nürnberg (Werkjahr 1581); Seth Calvisius (1556–1615, Wikidata Q65356)";1;;;0;Wikimedia Commons (MIDI, Peter Gerloff);https://commons.wikimedia.org/wiki/File%3AMein_sch%C3%B6nste_Zier_und_Kleinod.mid;MIDI;"mehrstimmiger Satz; Melodie in der Oberstimme";Public domain;frei integrierbar;"gleiche Melodie laut Melodieverweis; Textverteilung prüfen";Melodie aus der MIDI-Oberstimme als ABC setzen, an EG-Fassung gegenlesen.
475;Werde munter, mein Gemüte;Johann Rist (1642);Johann Schop (1642) , Böhmische Brüder (1661);Johann Schop (1642) , Böhmische Brüder (1661);Angabe in eg_lieder.json;ja;gemeinfrei;Johann Rist (1607–1667, Wikidata Q66615);gemeinfrei;"Johann Schop (1590–1667, Wikidata Q657445); Böhmische Brüder (Werkjahr 1661)";1;;;0;Wikimedia Commons (MIDI, Peter Gerloff);https://commons.wikimedia.org/wiki/File%3AWerde_munter%2C_mein_Gem%C3%BCte.mid;MIDI;"mehrstimmiger Satz; Melodie in der Oberstimme";CC0;frei integrierbar;"laut Dateibeschreibung zum EG-Lied; Fassung am Gesangbuch gegenlesen";Melodie aus der MIDI-Oberstimme als ABC setzen, an EG-Fassung gegenlesen.
476;Die Sonn hat sich mit ihrem Glanz gewendet;Otto von Schwerin (1647);Guillaume Franc (1542) , Loys Bourgeois (1551);Guillaume Franc (1542) , Loys Bourgeois (1551);Angabe in eg_lieder.json;ja;gemeinfrei;Otto von Schwerin (Werkjahr 1647);gemeinfrei;"Guillaume Franc (1515–1570, Wikidata Q1423270); Loys Bourgeois (1510–1560, Wikidata Q493014)";1;;;0;;;;;;Melodie gemeinfrei, Notenquelle fehlt;;Melodie aus gemeinfreiem Gesangbuchdruck (z. B. Zahn) selbst setzen.
477;Nun ruhen alle Wälder;Paul Gerhardt (1647);O Welt, ich muss dich lassen;Heinrich Isaak (1490);Verweis auf EG 521;ja;gemeinfrei;Paul Gerhardt (1607–1676, Wikidata Q76331);gemeinfrei;Heinrich Isaak (1450–1517, Wikidata Q316668);1;Nun ruhen alle Wälder;263850191;1;Wikimedia Commons (MIDI, Peter Gerloff);https://commons.wikimedia.org/wiki/File%3AO_Welt%2C_ich_muss_dich_lassen.mid;MIDI;"mehrstimmiger Satz; Melodie in der Oberstimme";CC0;frei integrierbar;"laut Dateibeschreibung zum EG-Lied; Fassung am Gesangbuch gegenlesen";Melodie aus der MIDI-Oberstimme als ABC setzen, an EG-Fassung gegenlesen.
478;Nun sich der Tag geendet hat;Adam Krieger (1665) , Johann Friedrich Herzog (1692) , Leipzig (1693);Adam Krieger (1656) , Meiningen (1693);Adam Krieger (1656) , Meiningen (1693);Angabe in eg_lieder.json;ja;gemeinfrei;"Adam Krieger (1634–1666, Wikidata Q350221); Johann Friedrich Herzog (1647–1699, Wikidata Q1693575); Leipzig (Werkjahr 1693)";gemeinfrei;"Adam Krieger (1634–1666, Wikidata Q350221); Meiningen (Werkjahr 1693)";1;;;0;Wikimedia Commons (MIDI, Peter Gerloff);https://commons.wikimedia.org/wiki/File%3ANun_sich_der_Tag_geendet_hat.mid;MIDI;"mehrstimmiger Satz; Melodie in der Oberstimme";CC0;frei integrierbar;"laut Dateibeschreibung zum EG-Lied; Fassung am Gesangbuch gegenlesen";Melodie aus der MIDI-Oberstimme als ABC setzen, an EG-Fassung gegenlesen.
479;Der lieben Sonne Licht und Pracht;Christian Scriver (1684);Halle (1704) , Georg Philipp Telemann (1730) , Leipzig (1736);Halle (1704) , Georg Philipp Telemann (1730) , Leipzig (1736);Angabe in eg_lieder.json;ja;gemeinfrei;Christian Scriver (1629–1693, Wikidata Q73764);gemeinfrei;"Halle (Werkjahr 1704); Georg Philipp Telemann (1681–1767, Wikidata Q75854); Leipzig (Werkjahr 1736)";1;;;0;Wikimedia Commons (MIDI, Peter Gerloff);https://commons.wikimedia.org/wiki/File%3ADer_lieben_Sonne_Licht_und_Pracht.mid;MIDI;"mehrstimmiger Satz; Melodie in der Oberstimme";CC0;frei integrierbar;"laut Dateibeschreibung zum EG-Lied; Fassung am Gesangbuch gegenlesen";Melodie aus der MIDI-Oberstimme als ABC setzen, an EG-Fassung gegenlesen.
480;Nun schläfet man;Gerhard Tersteegen (1745);Christian Clodius (1669);Christian Clodius (1669);Angabe in eg_lieder.json;ja;gemeinfrei;Gerhard Tersteegen (1697–1769, Wikidata Q67283);gemeinfrei;Christian Clodius (Werkjahr 1669);1;;;0;Wikimedia Commons (MIDI, Peter Gerloff);https://commons.wikimedia.org/wiki/File%3ANun_schl%C3%A4fet_man.mid;MIDI;"mehrstimmiger Satz; Melodie in der Oberstimme";CC0;frei integrierbar;"laut Dateibeschreibung zum EG-Lied; Fassung am Gesangbuch gegenlesen";Melodie aus der MIDI-Oberstimme als ABC setzen, an EG-Fassung gegenlesen.
481;Nun sich der Tag geendet;Gerhard Tersteegen (1745);Nun ruhen alle Wälder;O Welt, ich muss dich lassen;Verweis auf EG 477;ja;gemeinfrei;Gerhard Tersteegen (1697–1769, Wikidata Q67283);ungeklaert;O Welt, ich muss dich lassen (ohne Jahr, Urheber nicht ermittelt);2;;;0;Wikimedia Commons (MIDI, Peter Gerloff);https://commons.wikimedia.org/wiki/File%3AO_Welt%2C_ich_muss_dich_lassen.mid;MIDI;"mehrstimmiger Satz; Melodie in der Oberstimme";CC0;ungeklärt;"gleiche Melodie laut Melodieverweis; Textverteilung prüfen";Urheber und Sterbejahr der Melodie klären, erst dann Quelle prüfen.
482;Der Mond ist aufgegangen (Abendlied);Matthias Claudius (1779);Johann Abraham Peter Schulz (1790);Johann Abraham Peter Schulz (1790);Angabe in eg_lieder.json;ja;gemeinfrei;Matthias Claudius (1740–1815, Wikidata Q77338);gemeinfrei;Johann Abraham Peter Schulz (1747–1800, Wikidata Q706221);1;Abendlied (Matthias Claudius);267877595;1;Wikimedia Commons (MIDI, Peter Gerloff);https://commons.wikimedia.org/wiki/File%3ADer_Mond_ist_aufgegangen.mid;MIDI;"mehrstimmiger Satz; Melodie in der Oberstimme";CC0;frei integrierbar;"laut Dateibeschreibung zum EG-Lied; Fassung am Gesangbuch gegenlesen";Melodie aus der MIDI-Oberstimme als ABC setzen, an EG-Fassung gegenlesen.
483;Herr, bleibe bei uns (Kanon);Aus der Bibel;Albert Thate (1935);Albert Thate (1935);Angabe in eg_lieder.json;ja;ungeklaert;Aus der Bibel (ohne Jahr, Urheber nicht ermittelt);geschuetzt;Albert Thate (1903–1982, Wikidata Q1547192);5;;;0;;;;;;nicht ohne Lizenz (Melodie geschützt);;"Keine Noten übernehmen; Rechteinhaber/Verlag anfragen oder verzichten."
484;Müde bin ich, geh zur Ruh;Luise Hensel (1817);Böhmische Brüder (1541) , Theodor Fliedner (1842);Böhmische Brüder (1541) , Theodor Fliedner (1842);Angabe in eg_lieder.json;ja;gemeinfrei;Luise Hensel (1798–1876, Wikidata Q91828 oder 1764–1835, Wikidata Q94752692);gemeinfrei;"Böhmische Brüder (Werkjahr 1541); Theodor Fliedner (1800–1864, Wikidata Q77814)";1;Müde bin ich, geh zur Ruh;244506617;0;Wikimedia Commons (MIDI, Peter Gerloff);https://commons.wikimedia.org/wiki/File%3AM%C3%BCde_bin_ich%2C_geh_zur_Ruh.mid;MIDI;"mehrstimmiger Satz; Melodie in der Oberstimme";CC0;frei integrierbar;"laut Dateibeschreibung zum EG-Lied; Fassung am Gesangbuch gegenlesen";Melodie aus der MIDI-Oberstimme als ABC setzen, an EG-Fassung gegenlesen.
485;Du Schöpfer aller Wesen;Otto Riethmüller (1934);Otto Riethmüller (1934);Otto Riethmüller (1934);Angabe in eg_lieder.json;ja;gemeinfrei;Otto Riethmüller (1889–1938, Wikidata Q2040313);gemeinfrei;Otto Riethmüller (1889–1938, Wikidata Q2040313);1;;;0;Wikimedia Commons (MIDI, Peter Gerloff);https://commons.wikimedia.org/wiki/File%3ADu_Sch%C3%B6pfer_aller_Wesen.mid;MIDI;"mehrstimmiger Satz; Melodie in der Oberstimme";CC0;frei integrierbar;"laut Dateibeschreibung zum EG-Lied; Fassung am Gesangbuch gegenlesen";Melodie aus der MIDI-Oberstimme als ABC setzen, an EG-Fassung gegenlesen.
486;Ich liege, Herr, in deiner Hut;Jochen Klepper (1938);Siegfried Rams , Willy Burkhard (1939) , Horst Gösch (1946) , Fritz Werner (1951);Siegfried Rams , Willy Burkhard (1939) , Horst Gösch (1946) , Fritz Werner (1951);Angabe in eg_lieder.json;ja;gemeinfrei;Jochen Klepper (1903–1942, Wikidata Q76329);geschuetzt;"Siegfried Rams (ohne Jahr, Urheber nicht ermittelt); Willy Burkhard (1900–1955, Wikidata Q370938); Horst Gösch (1946, Urheber nicht ermittelt); Fritz Werner (1898–1977, Wikidata Q90717 oder 1892–1978, Wikidata Q41335168)";2;;;0;;;;;;nicht ohne Lizenz (Melodie geschützt);;"Keine Noten übernehmen; Rechteinhaber/Verlag anfragen oder verzichten."
487;Abend ward, bald kommt die Nacht;Rudolf Alexander Schröder (1942);Samuel Rothenberg (1948);Samuel Rothenberg (1948);Angabe in eg_lieder.json;nein;geschuetzt;Rudolf Alexander Schröder (1878–1962, Wikidata Q76332);geschuetzt;Samuel Rothenberg (1910–1997, Wikidata Q2218805);6;;;0;;;;;;nicht ohne Lizenz (Melodie geschützt);;"Keine Noten übernehmen; Rechteinhaber/Verlag anfragen oder verzichten."
488;Bleib bei mir, Herr, der Abend bricht herein;Theodor Werner (1952);Abide With Me (Eventide);William Henry Monk (1861);manuell (manual_overrides.json);ja;geschuetzt;Theodor Werner (1874–1957, Wikidata Q1305135 oder 1892–1973, Wikidata Q16857482);gemeinfrei;William Henry Monk (1823–1899, Wikidata Q5991718);3;;;0;Wikimedia Commons (MIDI, Peter Gerloff);https://commons.wikimedia.org/wiki/File%3ABleibe_bei_uns.mid;MIDI;"mehrstimmiger Satz; Melodie in der Oberstimme";CC0;frei integrierbar;"laut Dateibeschreibung zum EG-Lied; Fassung am Gesangbuch gegenlesen";Melodie aus der MIDI-Oberstimme als ABC setzen, an EG-Fassung gegenlesen.
489;Gehe ein in deinen Frieden;Helmut König (1957) , Christine Heuser (1966);Daniel Samburski (1935);Daniel Samburski (1935);Angabe in eg_lieder.json;nein;geschuetzt;"Helmut König (1930–2021, Wikidata Q109169 oder 1896–1961, Wikidata Q110970372); Christine Heuser (1930–, Wikidata Q95209928)";geschuetzt;Daniel Samburski (1909–1977, Wikidata Q12405863);6;;;0;;;;;;nicht ohne Lizenz (Melodie geschützt);;"Keine Noten übernehmen; Rechteinhaber/Verlag anfragen oder verzichten."
490;Der Tag ist um, die Nacht kehrt wieder;Gertrud Hüssy (1924) , Karl Albrecht Höppl (1958) , Günter Balders (1976);Guillaume Franc (1543);Guillaume Franc (1543);Angabe in eg_lieder.json;nein;geschuetzt;"Gertrud Hüssy (1897–1985, Wikidata Q124047327); Karl Albrecht Höppl (Werkjahr 1958); Günter Balders (1942–, Wikidata Q1560299)";gemeinfrei;Guillaume Franc (1515–1570, Wikidata Q1423270);3;The day Thou gavest, Lord, is ended;264038623;0;Wikimedia Commons (MIDI, Peter Gerloff);https://commons.wikimedia.org/wiki/File%3AO_dass_doch_bald_dein_Feuer_brennte.mid;MIDI;"mehrstimmiger Satz; Melodie in der Oberstimme";CC0;frei integrierbar;"laut Dateibeschreibung zum EG-Lied; Fassung am Gesangbuch gegenlesen";Melodie aus der MIDI-Oberstimme als ABC setzen, an EG-Fassung gegenlesen.
491;Bevor die Sonne sinkt;Kurt Rommel (1965) , Christa Weiss (1967);Kurt Schmid (1967) , Martin Striebel (1967) , Rolf Schweizer (1974);Kurt Schmid (1967) , Martin Striebel (1967) , Rolf Schweizer (1974);Angabe in eg_lieder.json;nein;geschuetzt;"Kurt Rommel (1926–2011, Wikidata Q77859); Christa Weiss (Werkjahr 1967)";geschuetzt;"Kurt Schmid (1954–, Wikidata Q136593738); Martin Striebel (1929–2008, Wikidata Q61942038); Rolf Schweizer (1936–2016, Wikidata Q2163804)";6;;;0;;;;;;nicht ohne Lizenz (Melodie geschützt);;"Keine Noten übernehmen; Rechteinhaber/Verlag anfragen oder verzichten."
492;Ruhet von des Tages Müh (Kanon);Martin Hesekiel (1931);Martin Hesekiel (1931);Martin Hesekiel (1931);Angabe in eg_lieder.json;ja;geschuetzt;Martin Hesekiel (1912–2003, Wikidata Q73039461);geschuetzt;Martin Hesekiel (1912–2003, Wikidata Q73039461);6;;;0;;;;;;nicht ohne Lizenz (Melodie geschützt);;"Keine Noten übernehmen; Rechteinhaber/Verlag anfragen oder verzichten."
493;Eine ruhige Nacht und ein seliges Ende (Kanon);Franziskanisches Stundenbuch;Christian Lahusen (1948);Christian Lahusen (1948);Angabe in eg_lieder.json;ja;ungeklaert;Franziskanisches Stundenbuch (ohne Jahr, Urheber nicht ermittelt);geschuetzt;Christian Lahusen (1886–1975, Wikidata Q15428001);5;;;0;;;;;;nicht ohne Lizenz (Melodie geschützt);;"Keine Noten übernehmen; Rechteinhaber/Verlag anfragen oder verzichten."
494;In Gottes Namen fang ich an;Salomon Liscow (1674);Sei Lob und Ehr dem höchsten Gut;Mainz (1390) , Nürnberg (1523) , Wittenberg (1535) , Guillaume Franc (1543) , Loys Bourgeois (1551) , Johann Crüger (1653);Verweis auf EG 326;ja;gemeinfrei;Salomon Liscow (Werkjahr 1674);gemeinfrei;"Mainz (Werkjahr 1390); Nürnberg (Werkjahr 1523); Wittenberg (Werkjahr 1535); Guillaume Franc (1515–1570, Wikidata Q1423270); Loys Bourgeois (1510–1560, Wikidata Q493014); Johann Crüger (1598–1662, Wikidata Q158097)";1;;;0;Wikimedia Commons (MIDI, Peter Gerloff);https://commons.wikimedia.org/wiki/File%3ASei_Lob_und_Ehr_dem_h%C3%B6chsten_Gut.mid;MIDI;"mehrstimmiger Satz; Melodie in der Oberstimme";CC0;frei integrierbar;"laut Dateibeschreibung zum EG-Lied; Fassung am Gesangbuch gegenlesen";Melodie aus der MIDI-Oberstimme als ABC setzen, an EG-Fassung gegenlesen.
495;O Gott, du frommer Gott;Johann Heermann (1630);Adam Krieger (1657) , Ahasverus Fritsch (1679) , Meiningen (1693);Adam Krieger (1657) , Ahasverus Fritsch (1679) , Meiningen (1693);Angabe in eg_lieder.json;ja;gemeinfrei;Johann Heermann (1585–1647, Wikidata Q65603);gemeinfrei;"Adam Krieger (1634–1666, Wikidata Q350221); Ahasverus Fritsch (1629–1701, Wikidata Q85638); Meiningen (Werkjahr 1693)";1;;;0;Wikimedia Commons (MIDI, Peter Gerloff);https://commons.wikimedia.org/wiki/File%3AO_Gott%2C_du_frommer_Gott_%28II%29.mid | https://commons.wikimedia.org/wiki/File%3AO_Gott%2C_du_frommer_Gott_%28III%29.mid | https://commons.wikimedia.org/wiki/File%3AO_Gott%2C_du_frommer_Gott.mid;MIDI;"mehrstimmiger Satz; Melodie in der Oberstimme";CC0;frei integrierbar;"laut Dateibeschreibung zum EG-Lied; Fassung am Gesangbuch gegenlesen";Melodie aus der MIDI-Oberstimme als ABC setzen, an EG-Fassung gegenlesen.
496;Lass dich, Herr Jesu Christ, durch mein Gebet bewegen;Johann Heermann (1630);O Gott, du frommer Gott;Adam Krieger (1657) , Ahasverus Fritsch (1679) , Meiningen (1693);Verweis auf EG 495;ja;gemeinfrei;Johann Heermann (1585–1647, Wikidata Q65603);gemeinfrei;"Adam Krieger (1634–1666, Wikidata Q350221); Ahasverus Fritsch (1629–1701, Wikidata Q85638); Meiningen (Werkjahr 1693)";1;;;0;Wikimedia Commons (MIDI, Peter Gerloff);https://commons.wikimedia.org/wiki/File%3AO_Gott%2C_du_frommer_Gott_%28II%29.mid | https://commons.wikimedia.org/wiki/File%3AO_Gott%2C_du_frommer_Gott.mid;MIDI;"mehrstimmiger Satz; Melodie in der Oberstimme";CC0;frei integrierbar;"gleiche Melodie laut Melodieverweis; Textverteilung prüfen";Melodie aus der MIDI-Oberstimme als ABC setzen, an EG-Fassung gegenlesen.
497;Ich weiß, mein Gott, dass all mein Tun;Paul Gerhardt (1653);Dresden (1608);Dresden (1608);Angabe in eg_lieder.json;ja;gemeinfrei;Paul Gerhardt (1607–1676, Wikidata Q76331);gemeinfrei;Dresden (Werkjahr 1608);1;;;0;;;;;;Melodie gemeinfrei, Notenquelle fehlt;;Melodie aus gemeinfreiem Gesangbuchdruck (z. B. Zahn) selbst setzen.
498;In Gottes Namen fahren wir;Nikolaus Herman;Erfurt (1524);Erfurt (1524);Angabe in eg_lieder.json;ja;gemeinfrei;Nikolaus Herman (1500–1561, Wikidata Q71706);gemeinfrei;Erfurt (Werkjahr 1524);1;;;0;Wikimedia Commons (MIDI, Peter Gerloff);https://commons.wikimedia.org/wiki/File%3ADies_sind_die_heilgen_zehn_Gebot_%28Leittonversion%29.mid | https://commons.wikimedia.org/wiki/File%3AIn_Gottes_Namen_fahren_wir_%28EG%29.mid;MIDI;"mehrstimmiger Satz; Melodie in der Oberstimme";CC0;frei integrierbar;"laut Dateibeschreibung zum EG-Lied; Fassung am Gesangbuch gegenlesen";Melodie aus der MIDI-Oberstimme als ABC setzen, an EG-Fassung gegenlesen.
499;Erd und Himmel sollen singen;Paul Ernst Ruppel (1956) , Paul Stein (1961);Paul Ernst Ruppel (1956);Paul Ernst Ruppel (1956);Angabe in eg_lieder.json;nein;geschuetzt;"Paul Ernst Ruppel (1913–2006, Wikidata Q2059450); Paul Stein (Werkjahr 1961)";geschuetzt;Paul Ernst Ruppel (1913–2006, Wikidata Q2059450);6;;;0;Wikimedia Commons (MIDI, Peter Gerloff);https://commons.wikimedia.org/wiki/File%3AErd_und_Himmel_sollen_singen.mid;MIDI;"mehrstimmiger Satz; Melodie in der Oberstimme";CC0;nicht ohne Lizenz (Melodie geschützt);"laut Dateibeschreibung zum EG-Lied; Fassung am Gesangbuch gegenlesen";"Keine Noten übernehmen; Rechteinhaber/Verlag anfragen oder verzichten."
500;Lobt Gott in allen Landen;Martin Behm (1606);Herzlich tut mich erfreuen;Wittenberg (1545);Verweis auf EG 148;ja;gemeinfrei;Martin Behm (1557–1622, Wikidata Q106112);gemeinfrei;Wittenberg (Werkjahr 1545);1;;;0;Wikimedia Commons (MIDI, Peter Gerloff);https://commons.wikimedia.org/wiki/File%3AHerzlich_tut_mich_erfreuen.mid;MIDI;"mehrstimmiger Satz; Melodie in der Oberstimme";CC0;frei integrierbar;"gleiche Melodie laut Melodieverweis; Textverteilung prüfen";Melodie aus der MIDI-Oberstimme als ABC setzen, an EG-Fassung gegenlesen.
501;Wie lieblich ist der Maien;Martin Behm (1606);Johann Steuerlein (1575) , Nürnberg (1581);Johann Steuerlein (1575) , Nürnberg (1581);Angabe in eg_lieder.json;ja;gemeinfrei;Martin Behm (1557–1622, Wikidata Q106112);gemeinfrei;"Johann Steuerlein (Werkjahr 1575); Nürnberg (Werkjahr 1581)";1;Wie lieblich ist der Maien;266893260;0;Wikimedia Commons (MIDI, Peter Gerloff);https://commons.wikimedia.org/wiki/File%3AWie_lieblich_ist_der_Maien.mid;MIDI;"mehrstimmiger Satz; Melodie in der Oberstimme";CC0;frei integrierbar;"laut Dateibeschreibung zum EG-Lied; Fassung am Gesangbuch gegenlesen";Melodie aus der MIDI-Oberstimme als ABC setzen, an EG-Fassung gegenlesen.
502;Nun preiset alle Gottes Barmherzigkeit;Matthäus Apelles von Löwenstern (1644);Matthäus Apelles von Löwenstern (1644);Matthäus Apelles von Löwenstern (1644);Angabe in eg_lieder.json;ja;gemeinfrei;Matthäus Apelles von Löwenstern (Werkjahr 1644);gemeinfrei;Matthäus Apelles von Löwenstern (Werkjahr 1644);1;;;0;Wikimedia Commons (MIDI, Peter Gerloff);https://commons.wikimedia.org/wiki/File%3ANun_preiset_alle_Gottes_Barmherzigkeit.mid;MIDI;"mehrstimmiger Satz; Melodie in der Oberstimme";CC0;frei integrierbar;"laut Dateibeschreibung zum EG-Lied; Fassung am Gesangbuch gegenlesen";Melodie aus der MIDI-Oberstimme als ABC setzen, an EG-Fassung gegenlesen.
503;Geh aus, mein Herz und suche Freud;Paul Gerhardt (1653);Heut singt die liebe Christenheit;Nürnberg (1555);Verweis auf EG 143;ja;gemeinfrei;Paul Gerhardt (1607–1676, Wikidata Q76331);gemeinfrei;Nürnberg (Werkjahr 1555);1;Geh aus, mein Herz, und suche Freud;270891653;1;Wikimedia Commons (MIDI, Peter Gerloff);https://commons.wikimedia.org/wiki/File%3AGeh_aus%2C_mein_Herz%2C_und_suche_Freud.mid;MIDI;"mehrstimmiger Satz; Melodie in der Oberstimme";CC0;frei integrierbar;"laut Dateibeschreibung zum EG-Lied; Fassung am Gesangbuch gegenlesen";Melodie aus der MIDI-Oberstimme als ABC setzen, an EG-Fassung gegenlesen.
504;Himmel, Erde, Luft und Meer;Joachim Neander (1680);Georg Christoph Strattner (1691);Georg Christoph Strattner (1691);Angabe in eg_lieder.json;ja;gemeinfrei;Joachim Neander (1650–1680, Wikidata Q445967 oder 1614–1666, Wikidata Q94781497);gemeinfrei;Georg Christoph Strattner (1644–1704, Wikidata Q1503952);1;;;0;Wikimedia Commons (MIDI, Peter Gerloff);https://commons.wikimedia.org/wiki/File%3AHimmel%2C_Erde%2C_Luft_und_Meer.mid;MIDI;"mehrstimmiger Satz; Melodie in der Oberstimme";CC0;frei integrierbar;"laut Dateibeschreibung zum EG-Lied; Fassung am Gesangbuch gegenlesen";Melodie aus der MIDI-Oberstimme als ABC setzen, an EG-Fassung gegenlesen.
505;Die Ernt ist nun zu Ende;Gottfried Tollmann (1725);Aus meines Herzens Grunde;David Wolder (1598);Verweis auf EG 443;ja;gemeinfrei;Gottfried Tollmann (1680–1766, Wikidata Q1539482);gemeinfrei;David Wolder (Werkjahr 1598);1;;;0;Wikimedia Commons (MIDI, Peter Gerloff);https://commons.wikimedia.org/wiki/File%3AAus_meines_Herzens_Grunde.mid;MIDI;"mehrstimmiger Satz; Melodie in der Oberstimme";CC0;frei integrierbar;"laut Dateibeschreibung zum EG-Lied; Fassung am Gesangbuch gegenlesen";Melodie aus der MIDI-Oberstimme als ABC setzen, an EG-Fassung gegenlesen.
506;Wenn ich, o Schöpfer, deine Macht;Christian Fürchtegott Gellert (1757);Bis hierher hat mich Gott gebracht;Wittenberg (1535) , Peter Sohren (1668) , Halle (1704);Verweis auf EG 329;ja;gemeinfrei;Christian Fürchtegott Gellert (1715–1769, Wikidata Q60584);gemeinfrei;"Wittenberg (Werkjahr 1535); Peter Sohren (1630–1692, Wikidata Q2078395); Halle (Werkjahr 1704)";1;;;0;Wikimedia Commons (MIDI, Peter Gerloff);https://commons.wikimedia.org/wiki/File%3AWenn_ich%2C_o_Sch%C3%B6pfer%2C_deine_Macht.mid;MIDI;"mehrstimmiger Satz; Melodie in der Oberstimme";CC0;frei integrierbar;"laut Dateibeschreibung zum EG-Lied; Fassung am Gesangbuch gegenlesen";Melodie aus der MIDI-Oberstimme als ABC setzen, an EG-Fassung gegenlesen.
507;Himmels Au, licht und blau;Dresden (1766);Luxemburg (1847) , Paderborn (1852);Luxemburg (1847) , Paderborn (1852);Angabe in eg_lieder.json;ja;gemeinfrei;Dresden (Werkjahr 1766);ungeklaert;"Luxemburg (Werkjahr 1847); Paderborn (1852, Urheber nicht ermittelt)";4;Himmelsau, licht und blau;258047504;0;Wikimedia Commons (MIDI, Peter Gerloff);https://commons.wikimedia.org/wiki/File%3AHimmels_Au%2C_licht_und_blau.mid;MIDI;"mehrstimmiger Satz; Melodie in der Oberstimme";CC0;ungeklärt;"laut Dateibeschreibung zum EG-Lied; Fassung am Gesangbuch gegenlesen";Urheber und Sterbejahr der Melodie klären, erst dann Quelle prüfen.
508;Wir pflügen und wir streuen (Alle gute Gabe);Matthias Claudius (1783);Johann Abraham Peter Schulz (1790) , Hannover (1800);Johann Abraham Peter Schulz (1790) , Hannover (1800);Angabe in eg_lieder.json;ja;gemeinfrei;Matthias Claudius (1740–1815, Wikidata Q77338);gemeinfrei;"Johann Abraham Peter Schulz (1747–1800, Wikidata Q706221); Hannover (Werkjahr 1800)";1;Wir pflügen und wir streuen;249001809;0;Wikimedia Commons (MIDI, Peter Gerloff);https://commons.wikimedia.org/wiki/File%3AWir_pfl%C3%BCgen_und_wir_streuen.mid;MIDI;"mehrstimmiger Satz; Melodie in der Oberstimme";CC0;frei integrierbar;"laut Dateibeschreibung zum EG-Lied; Fassung am Gesangbuch gegenlesen";Melodie aus der MIDI-Oberstimme als ABC setzen, an EG-Fassung gegenlesen.
509;Kein Tierlein ist auf Erden;Clemens Brentaon (1815);Richard Rudolf Klein (1962);Richard Rudolf Klein (1962);Angabe in eg_lieder.json;ja;gemeinfrei;Clemens Brentaon (1778–1842, Wikidata Q57235);geschuetzt;Richard Rudolf Klein (1921–2011, Wikidata Q112347);2;;;0;;;;;;nicht ohne Lizenz (Melodie geschützt);;"Keine Noten übernehmen; Rechteinhaber/Verlag anfragen oder verzichten."
510;Freuet euch der schönen Erde;Philipp Spitta (1827);Konrad Kocher , Johann Thommen (1745) , Frieda Fronmüller (1928);Konrad Kocher , Johann Thommen (1745) , Frieda Fronmüller (1928);Angabe in eg_lieder.json;ja;gemeinfrei;Philipp Spitta (1801–1859, Wikidata Q456355);geschuetzt;"Konrad Kocher (1786–1872, Wikidata Q1782165); Johann Thommen (Werkjahr 1745); Frieda Fronmüller (1901–1992, Wikidata Q58022802)";4;Freuet euch der schönen Erde;270148835;0;;;;;;nicht ohne Lizenz (Melodie geschützt);;"Keine Noten übernehmen; Rechteinhaber/Verlag anfragen oder verzichten."
511;Weißt du, wie viel Sternlein stehen;Johann Wilhelm Hey (1837);Volkslied (1818);Volkslied (1818);Angabe in eg_lieder.json;ja;gemeinfrei;Johann Wilhelm Hey (1789–1854, Wikidata Q106910);gemeinfrei;Volkslied (Werkjahr 1818);1;Weißt du, wie viel Sternlein stehen;263820130;1;Wikimedia Commons (MIDI, Peter Gerloff);https://commons.wikimedia.org/wiki/File%3AWei%C3%9Ft_du%2C_wie_viel_Sternlein_stehen.mid;MIDI;"mehrstimmiger Satz; Melodie in der Oberstimme";CC0;frei integrierbar;"laut Dateibeschreibung zum EG-Lied; Fassung am Gesangbuch gegenlesen";Melodie aus der MIDI-Oberstimme als ABC setzen, an EG-Fassung gegenlesen.
512;Herr, die Erde ist gesegnet;Heinrich Puchta (1843);O Durchbrecher aller Bande;Halle (1704);Verweis auf EG 388;ja;gemeinfrei;Heinrich Puchta (1808–1858, Wikidata Q1598511);gemeinfrei;Halle (Werkjahr 1704);1;;;0;Wikimedia Commons (MIDI, Peter Gerloff);https://commons.wikimedia.org/wiki/File%3AO_Durchbrecher_aller_Bande.mid;MIDI;"mehrstimmiger Satz; Melodie in der Oberstimme";CC0;frei integrierbar;"gleiche Melodie laut Melodieverweis; Textverteilung prüfen";Melodie aus der MIDI-Oberstimme als ABC setzen, an EG-Fassung gegenlesen.
513;Das Feld ist weiß;Bernhard Rostock (1738) , Wilhelm Gortzitza (1858);Königsberg (1885);Königsberg (1885);Angabe in eg_lieder.json;ja;ungeklaert;"Bernhard Rostock (Werkjahr 1738); Wilhelm Gortzitza (1858, Urheber nicht ermittelt)";ungeklaert;Königsberg (1885, Urheber nicht ermittelt);5;;;0;Wikimedia Commons (MIDI, Peter Gerloff);https://commons.wikimedia.org/wiki/File%3ADas_Feld_ist_wei%C3%9F.mid;MIDI;"mehrstimmiger Satz; Melodie in der Oberstimme";CC0;ungeklärt;"laut Dateibeschreibung zum EG-Lied; Fassung am Gesangbuch gegenlesen";Urheber und Sterbejahr der Melodie klären, erst dann Quelle prüfen.
514;Gottes Geschöpfe, kommt zuhauf;Karl Budde (1929);Köln (1623);Köln (1623);Angabe in eg_lieder.json;ja;gemeinfrei;Karl Budde (1850–1935, Wikidata Q88003);gemeinfrei;Köln (Werkjahr 1623);1;;;0;Wikimedia Commons (MIDI, Peter Gerloff);https://commons.wikimedia.org/wiki/File%3ALasst_uns_erfreuen_herzlich_sehr.mid;MIDI;"mehrstimmiger Satz; Melodie in der Oberstimme";CC0;frei integrierbar;"laut Dateibeschreibung zum EG-Lied; Fassung am Gesangbuch gegenlesen";Melodie aus der MIDI-Oberstimme als ABC setzen, an EG-Fassung gegenlesen.
515;Laudato si, o mi Signore (Sei gepriesen, du hast die Welt erschaffen);Winfried Pilz (1974);Italien;Italien;Angabe in eg_lieder.json;ja;geschuetzt;Winfried Pilz (1940–2019, Wikidata Q1723416);ungeklaert;Italien (ohne Jahr, Urheber nicht ermittelt);5;Laudato si (Lied);257389328;0;Wikimedia Commons (MIDI, Peter Gerloff);https://commons.wikimedia.org/wiki/File%3ALaudato_si.mid;MIDI;"mehrstimmiger Satz; Melodie in der Oberstimme";Public domain;ungeklärt;"laut Dateibeschreibung zum EG-Lied; Fassung am Gesangbuch gegenlesen";Urheber und Sterbejahr der Melodie klären, erst dann Quelle prüfen.
516;Christus, der ist mein Leben;Jena (1608);Melchior Vulpius (1609);Melchior Vulpius (1609);Angabe in eg_lieder.json;ja;gemeinfrei;Jena (Werkjahr 1608);gemeinfrei;Melchior Vulpius (1570–1615, Wikidata Q702277);1;Christus, der ist mein Leben;262229464;0;Wikimedia Commons (MIDI, Peter Gerloff);https://commons.wikimedia.org/wiki/File%3AChristus%2C_der_ist_mein_Leben.mid;MIDI;"mehrstimmiger Satz; Melodie in der Oberstimme";CC BY-SA 3.0;unter Bedingungen nutzbar (Namensnennung, ggf. Weitergabe unter gleichen Bedingungen);"laut Dateibeschreibung zum EG-Lied; Fassung am Gesangbuch gegenlesen";"Als Vorlage für eigenen Notensatz nutzen; bei Übernahme der Datei Lizenzhinweis führen."
517;Ich wollt, dass ich daheime wär;Heinrich von Laufenberg (1430);Straßburg (1430) , Friedrich Hommel (1864);Straßburg (1430) , Friedrich Hommel (1864);Angabe in eg_lieder.json;ja;gemeinfrei;Heinrich von Laufenberg (1391–1460, Wikidata Q18348968);ungeklaert;"Straßburg (Werkjahr 1430); Friedrich Hommel (Sterbejahr nicht ermittelt)";4;Ich wollt, dass ich daheime wär;242434763;0;Wikimedia Commons (MIDI, Peter Gerloff);https://commons.wikimedia.org/wiki/File%3AIch_wollt%2C_dass_ich_daheime_w%C3%A4r.mid;MIDI;"mehrstimmiger Satz; Melodie in der Oberstimme";CC0;ungeklärt;"laut Dateibeschreibung zum EG-Lied; Fassung am Gesangbuch gegenlesen";Urheber und Sterbejahr der Melodie klären, erst dann Quelle prüfen.
518;Mitten wir im Leben sind;Salzburg (1456) , Martin Luther (1524);Johann Walter (1524);Johann Walter (1524);Angabe in eg_lieder.json;ja;gemeinfrei;"Salzburg (Werkjahr 1456); Martin Luther (1483–1546, Wikidata Q9554)";gemeinfrei;Johann Walter (1496–1570, Wikidata Q702924);1;Media vita in morte sumus;270851749;0;Wikimedia Commons (MIDI, Peter Gerloff);https://commons.wikimedia.org/wiki/File%3AMitten_wir_im_Leben_sind_mit_dem_Tod_umfangen.mid;MIDI;"mehrstimmiger Satz; Melodie in der Oberstimme";CC0;frei integrierbar;"laut Dateibeschreibung zum EG-Lied; Fassung am Gesangbuch gegenlesen";Melodie aus der MIDI-Oberstimme als ABC setzen, an EG-Fassung gegenlesen.
519;Mit Fried und Freud ich fahr dahin;Martin Luther (1524);Dietrich Buxtehude , Martin Luther (1524) , Johann Sebastian Bach (1725);Dietrich Buxtehude , Martin Luther (1524) , Johann Sebastian Bach (1725);Angabe in eg_lieder.json;ja;gemeinfrei;Martin Luther (1483–1546, Wikidata Q9554);gemeinfrei;"Dietrich Buxtehude (1637–1707, Wikidata Q153637); Martin Luther (1483–1546, Wikidata Q9554); Johann Sebastian Bach (1685–1750, Wikidata Q1339)";1;Mit Fried und Freud ich fahr dahin;236026661;0;Wikimedia Commons (MIDI, Peter Gerloff);https://commons.wikimedia.org/wiki/File%3AMit_Fried_und_Freud_ich_fahr_dahin.mid;MIDI;"mehrstimmiger Satz; Melodie in der Oberstimme";CC0;frei integrierbar;"laut Dateibeschreibung zum EG-Lied; Fassung am Gesangbuch gegenlesen";Melodie aus der MIDI-Oberstimme als ABC setzen, an EG-Fassung gegenlesen.
520;Nun legen wir den Leib ins Grab;Michael Weiße (1531) , Martin Luther (1540);Wittenberg (1544);Wittenberg (1544);Angabe in eg_lieder.json;ja;gemeinfrei;"Michael Weiße (1488–1534, Wikidata Q74773); Martin Luther (1483–1546, Wikidata Q9554)";gemeinfrei;Wittenberg (Werkjahr 1544);1;;;0;Wikimedia Commons (MIDI, Peter Gerloff);https://commons.wikimedia.org/wiki/File%3ANun_lasst_uns_den_Leib_begraben_%28Nun_legen_wir_den_Leib_ins_Grab%29.mid;MIDI;"mehrstimmiger Satz; Melodie in der Oberstimme";CC0;frei integrierbar;"laut Dateibeschreibung zum EG-Lied; Fassung am Gesangbuch gegenlesen";Melodie aus der MIDI-Oberstimme als ABC setzen, an EG-Fassung gegenlesen.
521;O Welt, ich muss dich lassen;Nürnberg (1555);Heinrich Isaak (1490);Heinrich Isaak (1490);Angabe in eg_lieder.json;ja;gemeinfrei;Nürnberg (Werkjahr 1555);gemeinfrei;Heinrich Isaak (1450–1517, Wikidata Q316668);1;Innsbruck, ich muss dich lassen;269081773;0;Wikimedia Commons (MIDI, Peter Gerloff);https://commons.wikimedia.org/wiki/File%3AO_Welt%2C_ich_muss_dich_lassen.mid;MIDI;"mehrstimmiger Satz; Melodie in der Oberstimme";CC0;frei integrierbar;"laut Dateibeschreibung zum EG-Lied; Fassung am Gesangbuch gegenlesen";Melodie aus der MIDI-Oberstimme als ABC setzen, an EG-Fassung gegenlesen.
522;Wenn mein Stündlein vorhanden ist;Nikolaus Herman (1560) , Bonn (1575);Frankfurt (1569) , Tübingen (1591);Frankfurt (1569) , Tübingen (1591);Angabe in eg_lieder.json;ja;gemeinfrei;"Nikolaus Herman (1500–1561, Wikidata Q71706); Bonn (Werkjahr 1575)";gemeinfrei;"Frankfurt (Werkjahr 1569); Tübingen (Werkjahr 1591)";1;;;0;Wikimedia Commons (MIDI, Peter Gerloff);https://commons.wikimedia.org/wiki/File%3AWenn_mein_St%C3%BCndlein_vorhanden_ist.mid;MIDI;"mehrstimmiger Satz; Melodie in der Oberstimme";CC0;frei integrierbar;"laut Dateibeschreibung zum EG-Lied; Fassung am Gesangbuch gegenlesen";Melodie aus der MIDI-Oberstimme als ABC setzen, an EG-Fassung gegenlesen.
523;Valet will ich dir geben;Valerius Herberger (1614);Melchior Teschner (1614);Melchior Teschner (1614);Angabe in eg_lieder.json;ja;gemeinfrei;Valerius Herberger (1562–1627, Wikidata Q73571);gemeinfrei;Melchior Teschner (1584–1635, Wikidata Q92388);1;Valet will ich dir geben;255358715;0;Wikimedia Commons (MIDI, Peter Gerloff);https://commons.wikimedia.org/wiki/File%3AValet_will_ich_dir_geben_%28EG%29.mid;MIDI;"mehrstimmiger Satz; Melodie in der Oberstimme";Public domain;frei integrierbar;"laut Dateibeschreibung zum EG-Lied; Fassung am Gesangbuch gegenlesen";Melodie aus der MIDI-Oberstimme als ABC setzen, an EG-Fassung gegenlesen.
524;Freu dich sehr, o meine Seele;Christoph Demantius (1620);Wie nach einer Wasserquelle;Genf (1551);manuell (manual_overrides.json);ja;gemeinfrei;Christoph Demantius (1567–1643, Wikidata Q497554);gemeinfrei;Genf (Werkjahr 1551);1;;;0;Wikimedia Commons (MIDI, Peter Gerloff);https://commons.wikimedia.org/wiki/File%3AFreu_dich_sehr%2C_o_meine_Seele.mid;MIDI;"mehrstimmiger Satz; Melodie in der Oberstimme";CC0;frei integrierbar;"laut Dateibeschreibung zum EG-Lied; Fassung am Gesangbuch gegenlesen";Melodie aus der MIDI-Oberstimme als ABC setzen, an EG-Fassung gegenlesen.
525;Machs mit mir, Gott, nach deiner Güt;Johann Hermann Schein (1628);Bartholomäus Gesius (1605) , Johann Hermann Schein (1628);Bartholomäus Gesius (1605) , Johann Hermann Schein (1628);Angabe in eg_lieder.json;ja;gemeinfrei;Johann Hermann Schein (Werkjahr 1628);gemeinfrei;"Bartholomäus Gesius (1562–1613, Wikidata Q809352); Johann Hermann Schein (Werkjahr 1628)";1;;;0;Wikimedia Commons (MIDI, Peter Gerloff);https://commons.wikimedia.org/wiki/File%3AMir_nach%2C_spricht_Christus%2C_unser_Held_%28EG%29.mid;MIDI;"mehrstimmiger Satz; Melodie in der Oberstimme";CC0;frei integrierbar;"laut Dateibeschreibung zum EG-Lied; Fassung am Gesangbuch gegenlesen";Melodie aus der MIDI-Oberstimme als ABC setzen, an EG-Fassung gegenlesen.
526;Jesus, meine Zuversicht;Otto von Schwerin (1653);Johann Crüger (1653);Johann Crüger (1653);Angabe in eg_lieder.json;ja;gemeinfrei;Otto von Schwerin (Werkjahr 1653);gemeinfrei;Johann Crüger (1598–1662, Wikidata Q158097);1;Jesus, meine Zuversicht;263695927;0;Wikimedia Commons (MIDI, Peter Gerloff);https://commons.wikimedia.org/wiki/File%3AJesus%2C_meine_Zuversicht_%281653%29.mid | https://commons.wikimedia.org/wiki/File%3AJesus%2C_meine_Zuversicht.mid;MIDI;"mehrstimmiger Satz; Melodie in der Oberstimme";CC0;frei integrierbar;"laut Dateibeschreibung zum EG-Lied; Fassung am Gesangbuch gegenlesen";Melodie aus der MIDI-Oberstimme als ABC setzen, an EG-Fassung gegenlesen.
527;Die Herrlichkeit der Erden;Andreas Gryphius (1650);O Welt, ich muss dich lassen;Heinrich Isaak (1490);Verweis auf EG 521;ja;gemeinfrei;Andreas Gryphius (1616–1664, Wikidata Q77214);gemeinfrei;Heinrich Isaak (1450–1517, Wikidata Q316668);1;;;0;Wikimedia Commons (MIDI, Peter Gerloff);https://commons.wikimedia.org/wiki/File%3AO_Welt%2C_ich_muss_dich_lassen.mid;MIDI;"mehrstimmiger Satz; Melodie in der Oberstimme";CC0;frei integrierbar;"gleiche Melodie laut Melodieverweis; Textverteilung prüfen";Melodie aus der MIDI-Oberstimme als ABC setzen, an EG-Fassung gegenlesen.
528;Ach wie flüchtig, ach wie nichtig;Michael Franck (1652);Michael Franck (1652) , Johann Crüger (1661) , Johann Sebastian Bach (1724);Michael Franck (1652) , Johann Crüger (1661) , Johann Sebastian Bach (1724);Angabe in eg_lieder.json;ja;gemeinfrei;Michael Franck (1609–1667, Wikidata Q1927447);gemeinfrei;"Michael Franck (1609–1667, Wikidata Q1927447); Johann Crüger (1598–1662, Wikidata Q158097); Johann Sebastian Bach (1685–1750, Wikidata Q1339)";1;Ach wie flüchtig, ach wie nichtig;269150026;0;Wikimedia Commons (MIDI, Peter Gerloff);https://commons.wikimedia.org/wiki/File%3AAch_wie_fl%C3%BCchtig%2C_ach_wie_nichtig.mid;MIDI;"mehrstimmiger Satz; Melodie in der Oberstimme";CC0;frei integrierbar;"laut Dateibeschreibung zum EG-Lied; Fassung am Gesangbuch gegenlesen";Melodie aus der MIDI-Oberstimme als ABC setzen, an EG-Fassung gegenlesen.
529;Ich bin ein Gast auf Erden;Paul Gerhardt (1666);Herzlich tut mich verlangen;Hans Leo Haßler (1601);manuell (manual_overrides.json);ja;gemeinfrei;Paul Gerhardt (1607–1676, Wikidata Q76331);gemeinfrei;Hans Leo Haßler (1564–1612, Wikidata Q164882);1;;;0;;;;;;Melodie gemeinfrei, Notenquelle fehlt;;Melodie aus gemeinfreiem Gesangbuchdruck (z. B. Zahn) selbst setzen.
530;Wer weiß, wie nahe mir mein Ende;Aemilie Juliane von Schwarzburg-Rudolstadt (1686);Wer nur den lieben Gott lässt walten;Georg Neumark (1641) , Johann Sebastian Bach (1724);Verweis auf EG 369;ja;gemeinfrei;Aemilie Juliane von Schwarzburg-Rudolstadt (Werkjahr 1686);gemeinfrei;"Georg Neumark (1621–1681, Wikidata Q65783); Johann Sebastian Bach (1685–1750, Wikidata Q1339)";1;Wer weiß, wie nahe mir mein Ende;270276772;0;Wikimedia Commons (MIDI, Peter Gerloff);https://commons.wikimedia.org/wiki/File%3AWer_nur_den_lieben_Gott_l%C3%A4sst_walten_%28EG%29.mid;MIDI;"mehrstimmiger Satz; Melodie in der Oberstimme";CC0;frei integrierbar;"gleiche Melodie laut Melodieverweis; Textverteilung prüfen";Melodie aus der MIDI-Oberstimme als ABC setzen, an EG-Fassung gegenlesen.
531;Noch kann ich es nicht fassen;Berta Bethge , Siebenbürgen (1898);O Haupt voll Blut und Wunden;Hans Leo Haßler (1601) , Görlitz (1613);Verweis auf EG 85;ja;ungeklaert;"Berta Bethge (1829–1905, Wikidata Q827533); Siebenbürgen (1898, Urheber nicht ermittelt)";gemeinfrei;"Hans Leo Haßler (1564–1612, Wikidata Q164882); Görlitz (Werkjahr 1613)";3;;;0;Wikimedia Commons (MIDI, Peter Gerloff);https://commons.wikimedia.org/wiki/File%3AO_Haupt_voll_Blut_und_Wunden_%28EG-GL_2013%29.mid;MIDI;"mehrstimmiger Satz; Melodie in der Oberstimme";CC0;frei integrierbar;"gleiche Melodie laut Melodieverweis; Textverteilung prüfen";Melodie aus der MIDI-Oberstimme als ABC setzen, an EG-Fassung gegenlesen.
532;Nun sich das Herz von allem löste;Jochen Klepper (1941);O, dass doch bald dein Feuer brennte;Guillaume Franc (1543) , César Malan (1812);Verweis auf EG 255;ja;gemeinfrei;Jochen Klepper (1903–1942, Wikidata Q76329);gemeinfrei;"Guillaume Franc (1515–1570, Wikidata Q1423270); César Malan (1787–1864, Wikidata Q670768)";1;;;0;Wikimedia Commons (MIDI, Peter Gerloff);https://commons.wikimedia.org/wiki/File%3AO_dass_doch_bald_dein_Feuer_brennte.mid;MIDI;"mehrstimmiger Satz; Melodie in der Oberstimme";CC0;frei integrierbar;"gleiche Melodie laut Melodieverweis; Textverteilung prüfen";Melodie aus der MIDI-Oberstimme als ABC setzen, an EG-Fassung gegenlesen.
533;Du kannst nicht tiefer fallen als nur in Gottes Hand;Arno Pötzsch (1941);Rudolf Zöbeley (1969) , Hans Georg Bertram (1986) , Hans Hauzenberger (1990) , Gerhard Schnitter (2002) , Klaus Heizmann (2005);Rudolf Zöbeley (1969) , Hans Georg Bertram (1986) , Hans Hauzenberger (1990) , Gerhard Schnitter (2002) , Klaus Heizmann (2005);Angabe in eg_lieder.json;nein;geschuetzt;Arno Pötzsch (1900–1956, Wikidata Q694483);geschuetzt;"Rudolf Zöbeley (1901–1991, Wikidata Q2174194); Hans Georg Bertram (1936–2013, Wikidata Q1579704); Hans Hauzenberger (Werkjahr 1990); Gerhard Schnitter (1939–, Wikidata Q1427836); Klaus Heizmann (1944–, Wikidata Q1250467)";6;;;0;;;;;;nicht ohne Lizenz (Melodie geschützt);;"Keine Noten übernehmen; Rechteinhaber/Verlag anfragen oder verzichten."
534;Herr, lehre uns, dass wir sterben müssen;Lothar Petzold (1973);Rolf Kroedel (1973) , Gerhard Schnitter (2001);Rolf Kroedel (1973) , Gerhard Schnitter (2001);Angabe in eg_lieder.json;nein;geschuetzt;Lothar Petzold (Werkjahr 1973);geschuetzt;"Rolf Kroedel (Werkjahr 1973); Gerhard Schnitter (1939–, Wikidata Q1427836)";6;;;0;;;;;;nicht ohne Lizenz (Melodie geschützt);;"Keine Noten übernehmen; Rechteinhaber/Verlag anfragen oder verzichten."
535;Gloria sei dir gesungen;Philipp Nicolai (1597);Johann Sebastian Bach (1731);Johann Sebastian Bach (1731);Angabe in eg_lieder.json;ja;gemeinfrei;Philipp Nicolai (1556–1608, Wikidata Q706203);gemeinfrei;Johann Sebastian Bach (1685–1750, Wikidata Q1339);1;Wachet auf, ruft uns die Stimme;260954506;1;Wikimedia Commons (MIDI, Peter Gerloff);https://commons.wikimedia.org/wiki/File%3AWachet_auf%2C_ruft_uns_die_Stimme.mid;MIDI;"mehrstimmiger Satz; Melodie in der Oberstimme";CC0;frei integrierbar;nicht geprüft;Melodie aus der MIDI-Oberstimme als ABC setzen, an EG-Fassung gegenlesen.
